{
 "parent": "item/handheld",
 "textures": {
  "layer0": "item/carrot_on_a_stick"
 },

 "overrides": [
  { "predicate": {"custom_model_data": 1012000}, "model": "expansion:vehicles/rocket"},
  { "predicate": {"custom_model_data": 1012001}, "model": "expansion:vehicles/moon_buggy"},
  { "predicate": {"custom_model_data": 1012002}, "model": "expansion:vehicles/spaceship1"},
  { "predicate": {"custom_model_data": 1012003}, "model": "expansion:vehicles/spaceship1_landed"},

  { "predicate": {"custom_model_data": 1012100}, "model": "expansion:armor/space_jetpack"},

  { "predicate": {"custom_model_data": 1012200}, "model": "expansion:tools/jetpack_controller"},
  { "predicate": {"custom_model_data": 1012201}, "model": "expansion:tools/rocket_wrench"},
  { "predicate": {"custom_model_data": 1012202}, "model": "expansion:tools/ice_dispenser"},

  { "predicate": {"custom_model_data": 1012300}, "model": "expansion:blocks/workbench"},
  { "predicate": {"custom_model_data": 1012301}, "model": "expansion:blocks/terraformer"},
  { "predicate": {"custom_model_data": 1012302}, "model": "expansion:blocks/lacrymae_extractor"},
  { "predicate": {"custom_model_data": 1012303}, "model": "expansion:blocks/planetarium"}
 ]
}