{
 "parent": "block/jigsaw",
 "overrides": [
  { "predicate": {"custom_model_data": 123456}, "model": "expansion:items/processing_unit"},
  { "predicate": {"custom_model_data": 123457}, "model": "expansion:items/buggy_wheel"},
  { "predicate": {"custom_model_data": 123458}, "model": "expansion:items/oxygen_tank"},
  { "predicate": {"custom_model_data": 123459}, "model": "expansion:items/steel_ingot"},
  { "predicate": {"custom_model_data": 123460}, "model": "expansion:items/steel_plate"},
  { "predicate": {"custom_model_data": 123461}, "model": "expansion:items/ancient_engine"},
  { "predicate": {"custom_model_data": 123462}, "model": "expansion:items/cooling_coil"},
  { "predicate": {"custom_model_data": 123463}, "model": "expansion:items/spaceship_thruster"},
  { "predicate": {"custom_model_data": 123464}, "model": "expansion:items/spaceship_cockpit"},
  { "predicate": {"custom_model_data": 123465}, "model": "expansion:items/spaceship_engines"},
  { "predicate": {"custom_model_data": 123466}, "model": "expansion:items/spaceship_right_wing"},
  { "predicate": {"custom_model_data": 123467}, "model": "expansion:items/spaceship_left_wing"},
  { "predicate": {"custom_model_data": 123468}, "model": "expansion:items/rocket_top"},
  { "predicate": {"custom_model_data": 123469}, "model": "expansion:items/rocket_cockpit"},
  { "predicate": {"custom_model_data": 123470}, "model": "expansion:items/rocket_bottom"}
 ]

 
}