{
	"credit": "Made with Blockbench",
	"texture_size": [128, 128],
	"textures": {
		"0": "expansion:vehicles/buggy/moon_buggy",
		"particle": "expansion:vehicles/buggy/moon_buggy"
	},
	"elements": [
		{
			"from": [0, 0, -8],
			"to": [16, 1, 24],
			"rotation": {"angle": 0, "axis": "y", "origin": [15, 8, 15]},
			"faces": {
				"north": {"uv": [0, 15.875, 2, 16], "texture": "#0"},
				"east": {"uv": [0.125, 15.875, 4.125, 16], "texture": "#0"},
				"south": {"uv": [0, 15.875, 2, 16], "texture": "#0"},
				"west": {"uv": [0, 15.875, 4, 16], "texture": "#0"},
				"up": {"uv": [0, 12, 2, 16], "texture": "#0"},
				"down": {"uv": [0, 12, 2, 16], "texture": "#0"}
			}
		},
		{
			"from": [16, 0, -5],
			"to": [20, 1, -4],
			"rotation": {"angle": 0, "axis": "y", "origin": [27, 8, 3]},
			"faces": {
				"north": {"uv": [0, 0, 0.25, 0], "texture": "#0"},
				"east": {"uv": [0, 0, 0.125, 0.125], "texture": "#0"},
				"south": {"uv": [0, 0, 0, 0], "texture": "#0"},
				"west": {"uv": [0, 0, 0.125, 0.125], "texture": "#0"},
				"up": {"uv": [0, 0, 0, 0.125], "texture": "#0"},
				"down": {"uv": [0, 0, 0, 0.125], "texture": "#0"}
			}
		},
		{
			"from": [16, 0, 20],
			"to": [20, 1, 21],
			"rotation": {"angle": 0, "axis": "y", "origin": [27, 8, 28]},
			"faces": {
				"north": {"uv": [0, 0, 0.25, 0], "texture": "#0"},
				"east": {"uv": [0, 0, 0.125, 0.125], "texture": "#0"},
				"south": {"uv": [0, 0, 0, 0], "texture": "#0"},
				"west": {"uv": [0, 0, 0.125, 0.125], "texture": "#0"},
				"up": {"uv": [0, 0, 0, 0.125], "texture": "#0"},
				"down": {"uv": [0, 0, 0, 0.125], "texture": "#0"}
			}
		},
		{
			"from": [-4, 0, -5],
			"to": [0, 1, -4],
			"rotation": {"angle": 0, "axis": "y", "origin": [7, 8, 3]},
			"faces": {
				"north": {"uv": [0, 0, 0.25, 0], "texture": "#0"},
				"east": {"uv": [0, 0, 0.125, 0.125], "texture": "#0"},
				"south": {"uv": [0, 0, 0, 0], "texture": "#0"},
				"west": {"uv": [0, 0, 0.125, 0.125], "texture": "#0"},
				"up": {"uv": [0, 0, 0, 0.125], "texture": "#0"},
				"down": {"uv": [0, 0, 0, 0.125], "texture": "#0"}
			}
		},
		{
			"from": [-4, 0, 20],
			"to": [0, 1, 21],
			"rotation": {"angle": 0, "axis": "y", "origin": [7, 8, 28]},
			"faces": {
				"north": {"uv": [0, 0, 0.25, 0], "texture": "#0"},
				"east": {"uv": [0, 0, 0.125, 0.125], "texture": "#0"},
				"south": {"uv": [0, 0, 0, 0], "texture": "#0"},
				"west": {"uv": [0, 0, 0.125, 0.125], "texture": "#0"},
				"up": {"uv": [0, 0, 0, 0.125], "texture": "#0"},
				"down": {"uv": [0, 0, 0, 0.125], "texture": "#0"}
			}
		},
		{
			"from": [17.5, -1.5, -9.25],
			"to": [19.5, 2.5, -0.25],
			"rotation": {"angle": 0, "axis": "y", "origin": [25.5, 8, 3.75]},
			"faces": {
				"north": {"uv": [0, 0, 0.25, 0.5], "texture": "#0"},
				"east": {"uv": [0, 0.25, 1.125, 0.75], "texture": "#0"},
				"south": {"uv": [0, 0, 0.25, 0.5], "texture": "#0"},
				"west": {"uv": [0, 0.25, 1.125, 0.75], "texture": "#0"},
				"up": {"uv": [15.625, 0, 16, 0.25], "texture": "#0"},
				"down": {"uv": [0, 0, 0.25, 1.125], "texture": "#0"}
			}
		},
		{
			"from": [17.5, -4, -6.75],
			"to": [19.5, 5, -2.75],
			"rotation": {"angle": -45, "axis": "x", "origin": [18, 0.5, -4.75]},
			"faces": {
				"north": {"uv": [0, 0, 0.25, 1.125], "rotation": 180, "texture": "#0"},
				"east": {"uv": [0, 0.25, 1.125, 0.75], "rotation": 270, "texture": "#0"},
				"south": {"uv": [0, 0, 0.25, 1.125], "texture": "#0"},
				"west": {"uv": [0, 0.25, 1.125, 0.75], "rotation": 90, "texture": "#0"},
				"up": {"uv": [15.625, 0, 16, 0.25], "rotation": 180, "texture": "#0"},
				"down": {"uv": [0, 0, 0.25, 0.5], "texture": "#0"}
			}
		},
		{
			"from": [17.5, -4, -6.75],
			"to": [19.5, 5, -2.75],
			"rotation": {"angle": 0, "axis": "x", "origin": [18, 0.5, -4.75]},
			"faces": {
				"north": {"uv": [0, 0, 0.25, 1.125], "rotation": 180, "texture": "#0"},
				"east": {"uv": [0, 0.25, 1.125, 0.75], "rotation": 270, "texture": "#0"},
				"south": {"uv": [0, 0, 0.25, 1.125], "texture": "#0"},
				"west": {"uv": [0, 0.25, 1.125, 0.75], "rotation": 90, "texture": "#0"},
				"up": {"uv": [15.625, 0, 16, 0.25], "rotation": 180, "texture": "#0"},
				"down": {"uv": [0, 0, 0.25, 0.5], "texture": "#0"}
			}
		},
		{
			"from": [17.5, -4, -6.75],
			"to": [19.5, 5, -2.75],
			"rotation": {"angle": 45, "axis": "x", "origin": [18, 0.5, -4.75]},
			"faces": {
				"north": {"uv": [0, 0, 0.25, 1.125], "rotation": 180, "texture": "#0"},
				"east": {"uv": [0, 0.25, 1.125, 0.75], "rotation": 270, "texture": "#0"},
				"south": {"uv": [0, 0, 0.25, 1.125], "texture": "#0"},
				"west": {"uv": [0, 0.25, 1.125, 0.75], "rotation": 90, "texture": "#0"},
				"up": {"uv": [15.625, 0, 16, 0.25], "rotation": 180, "texture": "#0"},
				"down": {"uv": [0, 0, 0.25, 0.5], "texture": "#0"}
			}
		},
		{
			"from": [17, 4.5, -5.75],
			"to": [20, 5.5, -3.75],
			"rotation": {"angle": 0, "axis": "y", "origin": [25, 12.5, 2.25]},
			"faces": {
				"north": {"uv": [0, 0, 0.375, 0.125], "texture": "#0"},
				"east": {"uv": [0, 0, 0.25, 0.125], "texture": "#0"},
				"south": {"uv": [0, 0, 0.375, 0.125], "texture": "#0"},
				"west": {"uv": [0, 0, 0.25, 0.125], "texture": "#0"},
				"up": {"uv": [0, 0, 0.375, 0.25], "texture": "#0"},
				"down": {"uv": [0, 0, 0.375, 0.25], "texture": "#0"}
			}
		},
		{
			"from": [17, 4.15538, -4.01746],
			"to": [20, 5.15538, -2.01746],
			"rotation": {"angle": 22.5, "axis": "x", "origin": [17.5, 4.65538, -3.01746]},
			"faces": {
				"north": {"uv": [0, 0, 0.375, 0.125], "texture": "#0"},
				"east": {"uv": [0, 0, 0.25, 0.125], "texture": "#0"},
				"south": {"uv": [0, 0, 0.375, 0.125], "texture": "#0"},
				"west": {"uv": [0, 0, 0.25, 0.125], "texture": "#0"},
				"up": {"uv": [0, 0, 0.375, 0.25], "texture": "#0"},
				"down": {"uv": [0, 0, 0.375, 0.25], "texture": "#0"}
			}
		},
		{
			"from": [17, 2.80585, -1.38567],
			"to": [20, 4.80585, -0.38567],
			"rotation": {"angle": -45, "axis": "x", "origin": [17.5, 2.93959, -1.05799]},
			"faces": {
				"north": {"uv": [0, 0, 0.375, 0.25], "rotation": 180, "texture": "#0"},
				"east": {"uv": [0, 0, 0.25, 0.125], "rotation": 270, "texture": "#0"},
				"south": {"uv": [0, 0, 0.375, 0.25], "texture": "#0"},
				"west": {"uv": [0, 0, 0.25, 0.125], "rotation": 90, "texture": "#0"},
				"up": {"uv": [15.625, 0, 16, 0.25], "rotation": 180, "texture": "#0"},
				"down": {"uv": [0, 0, 0.375, 0.125], "texture": "#0"}
			}
		},
		{
			"from": [17, 1.07332, -1.38567],
			"to": [20, 3.07332, -0.38567],
			"rotation": {"angle": -22.5, "axis": "x", "origin": [17.5, 2.93959, -1.05799]},
			"faces": {
				"north": {"uv": [0, 0, 0.375, 0.25], "rotation": 180, "texture": "#0"},
				"east": {"uv": [0, 0, 0.25, 0.125], "rotation": 270, "texture": "#0"},
				"south": {"uv": [0, 0, 0.375, 0.25], "texture": "#0"},
				"west": {"uv": [0, 0, 0.25, 0.125], "rotation": 90, "texture": "#0"},
				"up": {"uv": [15.625, 0, 16, 0.25], "rotation": 180, "texture": "#0"},
				"down": {"uv": [0, 0, 0.375, 0.125], "texture": "#0"}
			}
		},
		{
			"from": [17, -3.42284, -4.61817],
			"to": [20, -2.42284, -2.61817],
			"rotation": {"angle": -22.5, "axis": "x", "origin": [17.5, -1.80648, -1.33902]},
			"faces": {
				"north": {"uv": [0, 0, 0.375, 0.125], "rotation": 180, "texture": "#0"},
				"east": {"uv": [0, 0, 0.25, 0.125], "rotation": 180, "texture": "#0"},
				"south": {"uv": [0, 0, 0.375, 0.125], "rotation": 180, "texture": "#0"},
				"west": {"uv": [0, 0, 0.25, 0.125], "rotation": 180, "texture": "#0"},
				"up": {"uv": [0, 0, 0.375, 0.25], "texture": "#0"},
				"down": {"uv": [0, 0, 0.375, 0.25], "texture": "#0"}
			}
		},
		{
			"from": [17, -0.52734, -0.72266],
			"to": [20, 1.47266, 0.27734],
			"rotation": {"angle": 0, "axis": "x", "origin": [17.5, -1.80648, -1.33902]},
			"faces": {
				"north": {"uv": [0, 0, 0.375, 0.25], "rotation": 180, "texture": "#0"},
				"east": {"uv": [0, 0, 0.25, 0.125], "rotation": 270, "texture": "#0"},
				"south": {"uv": [0, 0, 0.375, 0.25], "texture": "#0"},
				"west": {"uv": [0, 0, 0.25, 0.125], "rotation": 90, "texture": "#0"},
				"up": {"uv": [15.625, 0, 16, 0.25], "rotation": 180, "texture": "#0"},
				"down": {"uv": [0, 0, 0.375, 0.125], "texture": "#0"}
			}
		},
		{
			"from": [17, -3.60681, -1.33521],
			"to": [20, -1.60681, -0.33521],
			"rotation": {"angle": 45, "axis": "x", "origin": [17.5, -1.80648, -1.33902]},
			"faces": {
				"north": {"uv": [0, 0, 0.375, 0.25], "rotation": 180, "texture": "#0"},
				"east": {"uv": [0, 0, 0.25, 0.125], "rotation": 270, "texture": "#0"},
				"south": {"uv": [0, 0, 0.375, 0.25], "texture": "#0"},
				"west": {"uv": [0, 0, 0.25, 0.125], "rotation": 90, "texture": "#0"},
				"up": {"uv": [15.625, 0, 16, 0.25], "rotation": 180, "texture": "#0"},
				"down": {"uv": [0, 0, 0.375, 0.125], "texture": "#0"}
			}
		},
		{
			"from": [17, -2.00615, -1.33521],
			"to": [20, -0.00615, -0.33521],
			"rotation": {"angle": 22.5, "axis": "x", "origin": [17.5, -1.80648, -1.33902]},
			"faces": {
				"north": {"uv": [0, 0, 0.375, 0.25], "rotation": 180, "texture": "#0"},
				"east": {"uv": [0, 0, 0.25, 0.125], "rotation": 270, "texture": "#0"},
				"south": {"uv": [0, 0, 0.375, 0.25], "texture": "#0"},
				"west": {"uv": [0, 0, 0.25, 0.125], "rotation": 90, "texture": "#0"},
				"up": {"uv": [15.625, 0, 16, 0.25], "rotation": 180, "texture": "#0"},
				"down": {"uv": [0, 0, 0.375, 0.125], "texture": "#0"}
			}
		},
		{
			"from": [17, 3.36817, -5.75],
			"to": [20, 4.36817, -3.75],
			"rotation": {"angle": -22.5, "axis": "x", "origin": [17.5, -0.09326, -7.59506]},
			"faces": {
				"north": {"uv": [0, 0, 0.375, 0.125], "texture": "#0"},
				"east": {"uv": [0, 0, 0.25, 0.125], "texture": "#0"},
				"south": {"uv": [0, 0, 0.375, 0.125], "texture": "#0"},
				"west": {"uv": [0, 0, 0.25, 0.125], "texture": "#0"},
				"up": {"uv": [0, 0, 0.375, 0.25], "texture": "#0"},
				"down": {"uv": [0, 0, 0.375, 0.25], "texture": "#0"}
			}
		},
		{
			"from": [17, -0.52734, -9.77734],
			"to": [20, 1.47266, -8.77734],
			"rotation": {"angle": 0, "axis": "x", "origin": [17.5, -0.09326, -7.59506]},
			"faces": {
				"north": {"uv": [0, 0, 0.375, 0.25], "rotation": 180, "texture": "#0"},
				"east": {"uv": [0, 0, 0.25, 0.125], "rotation": 90, "texture": "#0"},
				"south": {"uv": [0, 0, 0.375, 0.25], "texture": "#0"},
				"west": {"uv": [0, 0, 0.25, 0.125], "rotation": 270, "texture": "#0"},
				"up": {"uv": [15.625, 0, 16, 0.25], "texture": "#0"},
				"down": {"uv": [0, 0, 0.375, 0.125], "rotation": 180, "texture": "#0"}
			}
		},
		{
			"from": [17, -2.70485, -10.21047],
			"to": [20, -0.70485, -9.21047],
			"rotation": {"angle": -45, "axis": "x", "origin": [17.5, -0.09326, -7.59506]},
			"faces": {
				"north": {"uv": [0, 0, 0.375, 0.25], "rotation": 180, "texture": "#0"},
				"east": {"uv": [0, 0, 0.25, 0.125], "rotation": 90, "texture": "#0"},
				"south": {"uv": [0, 0, 0.375, 0.25], "texture": "#0"},
				"west": {"uv": [0, 0, 0.25, 0.125], "rotation": 270, "texture": "#0"},
				"up": {"uv": [15.625, 0, 16, 0.25], "texture": "#0"},
				"down": {"uv": [0, 0, 0.375, 0.125], "rotation": 180, "texture": "#0"}
			}
		},
		{
			"from": [17, 2.32249, -6.18313],
			"to": [20, 3.32249, -4.18313],
			"rotation": {"angle": -45, "axis": "x", "origin": [17.5, -0.09326, -7.59506]},
			"faces": {
				"north": {"uv": [0, 0, 0.375, 0.125], "texture": "#0"},
				"east": {"uv": [0, 0, 0.25, 0.125], "texture": "#0"},
				"south": {"uv": [0, 0, 0.375, 0.125], "texture": "#0"},
				"west": {"uv": [0, 0, 0.25, 0.125], "texture": "#0"},
				"up": {"uv": [0, 0, 0.375, 0.25], "texture": "#0"},
				"down": {"uv": [0, 0, 0.375, 0.25], "texture": "#0"}
			}
		},
		{
			"from": [17, -3.509, -6.18313],
			"to": [20, -2.509, -4.18313],
			"rotation": {"angle": 22.5, "axis": "x", "origin": [17.5, -0.09326, -7.59506]},
			"faces": {
				"north": {"uv": [0, 0, 0.375, 0.125], "rotation": 180, "texture": "#0"},
				"east": {"uv": [0, 0, 0.25, 0.125], "rotation": 180, "texture": "#0"},
				"south": {"uv": [0, 0, 0.375, 0.125], "rotation": 180, "texture": "#0"},
				"west": {"uv": [0, 0, 0.25, 0.125], "rotation": 180, "texture": "#0"},
				"up": {"uv": [0, 0, 0.375, 0.25], "texture": "#0"},
				"down": {"uv": [0, 0, 0.375, 0.25], "texture": "#0"}
			}
		},
		{
			"from": [17, 0.51834, -10.21047],
			"to": [20, 2.51834, -9.21047],
			"rotation": {"angle": 22.5, "axis": "x", "origin": [17.5, -0.09326, -7.59506]},
			"faces": {
				"north": {"uv": [0, 0, 0.375, 0.25], "rotation": 180, "texture": "#0"},
				"east": {"uv": [0, 0, 0.25, 0.125], "rotation": 90, "texture": "#0"},
				"south": {"uv": [0, 0, 0.375, 0.25], "texture": "#0"},
				"west": {"uv": [0, 0, 0.25, 0.125], "rotation": 270, "texture": "#0"},
				"up": {"uv": [15.625, 0, 16, 0.25], "texture": "#0"},
				"down": {"uv": [0, 0, 0.375, 0.125], "rotation": 180, "texture": "#0"}
			}
		},
		{
			"from": [17, -1.65917, -9.77734],
			"to": [20, 0.34083, -8.77734],
			"rotation": {"angle": -22.5, "axis": "x", "origin": [17.5, -0.09326, -7.59506]},
			"faces": {
				"north": {"uv": [0, 0, 0.375, 0.25], "rotation": 180, "texture": "#0"},
				"east": {"uv": [0, 0, 0.25, 0.125], "rotation": 90, "texture": "#0"},
				"south": {"uv": [0, 0, 0.375, 0.25], "texture": "#0"},
				"west": {"uv": [0, 0, 0.25, 0.125], "rotation": 270, "texture": "#0"},
				"up": {"uv": [15.625, 0, 16, 0.25], "texture": "#0"},
				"down": {"uv": [0, 0, 0.375, 0.125], "rotation": 180, "texture": "#0"}
			}
		},
		{
			"from": [17, -4.55468, -5.75],
			"to": [20, -3.55468, -3.75],
			"rotation": {"angle": 0, "axis": "x", "origin": [17.5, -0.09326, -7.59506]},
			"faces": {
				"north": {"uv": [0, 0, 0.375, 0.125], "rotation": 180, "texture": "#0"},
				"east": {"uv": [0, 0, 0.25, 0.125], "rotation": 180, "texture": "#0"},
				"south": {"uv": [0, 0, 0.375, 0.125], "rotation": 180, "texture": "#0"},
				"west": {"uv": [0, 0, 0.25, 0.125], "rotation": 180, "texture": "#0"},
				"up": {"uv": [0, 0, 0.375, 0.25], "texture": "#0"},
				"down": {"uv": [0, 0, 0.375, 0.25], "texture": "#0"}
			}
		},
		{
			"from": [16.75, -1.40087, 0.53259],
			"to": [20.25, 1.59913, 0.78259],
			"rotation": {"angle": 0, "axis": "y", "origin": [26, 7.09913, 8.53259]},
			"faces": {
				"north": {"uv": [0, 1, 0.4375, 1.03125], "texture": "#0"},
				"east": {"uv": [0, 0.875, 0.03125, 1.25], "texture": "#0"},
				"south": {"uv": [0, 0.75, 0.4375, 1.125], "texture": "#0"},
				"west": {"uv": [0, 0.875, 0.03125, 1.25], "texture": "#0"},
				"up": {"uv": [0, 1, 0.4375, 1.03125], "texture": "#0"},
				"down": {"uv": [0, 1.125, 0.4375, 1.15625], "texture": "#0"}
			}
		},
		{
			"from": [-4.25, -1.40087, 0.53259],
			"to": [-0.75, 1.59913, 0.78259],
			"rotation": {"angle": 0, "axis": "y", "origin": [5, 7.09913, 8.53259]},
			"faces": {
				"north": {"uv": [0, 1, 0.4375, 1.03125], "texture": "#0"},
				"east": {"uv": [0, 0.875, 0.03125, 1.25], "texture": "#0"},
				"south": {"uv": [0, 0.75, 0.4375, 1.125], "texture": "#0"},
				"west": {"uv": [0, 0.875, 0.03125, 1.25], "texture": "#0"},
				"up": {"uv": [0, 1, 0.4375, 1.03125], "texture": "#0"},
				"down": {"uv": [0, 1.125, 0.4375, 1.15625], "texture": "#0"}
			}
		},
		{
			"from": [16.75, 1.45614, 0.06375],
			"to": [20.25, 3.70614, 0.31375],
			"rotation": {"angle": -22.5, "axis": "x", "origin": [18.5, 2.70614, 0.18875]},
			"faces": {
				"north": {"uv": [0, 1, 0.4375, 1.03125], "texture": "#0"},
				"east": {"uv": [0, 0.875, 0.03125, 1.25], "texture": "#0"},
				"south": {"uv": [0, 0.75, 0.4375, 1.125], "texture": "#0"},
				"west": {"uv": [0, 0.875, 0.03125, 1.25], "texture": "#0"},
				"up": {"uv": [0, 1, 0.4375, 1.03125], "texture": "#0"},
				"down": {"uv": [0.5, 0, 0.9375, 0.03125], "texture": "#0"}
			}
		},
		{
			"from": [-4.25, 1.45614, 0.06375],
			"to": [-0.75, 3.70614, 0.31375],
			"rotation": {"angle": -22.5, "axis": "x", "origin": [-2.5, 2.70614, 0.18875]},
			"faces": {
				"north": {"uv": [0, 1, 0.4375, 1.03125], "texture": "#0"},
				"east": {"uv": [0, 0.875, 0.03125, 1.25], "texture": "#0"},
				"south": {"uv": [0, 0.75, 0.4375, 1.125], "texture": "#0"},
				"west": {"uv": [0, 0.875, 0.03125, 1.25], "texture": "#0"},
				"up": {"uv": [0, 1, 0.4375, 1.03125], "texture": "#0"},
				"down": {"uv": [0.5, 0, 0.9375, 0.03125], "texture": "#0"}
			}
		},
		{
			"from": [16.75, 3.22335, -1.17572],
			"to": [20.25, 5.47335, -0.92572],
			"rotation": {"angle": -45, "axis": "x", "origin": [18.5, 4.47335, -1.05072]},
			"faces": {
				"north": {"uv": [0, 1, 0.4375, 1.03125], "texture": "#0"},
				"east": {"uv": [0, 0.875, 0.03125, 1.25], "texture": "#0"},
				"south": {"uv": [0, 0.875, 0.4375, 1.25], "texture": "#0"},
				"west": {"uv": [0, 0.875, 0.03125, 1.25], "texture": "#0"},
				"up": {"uv": [0, 1, 0.4375, 1.03125], "texture": "#0"},
				"down": {"uv": [0.5, 0, 0.9375, 0.03125], "texture": "#0"}
			}
		},
		{
			"from": [-4.25, 3.22335, -1.17572],
			"to": [-0.75, 5.47335, -0.92572],
			"rotation": {"angle": -45, "axis": "x", "origin": [-2.5, 4.47335, -1.05072]},
			"faces": {
				"north": {"uv": [0, 1, 0.4375, 1.03125], "texture": "#0"},
				"east": {"uv": [0, 0.875, 0.03125, 1.25], "texture": "#0"},
				"south": {"uv": [0, 0.875, 0.4375, 1.25], "texture": "#0"},
				"west": {"uv": [0, 0.875, 0.03125, 1.25], "texture": "#0"},
				"up": {"uv": [0, 1, 0.4375, 1.03125], "texture": "#0"},
				"down": {"uv": [0.5, 0, 0.9375, 0.03125], "texture": "#0"}
			}
		},
		{
			"from": [16.75, 5.41105, -3.64115],
			"to": [20.25, 5.66105, -1.64115],
			"rotation": {"angle": 22.5, "axis": "x", "origin": [18.5, 5.53605, -2.64115]},
			"faces": {
				"north": {"uv": [0.5, 0, 0.9375, 0.03125], "rotation": 180, "texture": "#0"},
				"east": {"uv": [0.125, 0.875, 0.15625, 1.25], "rotation": 90, "texture": "#0"},
				"south": {"uv": [0, 0, 0.4375, 0.03125], "texture": "#0"},
				"west": {"uv": [0, 0.875, 0.03125, 1.25], "rotation": 270, "texture": "#0"},
				"up": {"uv": [0, 1, 0.4375, 1.25], "texture": "#0"},
				"down": {"uv": [0, 1, 0.4375, 1.03125], "rotation": 180, "texture": "#0"}
			}
		},
		{
			"from": [-4.25, 5.41105, -3.64115],
			"to": [-0.75, 5.66105, -1.64115],
			"rotation": {"angle": 22.5, "axis": "x", "origin": [-2.5, 5.53605, -2.64115]},
			"faces": {
				"north": {"uv": [0.5, 0, 0.9375, 0.03125], "rotation": 180, "texture": "#0"},
				"east": {"uv": [0.125, 0.875, 0.15625, 1.25], "rotation": 90, "texture": "#0"},
				"south": {"uv": [0, 0, 0.4375, 0.03125], "texture": "#0"},
				"west": {"uv": [0, 0.875, 0.03125, 1.25], "rotation": 270, "texture": "#0"},
				"up": {"uv": [0, 1, 0.4375, 1.25], "texture": "#0"},
				"down": {"uv": [0, 1, 0.4375, 1.03125], "rotation": 180, "texture": "#0"}
			}
		},
		{
			"from": [16.75, 5.78421, -6.5172],
			"to": [20.25, 6.03421, -3.5172],
			"rotation": {"angle": 0, "axis": "x", "origin": [18.5, 5.90921, -4.5172]},
			"faces": {
				"north": {"uv": [0, 0.875, 0.4375, 0.90625], "rotation": 180, "texture": "#0"},
				"east": {"uv": [0, 0.875, 0.03125, 1.25], "rotation": 90, "texture": "#0"},
				"south": {"uv": [0, 0, 0.4375, 0.03125], "texture": "#0"},
				"west": {"uv": [0, 0.875, 0.03125, 1.25], "rotation": 270, "texture": "#0"},
				"up": {"uv": [0, 1, 0.4375, 1.375], "texture": "#0"},
				"down": {"uv": [0, 1, 0.4375, 1.03125], "rotation": 180, "texture": "#0"}
			}
		},
		{
			"from": [-4.25, 5.78421, -6.5172],
			"to": [-0.75, 6.03421, -3.5172],
			"rotation": {"angle": 0, "axis": "x", "origin": [-2.5, 5.90921, -4.5172]},
			"faces": {
				"north": {"uv": [0, 0.875, 0.4375, 0.90625], "rotation": 180, "texture": "#0"},
				"east": {"uv": [0, 0.875, 0.03125, 1.25], "rotation": 90, "texture": "#0"},
				"south": {"uv": [0, 0, 0.4375, 0.03125], "texture": "#0"},
				"west": {"uv": [0, 0.875, 0.03125, 1.25], "rotation": 270, "texture": "#0"},
				"up": {"uv": [0, 1, 0.4375, 1.375], "texture": "#0"},
				"down": {"uv": [0, 1, 0.4375, 1.03125], "rotation": 180, "texture": "#0"}
			}
		},
		{
			"from": [0, 1, 18],
			"to": [16, 10, 23],
			"rotation": {"angle": 0, "axis": "y", "origin": [8, 9, 30]},
			"faces": {
				"north": {"uv": [5.125, 13.75, 7.125, 14.875], "texture": "#0"},
				"east": {"uv": [9.125, 14.875, 9.75, 16], "texture": "#0"},
				"south": {"uv": [5.125, 14.875, 7.125, 16], "texture": "#0"},
				"west": {"uv": [9.125, 14.875, 9.75, 16], "texture": "#0"},
				"up": {"uv": [7.125, 15.375, 9.125, 16], "texture": "#0"},
				"down": {"uv": [0, 13, 2, 13.625], "texture": "#0"}
			}
		},
		{
			"from": [2, 10, 20],
			"to": [3, 12, 21],
			"rotation": {"angle": 0, "axis": "y", "origin": [10, 18, 28]},
			"faces": {
				"north": {"uv": [0.5, 0, 0.625, 0.25], "texture": "#0"},
				"east": {"uv": [0.5, 0, 0.625, 0.25], "texture": "#0"},
				"south": {"uv": [0.5, 0, 0.625, 0.25], "texture": "#0"},
				"west": {"uv": [0.5, 0, 0.625, 0.25], "texture": "#0"},
				"up": {"uv": [0.5, 0, 0.625, 0.125], "texture": "#0"},
				"down": {"uv": [0, 0, 0.125, 0.125], "texture": "#0"}
			}
		},
		{
			"from": [16, 1, 19],
			"to": [16.25, 8, 22],
			"rotation": {"angle": 0, "axis": "y", "origin": [23.25, 15, 28]},
			"faces": {
				"north": {"uv": [0, 12.75, 0.03125, 13.75], "texture": "#0"},
				"east": {"uv": [0, 12.75, 0.375, 13.75], "texture": "#0"},
				"south": {"uv": [0, 13.125, 0.03125, 14.125], "texture": "#0"},
				"west": {"uv": [0, 0, 0.375, 1], "texture": "#0"},
				"up": {"uv": [0, 13.75, 0.03125, 14.125], "texture": "#0"},
				"down": {"uv": [0, 13, 0.03125, 13.375], "texture": "#0"}
			}
		},
		{
			"from": [-0.25, 1, 19],
			"to": [0, 8, 22],
			"rotation": {"angle": 0, "axis": "y", "origin": [-7.25, 15, 28]},
			"faces": {
				"north": {"uv": [0.03125, 12.75, 0, 13.75], "texture": "#0"},
				"east": {"uv": [0.375, 0, 0, 1], "texture": "#0"},
				"south": {"uv": [0.03125, 13.125, 0, 14.125], "texture": "#0"},
				"west": {"uv": [0.375, 12.75, 0, 13.75], "texture": "#0"},
				"up": {"uv": [0.03125, 13.75, 0, 14.125], "texture": "#0"},
				"down": {"uv": [0.03125, 13, 0, 13.375], "texture": "#0"}
			}
		},
		{
			"from": [10, 2, 23],
			"to": [15, 9, 23.25],
			"rotation": {"angle": 0, "axis": "y", "origin": [18, 15, 31]},
			"faces": {
				"north": {"uv": [0, 0, 0.625, 0.875], "texture": "#0"},
				"east": {"uv": [2.75, 12.25, 2.78125, 13.125], "texture": "#0"},
				"south": {"uv": [2.625, 12.25, 3.25, 13.125], "texture": "#0"},
				"west": {"uv": [2.875, 12.25, 2.90625, 13.125], "texture": "#0"},
				"up": {"uv": [2.625, 12.75, 3.25, 12.78125], "texture": "#0"},
				"down": {"uv": [2.625, 12.5, 3.25, 12.53125], "texture": "#0"}
			}
		},
		{
			"from": [1, 2, 23],
			"to": [6, 9, 23.25],
			"rotation": {"angle": 0, "axis": "y", "origin": [9, 15, 31]},
			"faces": {
				"north": {"uv": [0, 0, 0.625, 0.875], "texture": "#0"},
				"east": {"uv": [2.75, 12.25, 2.78125, 13.125], "texture": "#0"},
				"south": {"uv": [2.625, 12.25, 3.25, 13.125], "texture": "#0"},
				"west": {"uv": [2.875, 12.25, 2.90625, 13.125], "texture": "#0"},
				"up": {"uv": [2.625, 12.75, 3.25, 12.78125], "texture": "#0"},
				"down": {"uv": [2.625, 12.5, 3.25, 12.53125], "texture": "#0"}
			}
		},
		{
			"from": [6.5, 8.75, 23],
			"to": [9.5, 9, 23.25],
			"rotation": {"angle": 0, "axis": "y", "origin": [14, 15, 31]},
			"faces": {
				"north": {"uv": [0, 0, 0.375, 0.03125], "texture": "#0"},
				"east": {"uv": [0, 0, 0.03125, 0.03125], "texture": "#0"},
				"south": {"uv": [0, 13.75, 0.375, 13.78125], "texture": "#0"},
				"west": {"uv": [0, 0, 0.03125, 0.03125], "texture": "#0"},
				"up": {"uv": [0.625, 13.5, 1, 13.53125], "texture": "#0"},
				"down": {"uv": [0, 13, 0.375, 13.03125], "texture": "#0"}
			}
		},
		{
			"from": [6.5, 2, 23],
			"to": [9.5, 2.25, 23.25],
			"rotation": {"angle": 0, "axis": "y", "origin": [14, 8.25, 31]},
			"faces": {
				"north": {"uv": [0, 0, 0.375, 0.03125], "texture": "#0"},
				"east": {"uv": [0, 0, 0.03125, 0.03125], "texture": "#0"},
				"south": {"uv": [0, 13.75, 0.375, 13.78125], "texture": "#0"},
				"west": {"uv": [0, 0, 0.03125, 0.03125], "texture": "#0"},
				"up": {"uv": [0, 13, 0.375, 13.03125], "texture": "#0"},
				"down": {"uv": [0, 13.625, 0.375, 13.65625], "texture": "#0"}
			}
		},
		{
			"from": [6.5, 3, 23],
			"to": [9.5, 3.25, 23.25],
			"rotation": {"angle": 0, "axis": "y", "origin": [14, 9.25, 31]},
			"faces": {
				"north": {"uv": [0, 0, 0.375, 0.03125], "texture": "#0"},
				"east": {"uv": [0, 0, 0.03125, 0.03125], "texture": "#0"},
				"south": {"uv": [0, 13.75, 0.375, 13.78125], "texture": "#0"},
				"west": {"uv": [0, 0, 0.03125, 0.03125], "texture": "#0"},
				"up": {"uv": [0, 13, 0.375, 13.03125], "texture": "#0"},
				"down": {"uv": [0, 13, 0.375, 13.03125], "texture": "#0"}
			}
		},
		{
			"from": [6.5, 4, 23],
			"to": [9.5, 4.25, 23.25],
			"rotation": {"angle": 0, "axis": "y", "origin": [14, 10.25, 31]},
			"faces": {
				"north": {"uv": [0, 0, 0.375, 0.03125], "texture": "#0"},
				"east": {"uv": [0, 0, 0.03125, 0.03125], "texture": "#0"},
				"south": {"uv": [0, 13.75, 0.375, 13.78125], "texture": "#0"},
				"west": {"uv": [0, 0, 0.03125, 0.03125], "texture": "#0"},
				"up": {"uv": [0, 13, 0.375, 13.03125], "texture": "#0"},
				"down": {"uv": [0, 13, 0.375, 13.03125], "texture": "#0"}
			}
		},
		{
			"from": [6.5, 5, 23],
			"to": [9.5, 5.25, 23.25],
			"rotation": {"angle": 0, "axis": "y", "origin": [14, 11.25, 31]},
			"faces": {
				"north": {"uv": [0, 0, 0.375, 0.03125], "texture": "#0"},
				"east": {"uv": [0, 0, 0.03125, 0.03125], "texture": "#0"},
				"south": {"uv": [0, 13.75, 0.375, 13.78125], "texture": "#0"},
				"west": {"uv": [0, 0, 0.03125, 0.03125], "texture": "#0"},
				"up": {"uv": [0, 13, 0.375, 13.03125], "texture": "#0"},
				"down": {"uv": [0, 13, 0.375, 13.03125], "texture": "#0"}
			}
		},
		{
			"from": [6.5, 6, 23],
			"to": [9.5, 6.25, 23.25],
			"rotation": {"angle": 0, "axis": "y", "origin": [14, 12.25, 31]},
			"faces": {
				"north": {"uv": [0, 0, 0.375, 0.03125], "texture": "#0"},
				"east": {"uv": [0, 0, 0.03125, 0.03125], "texture": "#0"},
				"south": {"uv": [0, 13.75, 0.375, 13.78125], "texture": "#0"},
				"west": {"uv": [0, 0, 0.03125, 0.03125], "texture": "#0"},
				"up": {"uv": [0, 13, 0.375, 13.03125], "texture": "#0"},
				"down": {"uv": [0, 13, 0.375, 13.03125], "texture": "#0"}
			}
		},
		{
			"from": [6.5, 7, 23],
			"to": [9.5, 7.25, 23.25],
			"rotation": {"angle": 0, "axis": "y", "origin": [14, 13.25, 31]},
			"faces": {
				"north": {"uv": [0, 0, 0.375, 0.03125], "texture": "#0"},
				"east": {"uv": [0, 0, 0.03125, 0.03125], "texture": "#0"},
				"south": {"uv": [0, 13.75, 0.375, 13.78125], "texture": "#0"},
				"west": {"uv": [0, 0, 0.03125, 0.03125], "texture": "#0"},
				"up": {"uv": [0, 13, 0.375, 13.03125], "texture": "#0"},
				"down": {"uv": [0, 13, 0.375, 13.03125], "texture": "#0"}
			}
		},
		{
			"from": [6.5, 8, 23],
			"to": [9.5, 8.25, 23.25],
			"rotation": {"angle": 0, "axis": "y", "origin": [14, 14.25, 31]},
			"faces": {
				"north": {"uv": [0, 0, 0.375, 0.03125], "texture": "#0"},
				"east": {"uv": [0, 0, 0.03125, 0.03125], "texture": "#0"},
				"south": {"uv": [0, 13.75, 0.375, 13.78125], "texture": "#0"},
				"west": {"uv": [0, 0, 0.03125, 0.03125], "texture": "#0"},
				"up": {"uv": [0, 13, 0.375, 13.03125], "texture": "#0"},
				"down": {"uv": [0, 13, 0.375, 13.03125], "texture": "#0"}
			}
		},
		{
			"from": [6.5, 8, 23],
			"to": [9.5, 8.25, 23.25],
			"rotation": {"angle": 0, "axis": "y", "origin": [14, 14.25, 31]},
			"color": 6,
			"faces": {
				"north": {"uv": [0, 0, 0.375, 0.03125], "texture": "#missing"},
				"east": {"uv": [0, 0, 0.03125, 0.03125], "texture": "#missing"},
				"south": {"uv": [0, 0, 0.375, 0.03125], "texture": "#missing"},
				"west": {"uv": [0, 0, 0.03125, 0.03125], "texture": "#missing"},
				"up": {"uv": [0, 0, 0.375, 0.03125], "texture": "#missing"},
				"down": {"uv": [0, 0, 0.375, 0.03125], "texture": "#missing"}
			}
		},
		{
			"from": [6.25, 2, 23],
			"to": [6.5, 9, 23.25],
			"rotation": {"angle": 0, "axis": "z", "origin": [6.375, 4, 23.125]},
			"faces": {
				"north": {"uv": [0, 0, 0.875, 0.03125], "rotation": 270, "texture": "#0"},
				"east": {"uv": [0, 13.25, 0.875, 13.28125], "rotation": 90, "texture": "#0"},
				"south": {"uv": [0, 13.75, 0.375, 13.78125], "rotation": 90, "texture": "#0"},
				"west": {"uv": [0, 14.125, 0.875, 14.15625], "rotation": 90, "texture": "#0"},
				"up": {"uv": [0, 13.25, 0.03125, 13.28125], "rotation": 90, "texture": "#0"},
				"down": {"uv": [0, 12.75, 0.03125, 12.78125], "rotation": 90, "texture": "#0"}
			}
		},
		{
			"from": [9.5, 2, 23],
			"to": [9.75, 9, 23.25],
			"rotation": {"angle": 0, "axis": "z", "origin": [9.625, 4, 23.125]},
			"faces": {
				"north": {"uv": [0, 0, 0.875, 0.03125], "rotation": 270, "texture": "#0"},
				"east": {"uv": [0, 14.25, 0.875, 14.28125], "rotation": 90, "texture": "#0"},
				"south": {"uv": [0, 13.75, 0.375, 13.78125], "rotation": 90, "texture": "#0"},
				"west": {"uv": [0, 13.75, 0.875, 13.78125], "rotation": 90, "texture": "#0"},
				"up": {"uv": [0, 14.25, 0.03125, 14.28125], "rotation": 90, "texture": "#0"},
				"down": {"uv": [0, 14.875, 0.03125, 14.90625], "rotation": 90, "texture": "#0"}
			}
		},
		{
			"from": [2, 1, -6],
			"to": [3, 14, -5],
			"rotation": {"angle": 0, "axis": "y", "origin": [10, 9, 2]},
			"faces": {
				"north": {"uv": [0, 11.875, 0.125, 13.5], "texture": "#0"},
				"east": {"uv": [0, 11.875, 0.125, 13.5], "texture": "#0"},
				"south": {"uv": [0, 11.875, 0.125, 13.5], "texture": "#0"},
				"west": {"uv": [0, 11.875, 0.125, 13.5], "texture": "#0"},
				"up": {"uv": [0, 0, 0.125, 0.125], "texture": "#0"},
				"down": {"uv": [0, 0, 0.125, 0.125], "texture": "#0"}
			}
		},
		{
			"from": [2.25, 14, -5.75],
			"to": [2.75, 17, -5.25],
			"rotation": {"angle": 0, "axis": "y", "origin": [10, 22, 2]},
			"faces": {
				"north": {"uv": [0, 0, 0.0625, 0.125], "texture": "#0"},
				"east": {"uv": [0, 0, 0.0625, 0.125], "texture": "#0"},
				"south": {"uv": [0, 0, 0.0625, 0.25], "texture": "#0"},
				"west": {"uv": [0, 0, 0.0625, 0.125], "texture": "#0"},
				"up": {"uv": [0, 0, 0.0625, 0.0625], "texture": "#0"},
				"down": {"uv": [0, 0, 0.0625, 0.0625], "texture": "#0"}
			}
		},
		{
			"from": [2, 17, -6],
			"to": [3, 17.75, -5],
			"rotation": {"angle": 0, "axis": "y", "origin": [10, 25, 2]},
			"faces": {
				"north": {"uv": [0.5, 0, 0.625, 0.09375], "texture": "#0"},
				"east": {"uv": [0.5, 0, 0.625, 0.09375], "texture": "#0"},
				"south": {"uv": [0.5, 0, 0.625, 0.09375], "texture": "#0"},
				"west": {"uv": [0.5, 0, 0.625, 0.09375], "texture": "#0"},
				"up": {"uv": [0.5, 0, 0.625, 0.125], "texture": "#0"},
				"down": {"uv": [0, 0, 0.125, 0.125], "texture": "#0"}
			}
		},
		{
			"name": "octagon",
			"from": [0.84315, 14, -9.5],
			"to": [4.15685, 14.5, -9],
			"rotation": {"angle": 45, "axis": "y", "origin": [2.5, 14.5, -5.5]},
			"faces": {
				"north": {"uv": [0, 0, 0.125, 0.125], "texture": "#0"},
				"east": {"uv": [0, 0, 0.125, 0.125], "texture": "#0"},
				"south": {"uv": [0, 0, 0.125, 0.125], "texture": "#0"},
				"west": {"uv": [0, 0, 0.125, 0.125], "texture": "#0"},
				"up": {"uv": [0, 0, 0.125, 0.125], "texture": "#0"},
				"down": {"uv": [0, 0, 0.125, 0.125], "texture": "#0"}
			}
		},
		{
			"name": "octagon",
			"from": [0.84315, 14, -9.5],
			"to": [4.15685, 14.5, -9],
			"rotation": {"angle": 0, "axis": "y", "origin": [2.5, 14.5, -5.5]},
			"faces": {
				"north": {"uv": [0, 0, 0.16375, 0.0625], "texture": "#0"},
				"east": {"uv": [0, 0, 0.125, 0.125], "texture": "#0"},
				"south": {"uv": [0, 0, 0.125, 0.125], "texture": "#0"},
				"west": {"uv": [0, 0, 0.125, 0.125], "texture": "#0"},
				"up": {"uv": [0, 0, 0.125, 0.125], "texture": "#0"},
				"down": {"uv": [0, 0, 0.125, 0.125], "texture": "#0"}
			}
		},
		{
			"name": "octagon",
			"from": [0.84315, 14, -2],
			"to": [4.15685, 14.5, -1.5],
			"rotation": {"angle": 45, "axis": "y", "origin": [2.5, 14.5, -5.5]},
			"faces": {
				"north": {"uv": [0, 0, 0.125, 0.125], "texture": "#0"},
				"east": {"uv": [0, 0, 0.125, 0.125], "texture": "#0"},
				"south": {"uv": [0, 0, 0.125, 0.125], "texture": "#0"},
				"west": {"uv": [0, 0, 0.125, 0.125], "texture": "#0"},
				"up": {"uv": [0, 0, 0.125, 0.125], "texture": "#0"},
				"down": {"uv": [0, 0, 0.125, 0.125], "texture": "#0"}
			}
		},
		{
			"name": "octagon",
			"from": [0.84315, 14, -2],
			"to": [4.15685, 14.5, -1.5],
			"rotation": {"angle": 0, "axis": "y", "origin": [2.5, 14.5, -5.5]},
			"faces": {
				"north": {"uv": [0, 0, 0.125, 0.125], "texture": "#0"},
				"east": {"uv": [0, 0, 0.125, 0.125], "texture": "#0"},
				"south": {"uv": [0, 0, 0.125, 0.125], "texture": "#0"},
				"west": {"uv": [0, 0, 0.125, 0.125], "texture": "#0"},
				"up": {"uv": [0, 0, 0.125, 0.125], "texture": "#0"},
				"down": {"uv": [0, 0, 0.125, 0.125], "texture": "#0"}
			}
		},
		{
			"name": "octagon",
			"from": [-1.5, 14, -7.15685],
			"to": [-1, 14.5, -3.84315],
			"rotation": {"angle": 45, "axis": "y", "origin": [2.5, 14.5, -5.5]},
			"faces": {
				"north": {"uv": [0, 0, 0.125, 0.125], "texture": "#0"},
				"east": {"uv": [0, 0, 0.125, 0.125], "texture": "#0"},
				"south": {"uv": [0, 0, 0.125, 0.125], "texture": "#0"},
				"west": {"uv": [0, 0, 0.125, 0.125], "texture": "#0"},
				"up": {"uv": [0, 0, 0.125, 0.125], "texture": "#0"},
				"down": {"uv": [0, 0, 0.125, 0.125], "texture": "#0"}
			}
		},
		{
			"name": "octagon",
			"from": [-1.5, 14, -7.15685],
			"to": [-1, 14.5, -3.84315],
			"rotation": {"angle": 0, "axis": "y", "origin": [2.5, 14.5, -5.5]},
			"faces": {
				"north": {"uv": [0, 0, 0.125, 0.125], "texture": "#0"},
				"east": {"uv": [0, 0, 0.125, 0.125], "texture": "#0"},
				"south": {"uv": [0, 0, 0.125, 0.125], "texture": "#0"},
				"west": {"uv": [0, 0, 0.125, 0.125], "texture": "#0"},
				"up": {"uv": [0, 0, 0.125, 0.125], "texture": "#0"},
				"down": {"uv": [0, 0, 0.125, 0.125], "texture": "#0"}
			}
		},
		{
			"name": "octagon",
			"from": [6, 14, -7.15685],
			"to": [6.5, 14.5, -3.84315],
			"rotation": {"angle": 45, "axis": "y", "origin": [2.5, 14.5, -5.5]},
			"faces": {
				"north": {"uv": [0, 0, 0.125, 0.125], "texture": "#0"},
				"east": {"uv": [0, 0, 0.125, 0.125], "texture": "#0"},
				"south": {"uv": [0, 0, 0.125, 0.125], "texture": "#0"},
				"west": {"uv": [0, 0, 0.125, 0.125], "texture": "#0"},
				"up": {"uv": [0, 0, 0.125, 0.125], "texture": "#0"},
				"down": {"uv": [0, 0, 0.125, 0.125], "texture": "#0"}
			}
		},
		{
			"name": "octagon",
			"from": [6, 14, -7.15685],
			"to": [6.5, 14.5, -3.84315],
			"rotation": {"angle": 0, "axis": "y", "origin": [2.5, 14.5, -5.5]},
			"faces": {
				"north": {"uv": [0, 0, 0.125, 0.125], "texture": "#0"},
				"east": {"uv": [0, 0, 0.125, 0.125], "texture": "#0"},
				"south": {"uv": [0, 0, 0.125, 0.125], "texture": "#0"},
				"west": {"uv": [0, 0, 0.125, 0.125], "texture": "#0"},
				"up": {"uv": [0, 0, 0.125, 0.125], "texture": "#0"},
				"down": {"uv": [0, 0, 0.125, 0.125], "texture": "#0"}
			}
		},
		{
			"name": "octagon",
			"from": [1.25736, 13, -8.5],
			"to": [3.74264, 13.5, -2.5],
			"rotation": {"angle": 45, "axis": "y", "origin": [2.5, 13, -5.5]},
			"faces": {
				"north": {"uv": [0, 0, 0.125, 0.125], "texture": "#0"},
				"east": {"uv": [0, 0, 0.125, 0.125], "texture": "#0"},
				"south": {"uv": [0, 0, 0.125, 0.125], "texture": "#0"},
				"west": {"uv": [0, 0, 0.125, 0.125], "texture": "#0"},
				"up": {"uv": [0, 0, 0.125, 0.125], "texture": "#0"},
				"down": {"uv": [0, 0, 0, 0], "texture": "#0"}
			}
		},
		{
			"name": "octagon",
			"from": [1.25736, 13, -8.5],
			"to": [3.74264, 13.5, -2.5],
			"rotation": {"angle": 0, "axis": "y", "origin": [2.5, 13, -5.5]},
			"faces": {
				"north": {"uv": [0, 0, 0.125, 0.125], "texture": "#0"},
				"east": {"uv": [0, 0, 0.125, 0.125], "texture": "#0"},
				"south": {"uv": [0, 0, 0.125, 0.125], "texture": "#0"},
				"west": {"uv": [0, 0, 0.125, 0.125], "texture": "#0"},
				"up": {"uv": [0, 0, 0.125, 0.125], "texture": "#0"},
				"down": {"uv": [0, 0, 0.125, 0.125], "texture": "#0"}
			}
		},
		{
			"name": "octagon",
			"from": [-0.5, 13, -6.74264],
			"to": [5.5, 13.5, -4.25736],
			"rotation": {"angle": 45, "axis": "y", "origin": [2.5, 13, -5.5]},
			"faces": {
				"north": {"uv": [0, 0, 0.125, 0.125], "texture": "#0"},
				"east": {"uv": [0, 0, 0.125, 0.125], "texture": "#0"},
				"south": {"uv": [0, 0, 0.125, 0.125], "texture": "#0"},
				"west": {"uv": [0, 0, 0.125, 0.125], "texture": "#0"},
				"up": {"uv": [0, 0, 0.125, 0.125], "texture": "#0"},
				"down": {"uv": [0, 0, 0.125, 0.125], "texture": "#0"}
			}
		},
		{
			"name": "octagon",
			"from": [-0.5, 13, -6.74264],
			"to": [5.5, 13.5, -4.25736],
			"rotation": {"angle": 0, "axis": "y", "origin": [2.5, 13, -5.5]},
			"faces": {
				"north": {"uv": [0, 0, 0.125, 0.125], "texture": "#0"},
				"east": {"uv": [0, 0, 0.125, 0.125], "texture": "#0"},
				"south": {"uv": [0, 0, 0.125, 0.125], "texture": "#0"},
				"west": {"uv": [0, 0, 0.125, 0.125], "texture": "#0"},
				"up": {"uv": [0, 0, 0.125, 0.125], "texture": "#0"},
				"down": {"uv": [0, 0, 0.125, 0.125], "texture": "#0"}
			}
		},
		{
			"name": "octagon",
			"from": [1.05025, 13.5, -9],
			"to": [3.94975, 14, -8.5],
			"rotation": {"angle": 45, "axis": "y", "origin": [2.5, 14, -5.5]},
			"faces": {
				"north": {"uv": [0, 0, 0.125, 0.125], "texture": "#0"},
				"east": {"uv": [0, 0, 0.125, 0.125], "texture": "#0"},
				"south": {"uv": [0, 0, 0.125, 0.125], "texture": "#0"},
				"west": {"uv": [0, 0, 0.125, 0.125], "texture": "#0"},
				"up": {"uv": [0, 0, 0.125, 0.125], "texture": "#0"},
				"down": {"uv": [0, 0, 0.125, 0.125], "texture": "#0"}
			}
		},
		{
			"name": "octagon",
			"from": [1.05025, 13.5, -9],
			"to": [3.94975, 14, -8.5],
			"rotation": {"angle": 0, "axis": "y", "origin": [2.5, 14, -5.5]},
			"faces": {
				"north": {"uv": [0, 0, 0.125, 0.125], "texture": "#0"},
				"east": {"uv": [0, 0, 0.125, 0.125], "texture": "#0"},
				"south": {"uv": [0, 0, 0.125, 0.125], "texture": "#0"},
				"west": {"uv": [0, 0, 0.125, 0.125], "texture": "#0"},
				"up": {"uv": [0, 0, 0.125, 0.125], "texture": "#0"},
				"down": {"uv": [0, 0, 0.125, 0.125], "texture": "#0"}
			}
		},
		{
			"name": "octagon",
			"from": [1.05025, 13.5, -2.5],
			"to": [3.94975, 14, -2],
			"rotation": {"angle": 45, "axis": "y", "origin": [2.5, 14, -5.5]},
			"faces": {
				"north": {"uv": [0, 0, 0.125, 0.125], "texture": "#0"},
				"east": {"uv": [0, 0, 0.125, 0.125], "texture": "#0"},
				"south": {"uv": [0, 0, 0.125, 0.125], "texture": "#0"},
				"west": {"uv": [0, 0, 0.125, 0.125], "texture": "#0"},
				"up": {"uv": [0, 0, 0.125, 0.125], "texture": "#0"},
				"down": {"uv": [0, 0, 0.125, 0.125], "texture": "#0"}
			}
		},
		{
			"name": "octagon",
			"from": [1.05025, 13.5, -2.5],
			"to": [3.94975, 14, -2],
			"rotation": {"angle": 0, "axis": "y", "origin": [2.5, 14, -5.5]},
			"faces": {
				"north": {"uv": [0, 0, 0.125, 0.125], "texture": "#0"},
				"east": {"uv": [0, 0, 0.125, 0.125], "texture": "#0"},
				"south": {"uv": [0, 0, 0.125, 0.125], "texture": "#0"},
				"west": {"uv": [0, 0, 0.125, 0.125], "texture": "#0"},
				"up": {"uv": [0, 0, 0.125, 0.125], "texture": "#0"},
				"down": {"uv": [0, 0, 0.125, 0.125], "texture": "#0"}
			}
		},
		{
			"name": "octagon",
			"from": [-1, 13.5, -6.94975],
			"to": [-0.5, 14, -4.05025],
			"rotation": {"angle": 45, "axis": "y", "origin": [2.5, 14, -5.5]},
			"faces": {
				"north": {"uv": [0, 0, 0.125, 0.125], "texture": "#0"},
				"east": {"uv": [0, 0, 0.125, 0.125], "texture": "#0"},
				"south": {"uv": [0, 0, 0.125, 0.125], "texture": "#0"},
				"west": {"uv": [0, 0, 0.125, 0.125], "texture": "#0"},
				"up": {"uv": [0, 0, 0.125, 0.125], "texture": "#0"},
				"down": {"uv": [0, 0, 0.125, 0.125], "texture": "#0"}
			}
		},
		{
			"name": "octagon",
			"from": [-1, 13.5, -6.94975],
			"to": [-0.5, 14, -4.05025],
			"rotation": {"angle": 0, "axis": "y", "origin": [2.5, 14, -5.5]},
			"faces": {
				"north": {"uv": [0, 0, 0.125, 0.125], "texture": "#0"},
				"east": {"uv": [0, 0, 0.125, 0.125], "texture": "#0"},
				"south": {"uv": [0, 0, 0.125, 0.125], "texture": "#0"},
				"west": {"uv": [0, 0, 0.125, 0.125], "texture": "#0"},
				"up": {"uv": [0, 0, 0.125, 0.125], "texture": "#0"},
				"down": {"uv": [0, 0, 0.125, 0.125], "texture": "#0"}
			}
		},
		{
			"name": "octagon",
			"from": [5.5, 13.5, -6.94975],
			"to": [6, 14, -4.05025],
			"rotation": {"angle": 45, "axis": "y", "origin": [2.5, 14, -5.5]},
			"faces": {
				"north": {"uv": [0, 0, 0.125, 0.125], "texture": "#0"},
				"east": {"uv": [0, 0, 0.125, 0.125], "texture": "#0"},
				"south": {"uv": [0, 0, 0.125, 0.125], "texture": "#0"},
				"west": {"uv": [0, 0, 0.125, 0.125], "texture": "#0"},
				"up": {"uv": [0, 0, 0.125, 0.125], "texture": "#0"},
				"down": {"uv": [0, 0, 0.125, 0.125], "texture": "#0"}
			}
		},
		{
			"name": "octagon",
			"from": [5.5, 13.5, -6.94975],
			"to": [6, 14, -4.05025],
			"rotation": {"angle": 0, "axis": "y", "origin": [2.5, 14, -5.5]},
			"faces": {
				"north": {"uv": [0, 0, 0.125, 0.125], "texture": "#0"},
				"east": {"uv": [0, 0, 0.125, 0.125], "texture": "#0"},
				"south": {"uv": [0, 0, 0.125, 0.125], "texture": "#0"},
				"west": {"uv": [0, 0, 0.125, 0.125], "texture": "#0"},
				"up": {"uv": [0, 0, 0.125, 0.125], "texture": "#0"},
				"down": {"uv": [0, 0, 0.125, 0.125], "texture": "#0"}
			}
		},
		{
			"name": "octagon",
			"from": [0.63604, 14.5, -10],
			"to": [4.36396, 15.5, -9.5],
			"rotation": {"angle": 45, "axis": "y", "origin": [2.5, 15, -5.5]},
			"faces": {
				"north": {"uv": [0, 0, 0.125, 0.125], "texture": "#0"},
				"east": {"uv": [0, 0, 0.125, 0.125], "texture": "#0"},
				"south": {"uv": [0, 0, 0.125, 0.125], "texture": "#0"},
				"west": {"uv": [0, 0, 0.125, 0.125], "texture": "#0"},
				"up": {"uv": [0, 0, 0.125, 0.125], "texture": "#0"},
				"down": {"uv": [0, 0, 0.125, 0.125], "texture": "#0"}
			}
		},
		{
			"name": "octagon",
			"from": [0.63604, 14.5, -10],
			"to": [4.36396, 15.5, -9.5],
			"rotation": {"angle": 0, "axis": "y", "origin": [2.5, 15, -5.5]},
			"faces": {
				"north": {"uv": [0, 0, 0.125, 0.125], "texture": "#0"},
				"east": {"uv": [0, 0, 0.125, 0.125], "texture": "#0"},
				"south": {"uv": [0, 0, 0.125, 0.125], "texture": "#0"},
				"west": {"uv": [0, 0, 0.125, 0.125], "texture": "#0"},
				"up": {"uv": [0, 0, 0.125, 0.125], "texture": "#0"},
				"down": {"uv": [0, 0, 0.125, 0.125], "texture": "#0"}
			}
		},
		{
			"name": "octagon",
			"from": [0.63604, 14.5, -1.5],
			"to": [4.36396, 15.5, -1],
			"rotation": {"angle": 45, "axis": "y", "origin": [2.5, 15, -5.5]},
			"faces": {
				"north": {"uv": [0, 0, 0.125, 0.125], "texture": "#0"},
				"east": {"uv": [0, 0, 0.125, 0.125], "texture": "#0"},
				"south": {"uv": [0, 0, 0.125, 0.125], "texture": "#0"},
				"west": {"uv": [0, 0, 0.125, 0.125], "texture": "#0"},
				"up": {"uv": [0, 0, 0.125, 0.125], "texture": "#0"},
				"down": {"uv": [0, 0, 0.125, 0.125], "texture": "#0"}
			}
		},
		{
			"name": "octagon",
			"from": [0.63604, 14.5, -1.5],
			"to": [4.36396, 15.5, -1],
			"rotation": {"angle": 0, "axis": "y", "origin": [2.5, 15, -5.5]},
			"faces": {
				"north": {"uv": [0, 0, 0.125, 0.125], "texture": "#0"},
				"east": {"uv": [0, 0, 0.125, 0.125], "texture": "#0"},
				"south": {"uv": [0, 0, 0.125, 0.125], "texture": "#0"},
				"west": {"uv": [0, 0, 0.125, 0.125], "texture": "#0"},
				"up": {"uv": [0, 0, 0.125, 0.125], "texture": "#0"},
				"down": {"uv": [0, 0, 0.125, 0.125], "texture": "#0"}
			}
		},
		{
			"name": "octagon",
			"from": [-2, 14.5, -7.36396],
			"to": [-1.5, 15.5, -3.63604],
			"rotation": {"angle": 45, "axis": "y", "origin": [2.5, 15, -5.5]},
			"faces": {
				"north": {"uv": [0, 0, 0.125, 0.125], "texture": "#0"},
				"east": {"uv": [0, 0, 0.125, 0.125], "texture": "#0"},
				"south": {"uv": [0, 0, 0.125, 0.125], "texture": "#0"},
				"west": {"uv": [0, 0, 0.125, 0.125], "texture": "#0"},
				"up": {"uv": [0, 0, 0.125, 0.125], "texture": "#0"},
				"down": {"uv": [0, 0, 0.125, 0.125], "texture": "#0"}
			}
		},
		{
			"name": "octagon",
			"from": [-2, 14.5, -7.36396],
			"to": [-1.5, 15.5, -3.63604],
			"rotation": {"angle": 0, "axis": "y", "origin": [2.5, 15, -5.5]},
			"faces": {
				"north": {"uv": [0, 0, 0.125, 0.125], "texture": "#0"},
				"east": {"uv": [0, 0, 0.125, 0.125], "texture": "#0"},
				"south": {"uv": [0, 0, 0.125, 0.125], "texture": "#0"},
				"west": {"uv": [0, 0, 0.125, 0.125], "texture": "#0"},
				"up": {"uv": [0, 0, 0.125, 0.125], "texture": "#0"},
				"down": {"uv": [0, 0, 0.125, 0.125], "texture": "#0"}
			}
		},
		{
			"name": "octagon",
			"from": [6.5, 14.5, -7.36396],
			"to": [7, 15.5, -3.63604],
			"rotation": {"angle": 45, "axis": "y", "origin": [2.5, 15, -5.5]},
			"faces": {
				"north": {"uv": [0, 0, 0.125, 0.125], "texture": "#0"},
				"east": {"uv": [0, 0, 0.125, 0.125], "texture": "#0"},
				"south": {"uv": [0, 0, 0.125, 0.125], "texture": "#0"},
				"west": {"uv": [0, 0, 0.125, 0.125], "texture": "#0"},
				"up": {"uv": [0, 0, 0.125, 0.125], "texture": "#0"},
				"down": {"uv": [0, 0, 0.125, 0.125], "texture": "#0"}
			}
		},
		{
			"name": "octagon",
			"from": [6.5, 14.5, -7.36396],
			"to": [7, 15.5, -3.63604],
			"rotation": {"angle": 0, "axis": "y", "origin": [2.5, 15, -5.5]},
			"faces": {
				"north": {"uv": [0, 0, 0.125, 0.125], "texture": "#0"},
				"east": {"uv": [0, 0, 0.125, 0.125], "texture": "#0"},
				"south": {"uv": [0, 0, 0.125, 0.125], "texture": "#0"},
				"west": {"uv": [0, 0, 0.125, 0.125], "texture": "#0"},
				"up": {"uv": [0, 0, 0.125, 0.125], "texture": "#0"},
				"down": {"uv": [0, 0, 0.125, 0.125], "texture": "#0"}
			}
		},
		{
			"from": [4, 1, 7],
			"to": [12, 2, 15],
			"rotation": {"angle": 0, "axis": "y", "origin": [20, 9, 22]},
			"faces": {
				"north": {"uv": [0, 6.875, 1, 7], "texture": "#0"},
				"east": {"uv": [0, 7.125, 1, 7.25], "texture": "#0"},
				"south": {"uv": [0, 6.5, 1, 6.625], "texture": "#0"},
				"west": {"uv": [0, 6.5, 1, 6.625], "texture": "#0"},
				"up": {"uv": [0, 10, 1, 11], "texture": "#0"},
				"down": {"uv": [0, 0, 1, 1], "texture": "#0"}
			}
		},
		{
			"from": [4, 1.5, 15.5],
			"to": [12, 9.5, 16.5],
			"rotation": {"angle": 22.5, "axis": "x", "origin": [8, 5.5, 16]},
			"faces": {
				"north": {"uv": [0, 8.125, 1, 9.125], "rotation": 180, "texture": "#0"},
				"east": {"uv": [0, 7.125, 1, 7.25], "rotation": 270, "texture": "#0"},
				"south": {"uv": [0, 8.125, 1, 9.125], "texture": "#0"},
				"west": {"uv": [0, 6.75, 1, 6.875], "rotation": 90, "texture": "#0"},
				"up": {"uv": [0, 6.875, 1, 7], "rotation": 180, "texture": "#0"},
				"down": {"uv": [0, 0, 1, 0.125], "texture": "#0"}
			}
		},
		{
			"from": [5, 9.1194, 17.16342],
			"to": [11, 12.1194, 18.41342],
			"rotation": {"angle": 22.5, "axis": "x", "origin": [8, 10.1194, 17.91342]},
			"faces": {
				"north": {"uv": [0, 7.75, 0.75, 8.125], "rotation": 180, "texture": "#0"},
				"east": {"uv": [0, 7.875, 0.375, 8.03125], "rotation": 270, "texture": "#0"},
				"south": {"uv": [0, 7.75, 0.75, 8.125], "texture": "#0"},
				"west": {"uv": [0, 7.875, 0.375, 8.03125], "rotation": 90, "texture": "#0"},
				"up": {"uv": [0, 7.875, 0.75, 8.03125], "rotation": 180, "texture": "#0"},
				"down": {"uv": [0, 7.875, 0.75, 8.03125], "texture": "#0"}
			}
		},
		{
			"from": [0, 1, -7],
			"to": [16, 3, -2],
			"rotation": {"angle": 0, "axis": "y", "origin": [10, 9, 2]},
			"faces": {
				"north": {"uv": [0, 15.75, 2, 16], "texture": "#0"},
				"east": {"uv": [0, 15.75, 0.625, 16], "texture": "#0"},
				"south": {"uv": [0, 15.75, 2, 16], "texture": "#0"},
				"west": {"uv": [0, 15.75, 0.625, 16], "texture": "#0"},
				"up": {"uv": [0, 15.375, 2, 16], "texture": "#0"},
				"down": {"uv": [0, 0, 2, 0.625], "texture": "#0"}
			}
		},
		{
			"from": [5, 1, -11],
			"to": [11, 2, -7],
			"rotation": {"angle": 0, "axis": "y", "origin": [10, 9, -2]},
			"faces": {
				"north": {"uv": [0, 1, 0.375, 1.125], "texture": "#0"},
				"east": {"uv": [0, 0.875, 0.5, 1], "texture": "#0"},
				"south": {"uv": [0, 0, 0.75, 0.125], "texture": "#0"},
				"west": {"uv": [0, 1, 0.5, 1.125], "texture": "#0"},
				"up": {"uv": [0, 0.875, 0.5, 1.375], "texture": "#0"},
				"down": {"uv": [0, 0.875, 0.375, 1.375], "texture": "#0"}
			}
		},
		{
			"from": [5, 1, -2],
			"to": [11, 2, 2],
			"rotation": {"angle": 0, "axis": "y", "origin": [10, 9, 7]},
			"faces": {
				"north": {"uv": [0, 1, 0.375, 1.125], "texture": "#0"},
				"east": {"uv": [0, 0.875, 0.5, 1], "texture": "#0"},
				"south": {"uv": [0, 1, 0.375, 1.125], "texture": "#0"},
				"west": {"uv": [0, 1, 0.5, 1.125], "texture": "#0"},
				"up": {"uv": [0, 0.875, 0.5, 1.375], "texture": "#0"},
				"down": {"uv": [0, 0.875, 0.375, 1.375], "texture": "#0"}
			}
		},
		{
			"from": [0, 1, 0],
			"to": [1, 4, 1],
			"rotation": {"angle": 0, "axis": "y", "origin": [8, 9, 8]},
			"faces": {
				"north": {"uv": [0, 4.25, 0.125, 4.625], "texture": "#0"},
				"east": {"uv": [0, 5, 0.125, 5.375], "texture": "#0"},
				"south": {"uv": [0, 5, 0.125, 5.375], "texture": "#0"},
				"west": {"uv": [0, 4.75, 0.125, 5.125], "texture": "#0"},
				"up": {"uv": [0, 4.75, 0.125, 4.875], "texture": "#0"},
				"down": {"uv": [0, 0, 0.125, 0.125], "texture": "#0"}
			}
		},
		{
			"from": [0, 3, 1],
			"to": [1, 4, 14],
			"rotation": {"angle": 0, "axis": "y", "origin": [8, 9, 9]},
			"faces": {
				"north": {"uv": [0, 0, 0.125, 0.125], "texture": "#0"},
				"east": {"uv": [0, 4.75, 1.625, 4.875], "texture": "#0"},
				"south": {"uv": [0, 0, 0.125, 0.125], "texture": "#0"},
				"west": {"uv": [0, 4.75, 1.625, 4.875], "texture": "#0"},
				"up": {"uv": [0, 4.125, 0.125, 5.75], "texture": "#0"},
				"down": {"uv": [0, 4.125, 0.125, 5.75], "texture": "#0"}
			}
		},
		{
			"from": [0, 1, 14],
			"to": [1, 4, 15],
			"rotation": {"angle": 0, "axis": "y", "origin": [8, 9, 22]},
			"faces": {
				"north": {"uv": [0, 4.125, 0.125, 4.5], "texture": "#0"},
				"east": {"uv": [0, 5, 0.125, 5.375], "texture": "#0"},
				"south": {"uv": [0, 4.75, 0.125, 5.125], "texture": "#0"},
				"west": {"uv": [0, 4.75, 0.125, 5.125], "texture": "#0"},
				"up": {"uv": [0, 4.875, 0.125, 5], "texture": "#0"},
				"down": {"uv": [0, 0, 0.125, 0.125], "texture": "#0"}
			}
		},
		{
			"from": [-3.5, -1.5, -9.25],
			"to": [-1.5, 2.5, -0.25],
			"rotation": {"angle": 0, "axis": "y", "origin": [4.5, 8, 3.75]},
			"faces": {
				"north": {"uv": [0, 0, 0.25, 0.5], "texture": "#0"},
				"east": {"uv": [0, 0.25, 1.125, 0.75], "texture": "#0"},
				"south": {"uv": [0, 0, 0.25, 0.5], "texture": "#0"},
				"west": {"uv": [0, 0.25, 1.125, 0.75], "texture": "#0"},
				"up": {"uv": [15.625, 0, 16, 0.25], "texture": "#0"},
				"down": {"uv": [0, 0, 0.25, 1.125], "texture": "#0"}
			}
		},
		{
			"from": [-3.5, -4, -6.75],
			"to": [-1.5, 5, -2.75],
			"rotation": {"angle": -45, "axis": "x", "origin": [-3, 0.5, -4.75]},
			"faces": {
				"north": {"uv": [0, 0, 0.25, 1.125], "rotation": 180, "texture": "#0"},
				"east": {"uv": [0, 0.25, 1.125, 0.75], "rotation": 270, "texture": "#0"},
				"south": {"uv": [0, 0, 0.25, 1.125], "texture": "#0"},
				"west": {"uv": [0, 0.25, 1.125, 0.75], "rotation": 90, "texture": "#0"},
				"up": {"uv": [15.625, 0, 16, 0.25], "rotation": 180, "texture": "#0"},
				"down": {"uv": [0, 0, 0.25, 0.5], "texture": "#0"}
			}
		},
		{
			"from": [-3.5, -4, -6.75],
			"to": [-1.5, 5, -2.75],
			"rotation": {"angle": 0, "axis": "x", "origin": [-3, 0.5, -4.75]},
			"faces": {
				"north": {"uv": [0, 0, 0.25, 1.125], "rotation": 180, "texture": "#0"},
				"east": {"uv": [0, 0.25, 1.125, 0.75], "rotation": 270, "texture": "#0"},
				"south": {"uv": [0, 0, 0.25, 1.125], "texture": "#0"},
				"west": {"uv": [0, 0.25, 1.125, 0.75], "rotation": 90, "texture": "#0"},
				"up": {"uv": [15.625, 0, 16, 0.25], "rotation": 180, "texture": "#0"},
				"down": {"uv": [0, 0, 0.25, 0.5], "texture": "#0"}
			}
		},
		{
			"from": [-3.5, -4, -6.75],
			"to": [-1.5, 5, -2.75],
			"rotation": {"angle": 45, "axis": "x", "origin": [-3, 0.5, -4.75]},
			"faces": {
				"north": {"uv": [0, 0, 0.25, 1.125], "rotation": 180, "texture": "#0"},
				"east": {"uv": [0, 0.25, 1.125, 0.75], "rotation": 270, "texture": "#0"},
				"south": {"uv": [0, 0, 0.25, 1.125], "texture": "#0"},
				"west": {"uv": [0, 0.25, 1.125, 0.75], "rotation": 90, "texture": "#0"},
				"up": {"uv": [15.625, 0, 16, 0.25], "rotation": 180, "texture": "#0"},
				"down": {"uv": [0, 0, 0.25, 0.5], "texture": "#0"}
			}
		},
		{
			"from": [-4, 4.5, -5.75],
			"to": [-1, 5.5, -3.75],
			"rotation": {"angle": 0, "axis": "y", "origin": [4, 12.5, 2.25]},
			"faces": {
				"north": {"uv": [0, 0, 0.375, 0.125], "texture": "#0"},
				"east": {"uv": [0, 0, 0.25, 0.125], "texture": "#0"},
				"south": {"uv": [0, 0, 0.375, 0.125], "texture": "#0"},
				"west": {"uv": [0, 0, 0.25, 0.125], "texture": "#0"},
				"up": {"uv": [0, 0, 0.375, 0.25], "texture": "#0"},
				"down": {"uv": [0, 0, 0.375, 0.25], "texture": "#0"}
			}
		},
		{
			"from": [-4, 4.15538, -4.01746],
			"to": [-1, 5.15538, -2.01746],
			"rotation": {"angle": 22.5, "axis": "x", "origin": [-3.5, 4.65538, -3.01746]},
			"faces": {
				"north": {"uv": [0, 0, 0.375, 0.125], "texture": "#0"},
				"east": {"uv": [0, 0, 0.25, 0.125], "texture": "#0"},
				"south": {"uv": [0, 0, 0.375, 0.125], "texture": "#0"},
				"west": {"uv": [0, 0, 0.25, 0.125], "texture": "#0"},
				"up": {"uv": [0, 0, 0.375, 0.25], "texture": "#0"},
				"down": {"uv": [0, 0, 0.375, 0.25], "texture": "#0"}
			}
		},
		{
			"from": [-4, 2.80585, -1.38567],
			"to": [-1, 4.80585, -0.38567],
			"rotation": {"angle": -45, "axis": "x", "origin": [-3.5, 2.93959, -1.05799]},
			"faces": {
				"north": {"uv": [0, 0, 0.375, 0.25], "rotation": 180, "texture": "#0"},
				"east": {"uv": [0, 0, 0.25, 0.125], "rotation": 270, "texture": "#0"},
				"south": {"uv": [0, 0, 0.375, 0.25], "texture": "#0"},
				"west": {"uv": [0, 0, 0.25, 0.125], "rotation": 90, "texture": "#0"},
				"up": {"uv": [15.625, 0, 16, 0.25], "rotation": 180, "texture": "#0"},
				"down": {"uv": [0, 0, 0.375, 0.125], "texture": "#0"}
			}
		},
		{
			"from": [-4, 1.07332, -1.38567],
			"to": [-1, 3.07332, -0.38567],
			"rotation": {"angle": -22.5, "axis": "x", "origin": [-3.5, 2.93959, -1.05799]},
			"faces": {
				"north": {"uv": [0, 0, 0.375, 0.25], "rotation": 180, "texture": "#0"},
				"east": {"uv": [0, 0, 0.25, 0.125], "rotation": 270, "texture": "#0"},
				"south": {"uv": [0, 0, 0.375, 0.25], "texture": "#0"},
				"west": {"uv": [0, 0, 0.25, 0.125], "rotation": 90, "texture": "#0"},
				"up": {"uv": [15.625, 0, 16, 0.25], "rotation": 180, "texture": "#0"},
				"down": {"uv": [0, 0, 0.375, 0.125], "texture": "#0"}
			}
		},
		{
			"from": [-4, -3.42284, -4.61817],
			"to": [-1, -2.42284, -2.61817],
			"rotation": {"angle": -22.5, "axis": "x", "origin": [-3.5, -1.80648, -1.33902]},
			"faces": {
				"north": {"uv": [0, 0, 0.375, 0.125], "rotation": 180, "texture": "#0"},
				"east": {"uv": [0, 0, 0.25, 0.125], "rotation": 180, "texture": "#0"},
				"south": {"uv": [0, 0, 0.375, 0.125], "rotation": 180, "texture": "#0"},
				"west": {"uv": [0, 0, 0.25, 0.125], "rotation": 180, "texture": "#0"},
				"up": {"uv": [0, 0, 0.375, 0.25], "texture": "#0"},
				"down": {"uv": [0, 0, 0.375, 0.25], "texture": "#0"}
			}
		},
		{
			"from": [-4, -0.52734, -0.72266],
			"to": [-1, 1.47266, 0.27734],
			"rotation": {"angle": 0, "axis": "x", "origin": [-3.5, -1.80648, -1.33902]},
			"faces": {
				"north": {"uv": [0, 0, 0.375, 0.25], "rotation": 180, "texture": "#0"},
				"east": {"uv": [0, 0, 0.25, 0.125], "rotation": 270, "texture": "#0"},
				"south": {"uv": [0, 0, 0.375, 0.25], "texture": "#0"},
				"west": {"uv": [0, 0, 0.25, 0.125], "rotation": 90, "texture": "#0"},
				"up": {"uv": [15.625, 0, 16, 0.25], "rotation": 180, "texture": "#0"},
				"down": {"uv": [0, 0, 0.375, 0.125], "texture": "#0"}
			}
		},
		{
			"from": [-4, -3.60681, -1.33521],
			"to": [-1, -1.60681, -0.33521],
			"rotation": {"angle": 45, "axis": "x", "origin": [-3.5, -1.80648, -1.33902]},
			"faces": {
				"north": {"uv": [0, 0, 0.375, 0.25], "rotation": 180, "texture": "#0"},
				"east": {"uv": [0, 0, 0.25, 0.125], "rotation": 270, "texture": "#0"},
				"south": {"uv": [0, 0, 0.375, 0.25], "texture": "#0"},
				"west": {"uv": [0, 0, 0.25, 0.125], "rotation": 90, "texture": "#0"},
				"up": {"uv": [15.625, 0, 16, 0.25], "rotation": 180, "texture": "#0"},
				"down": {"uv": [0, 0, 0.375, 0.125], "texture": "#0"}
			}
		},
		{
			"from": [-4, -2.00615, -1.33521],
			"to": [-1, -0.00615, -0.33521],
			"rotation": {"angle": 22.5, "axis": "x", "origin": [-3.5, -1.80648, -1.33902]},
			"faces": {
				"north": {"uv": [0, 0, 0.375, 0.25], "rotation": 180, "texture": "#0"},
				"east": {"uv": [0, 0, 0.25, 0.125], "rotation": 270, "texture": "#0"},
				"south": {"uv": [0, 0, 0.375, 0.25], "texture": "#0"},
				"west": {"uv": [0, 0, 0.25, 0.125], "rotation": 90, "texture": "#0"},
				"up": {"uv": [15.625, 0, 16, 0.25], "rotation": 180, "texture": "#0"},
				"down": {"uv": [0, 0, 0.375, 0.125], "texture": "#0"}
			}
		},
		{
			"from": [-4, 3.36817, -5.75],
			"to": [-1, 4.36817, -3.75],
			"rotation": {"angle": -22.5, "axis": "x", "origin": [-3.5, -0.09326, -7.59506]},
			"faces": {
				"north": {"uv": [0, 0, 0.375, 0.125], "texture": "#0"},
				"east": {"uv": [0, 0, 0.25, 0.125], "texture": "#0"},
				"south": {"uv": [0, 0, 0.375, 0.125], "texture": "#0"},
				"west": {"uv": [0, 0, 0.25, 0.125], "texture": "#0"},
				"up": {"uv": [0, 0, 0.375, 0.25], "texture": "#0"},
				"down": {"uv": [0, 0, 0.375, 0.25], "texture": "#0"}
			}
		},
		{
			"from": [-4, -0.52734, -9.77734],
			"to": [-1, 1.47266, -8.77734],
			"rotation": {"angle": 0, "axis": "x", "origin": [-3.5, -0.09326, -7.59506]},
			"faces": {
				"north": {"uv": [0, 0, 0.375, 0.25], "rotation": 180, "texture": "#0"},
				"east": {"uv": [0, 0, 0.25, 0.125], "rotation": 90, "texture": "#0"},
				"south": {"uv": [0, 0, 0.375, 0.25], "texture": "#0"},
				"west": {"uv": [0, 0, 0.25, 0.125], "rotation": 270, "texture": "#0"},
				"up": {"uv": [15.625, 0, 16, 0.25], "texture": "#0"},
				"down": {"uv": [0, 0, 0.375, 0.125], "rotation": 180, "texture": "#0"}
			}
		},
		{
			"from": [-4, -2.70485, -10.21047],
			"to": [-1, -0.70485, -9.21047],
			"rotation": {"angle": -45, "axis": "x", "origin": [-3.5, -0.09326, -7.59506]},
			"faces": {
				"north": {"uv": [0, 0, 0.375, 0.25], "rotation": 180, "texture": "#0"},
				"east": {"uv": [0, 0, 0.25, 0.125], "rotation": 90, "texture": "#0"},
				"south": {"uv": [0, 0, 0.375, 0.25], "texture": "#0"},
				"west": {"uv": [0, 0, 0.25, 0.125], "rotation": 270, "texture": "#0"},
				"up": {"uv": [15.625, 0, 16, 0.25], "texture": "#0"},
				"down": {"uv": [0, 0, 0.375, 0.125], "rotation": 180, "texture": "#0"}
			}
		},
		{
			"from": [-4, 2.32249, -6.18313],
			"to": [-1, 3.32249, -4.18313],
			"rotation": {"angle": -45, "axis": "x", "origin": [-3.5, -0.09326, -7.59506]},
			"faces": {
				"north": {"uv": [0, 0, 0.375, 0.125], "texture": "#0"},
				"east": {"uv": [0, 0, 0.25, 0.125], "texture": "#0"},
				"south": {"uv": [0, 0, 0.375, 0.125], "texture": "#0"},
				"west": {"uv": [0, 0, 0.25, 0.125], "texture": "#0"},
				"up": {"uv": [0, 0, 0.375, 0.25], "texture": "#0"},
				"down": {"uv": [0, 0, 0.375, 0.25], "texture": "#0"}
			}
		},
		{
			"from": [-4, -3.509, -6.18313],
			"to": [-1, -2.509, -4.18313],
			"rotation": {"angle": 22.5, "axis": "x", "origin": [-3.5, -0.09326, -7.59506]},
			"faces": {
				"north": {"uv": [0, 0, 0.375, 0.125], "rotation": 180, "texture": "#0"},
				"east": {"uv": [0, 0, 0.25, 0.125], "rotation": 180, "texture": "#0"},
				"south": {"uv": [0, 0, 0.375, 0.125], "rotation": 180, "texture": "#0"},
				"west": {"uv": [0, 0, 0.25, 0.125], "rotation": 180, "texture": "#0"},
				"up": {"uv": [0, 0, 0.375, 0.25], "texture": "#0"},
				"down": {"uv": [0, 0, 0.375, 0.25], "texture": "#0"}
			}
		},
		{
			"from": [-4, 0.51834, -10.21047],
			"to": [-1, 2.51834, -9.21047],
			"rotation": {"angle": 22.5, "axis": "x", "origin": [-3.5, -0.09326, -7.59506]},
			"faces": {
				"north": {"uv": [0, 0, 0.375, 0.25], "rotation": 180, "texture": "#0"},
				"east": {"uv": [0, 0, 0.25, 0.125], "rotation": 90, "texture": "#0"},
				"south": {"uv": [0, 0, 0.375, 0.25], "texture": "#0"},
				"west": {"uv": [0, 0, 0.25, 0.125], "rotation": 270, "texture": "#0"},
				"up": {"uv": [15.625, 0, 16, 0.25], "texture": "#0"},
				"down": {"uv": [0, 0, 0.375, 0.125], "rotation": 180, "texture": "#0"}
			}
		},
		{
			"from": [-4, -1.65917, -9.77734],
			"to": [-1, 0.34083, -8.77734],
			"rotation": {"angle": -22.5, "axis": "x", "origin": [-3.5, -0.09326, -7.59506]},
			"faces": {
				"north": {"uv": [0, 0, 0.375, 0.25], "rotation": 180, "texture": "#0"},
				"east": {"uv": [0, 0, 0.25, 0.125], "rotation": 90, "texture": "#0"},
				"south": {"uv": [0, 0, 0.375, 0.25], "texture": "#0"},
				"west": {"uv": [0, 0, 0.25, 0.125], "rotation": 270, "texture": "#0"},
				"up": {"uv": [15.625, 0, 16, 0.25], "texture": "#0"},
				"down": {"uv": [0, 0, 0.375, 0.125], "rotation": 180, "texture": "#0"}
			}
		},
		{
			"from": [-4, -4.55468, -5.75],
			"to": [-1, -3.55468, -3.75],
			"rotation": {"angle": 0, "axis": "x", "origin": [-3.5, -0.09326, -7.59506]},
			"faces": {
				"north": {"uv": [0, 0, 0.375, 0.125], "rotation": 180, "texture": "#0"},
				"east": {"uv": [0, 0, 0.25, 0.125], "rotation": 180, "texture": "#0"},
				"south": {"uv": [0, 0, 0.375, 0.125], "rotation": 180, "texture": "#0"},
				"west": {"uv": [0, 0, 0.25, 0.125], "rotation": 180, "texture": "#0"},
				"up": {"uv": [0, 0, 0.375, 0.25], "texture": "#0"},
				"down": {"uv": [0, 0, 0.375, 0.25], "texture": "#0"}
			}
		},
		{
			"from": [-3.5, -1.5, 15.75],
			"to": [-1.5, 2.5, 24.75],
			"rotation": {"angle": 0, "axis": "y", "origin": [4.5, 8, 28.75]},
			"faces": {
				"north": {"uv": [0, 0, 0.25, 0.5], "texture": "#0"},
				"east": {"uv": [0, 0.25, 1.125, 0.75], "texture": "#0"},
				"south": {"uv": [0, 0, 0.25, 0.5], "texture": "#0"},
				"west": {"uv": [0, 0.25, 1.125, 0.75], "texture": "#0"},
				"up": {"uv": [15.625, 0, 16, 0.25], "texture": "#0"},
				"down": {"uv": [0, 0, 0.25, 1.125], "texture": "#0"}
			}
		},
		{
			"from": [-3.5, -4, 18.25],
			"to": [-1.5, 5, 22.25],
			"rotation": {"angle": -45, "axis": "x", "origin": [-3, 0.5, 20.25]},
			"faces": {
				"north": {"uv": [0, 0, 0.25, 1.125], "rotation": 180, "texture": "#0"},
				"east": {"uv": [0, 0.25, 1.125, 0.75], "rotation": 270, "texture": "#0"},
				"south": {"uv": [0, 0, 0.25, 1.125], "texture": "#0"},
				"west": {"uv": [0, 0.25, 1.125, 0.75], "rotation": 90, "texture": "#0"},
				"up": {"uv": [15.625, 0, 16, 0.25], "rotation": 180, "texture": "#0"},
				"down": {"uv": [0, 0, 0.25, 0.5], "texture": "#0"}
			}
		},
		{
			"from": [-3.5, -4, 18.25],
			"to": [-1.5, 5, 22.25],
			"rotation": {"angle": 0, "axis": "x", "origin": [-3, 0.5, 20.25]},
			"faces": {
				"north": {"uv": [0, 0, 0.25, 1.125], "rotation": 180, "texture": "#0"},
				"east": {"uv": [0, 0.25, 1.125, 0.75], "rotation": 270, "texture": "#0"},
				"south": {"uv": [0, 0, 0.25, 1.125], "texture": "#0"},
				"west": {"uv": [0, 0.25, 1.125, 0.75], "rotation": 90, "texture": "#0"},
				"up": {"uv": [15.625, 0, 16, 0.25], "rotation": 180, "texture": "#0"},
				"down": {"uv": [0, 0, 0.25, 0.5], "texture": "#0"}
			}
		},
		{
			"from": [-3.5, -4, 18.25],
			"to": [-1.5, 5, 22.25],
			"rotation": {"angle": 45, "axis": "x", "origin": [-3, 0.5, 20.25]},
			"faces": {
				"north": {"uv": [0, 0, 0.25, 1.125], "rotation": 180, "texture": "#0"},
				"east": {"uv": [0, 0.25, 1.125, 0.75], "rotation": 270, "texture": "#0"},
				"south": {"uv": [0, 0, 0.25, 1.125], "texture": "#0"},
				"west": {"uv": [0, 0.25, 1.125, 0.75], "rotation": 90, "texture": "#0"},
				"up": {"uv": [15.625, 0, 16, 0.25], "rotation": 180, "texture": "#0"},
				"down": {"uv": [0, 0, 0.25, 0.5], "texture": "#0"}
			}
		},
		{
			"from": [-4, 4.5, 19.25],
			"to": [-1, 5.5, 21.25],
			"rotation": {"angle": 0, "axis": "y", "origin": [4, 12.5, 27.25]},
			"faces": {
				"north": {"uv": [0, 0, 0.375, 0.125], "texture": "#0"},
				"east": {"uv": [0, 0, 0.25, 0.125], "texture": "#0"},
				"south": {"uv": [0, 0, 0.375, 0.125], "texture": "#0"},
				"west": {"uv": [0, 0, 0.25, 0.125], "texture": "#0"},
				"up": {"uv": [0, 0, 0.375, 0.25], "texture": "#0"},
				"down": {"uv": [0, 0, 0.375, 0.25], "texture": "#0"}
			}
		},
		{
			"from": [-4, 4.15538, 20.98254],
			"to": [-1, 5.15538, 22.98254],
			"rotation": {"angle": 22.5, "axis": "x", "origin": [-3.5, 4.65538, 21.98254]},
			"faces": {
				"north": {"uv": [0, 0, 0.375, 0.125], "texture": "#0"},
				"east": {"uv": [0, 0, 0.25, 0.125], "texture": "#0"},
				"south": {"uv": [0, 0, 0.375, 0.125], "texture": "#0"},
				"west": {"uv": [0, 0, 0.25, 0.125], "texture": "#0"},
				"up": {"uv": [0, 0, 0.375, 0.25], "texture": "#0"},
				"down": {"uv": [0, 0, 0.375, 0.25], "texture": "#0"}
			}
		},
		{
			"from": [-4, 2.80585, 23.61433],
			"to": [-1, 4.80585, 24.61433],
			"rotation": {"angle": -45, "axis": "x", "origin": [-3.5, 2.93959, 23.94201]},
			"faces": {
				"north": {"uv": [0, 0, 0.375, 0.25], "rotation": 180, "texture": "#0"},
				"east": {"uv": [0, 0, 0.25, 0.125], "rotation": 270, "texture": "#0"},
				"south": {"uv": [0, 0, 0.375, 0.25], "texture": "#0"},
				"west": {"uv": [0, 0, 0.25, 0.125], "rotation": 90, "texture": "#0"},
				"up": {"uv": [15.625, 0, 16, 0.25], "rotation": 180, "texture": "#0"},
				"down": {"uv": [0, 0, 0.375, 0.125], "texture": "#0"}
			}
		},
		{
			"from": [-4, 1.07332, 23.61433],
			"to": [-1, 3.07332, 24.61433],
			"rotation": {"angle": -22.5, "axis": "x", "origin": [-3.5, 2.93959, 23.94201]},
			"faces": {
				"north": {"uv": [0, 0, 0.375, 0.25], "rotation": 180, "texture": "#0"},
				"east": {"uv": [0, 0, 0.25, 0.125], "rotation": 270, "texture": "#0"},
				"south": {"uv": [0, 0, 0.375, 0.25], "texture": "#0"},
				"west": {"uv": [0, 0, 0.25, 0.125], "rotation": 90, "texture": "#0"},
				"up": {"uv": [15.625, 0, 16, 0.25], "rotation": 180, "texture": "#0"},
				"down": {"uv": [0, 0, 0.375, 0.125], "texture": "#0"}
			}
		},
		{
			"from": [-4, -3.42284, 20.38183],
			"to": [-1, -2.42284, 22.38183],
			"rotation": {"angle": -22.5, "axis": "x", "origin": [-3.5, -1.80648, 23.66098]},
			"faces": {
				"north": {"uv": [0, 0, 0.375, 0.125], "rotation": 180, "texture": "#0"},
				"east": {"uv": [0, 0, 0.25, 0.125], "rotation": 180, "texture": "#0"},
				"south": {"uv": [0, 0, 0.375, 0.125], "rotation": 180, "texture": "#0"},
				"west": {"uv": [0, 0, 0.25, 0.125], "rotation": 180, "texture": "#0"},
				"up": {"uv": [0, 0, 0.375, 0.25], "texture": "#0"},
				"down": {"uv": [0, 0, 0.375, 0.25], "texture": "#0"}
			}
		},
		{
			"from": [-4, -0.52734, 24.27734],
			"to": [-1, 1.47266, 25.27734],
			"rotation": {"angle": 0, "axis": "x", "origin": [-3.5, -1.80648, 23.66098]},
			"faces": {
				"north": {"uv": [0, 0, 0.375, 0.25], "rotation": 180, "texture": "#0"},
				"east": {"uv": [0, 0, 0.25, 0.125], "rotation": 270, "texture": "#0"},
				"south": {"uv": [0, 0, 0.375, 0.25], "texture": "#0"},
				"west": {"uv": [0, 0, 0.25, 0.125], "rotation": 90, "texture": "#0"},
				"up": {"uv": [15.625, 0, 16, 0.25], "rotation": 180, "texture": "#0"},
				"down": {"uv": [0, 0, 0.375, 0.125], "texture": "#0"}
			}
		},
		{
			"from": [-4, -3.60681, 23.66479],
			"to": [-1, -1.60681, 24.66479],
			"rotation": {"angle": 45, "axis": "x", "origin": [-3.5, -1.80648, 23.66098]},
			"faces": {
				"north": {"uv": [0, 0, 0.375, 0.25], "rotation": 180, "texture": "#0"},
				"east": {"uv": [0, 0, 0.25, 0.125], "rotation": 270, "texture": "#0"},
				"south": {"uv": [0, 0, 0.375, 0.25], "texture": "#0"},
				"west": {"uv": [0, 0, 0.25, 0.125], "rotation": 90, "texture": "#0"},
				"up": {"uv": [15.625, 0, 16, 0.25], "rotation": 180, "texture": "#0"},
				"down": {"uv": [0, 0, 0.375, 0.125], "texture": "#0"}
			}
		},
		{
			"from": [-4, -2.00615, 23.66479],
			"to": [-1, -0.00615, 24.66479],
			"rotation": {"angle": 22.5, "axis": "x", "origin": [-3.5, -1.80648, 23.66098]},
			"faces": {
				"north": {"uv": [0, 0, 0.375, 0.25], "rotation": 180, "texture": "#0"},
				"east": {"uv": [0, 0, 0.25, 0.125], "rotation": 270, "texture": "#0"},
				"south": {"uv": [0, 0, 0.375, 0.25], "texture": "#0"},
				"west": {"uv": [0, 0, 0.25, 0.125], "rotation": 90, "texture": "#0"},
				"up": {"uv": [15.625, 0, 16, 0.25], "rotation": 180, "texture": "#0"},
				"down": {"uv": [0, 0, 0.375, 0.125], "texture": "#0"}
			}
		},
		{
			"from": [-4, 3.36817, 19.25],
			"to": [-1, 4.36817, 21.25],
			"rotation": {"angle": -22.5, "axis": "x", "origin": [-3.5, -0.09326, 17.40494]},
			"faces": {
				"north": {"uv": [0, 0, 0.375, 0.125], "texture": "#0"},
				"east": {"uv": [0, 0, 0.25, 0.125], "texture": "#0"},
				"south": {"uv": [0, 0, 0.375, 0.125], "texture": "#0"},
				"west": {"uv": [0, 0, 0.25, 0.125], "texture": "#0"},
				"up": {"uv": [0, 0, 0.375, 0.25], "texture": "#0"},
				"down": {"uv": [0, 0, 0.375, 0.25], "texture": "#0"}
			}
		},
		{
			"from": [-4, -0.52734, 15.22266],
			"to": [-1, 1.47266, 16.22266],
			"rotation": {"angle": 0, "axis": "x", "origin": [-3.5, -0.09326, 17.40494]},
			"faces": {
				"north": {"uv": [0, 0, 0.375, 0.25], "rotation": 180, "texture": "#0"},
				"east": {"uv": [0, 0, 0.25, 0.125], "rotation": 90, "texture": "#0"},
				"south": {"uv": [0, 0, 0.375, 0.25], "texture": "#0"},
				"west": {"uv": [0, 0, 0.25, 0.125], "rotation": 270, "texture": "#0"},
				"up": {"uv": [15.625, 0, 16, 0.25], "texture": "#0"},
				"down": {"uv": [0, 0, 0.375, 0.125], "rotation": 180, "texture": "#0"}
			}
		},
		{
			"from": [-4, -2.70485, 14.78953],
			"to": [-1, -0.70485, 15.78953],
			"rotation": {"angle": -45, "axis": "x", "origin": [-3.5, -0.09326, 17.40494]},
			"faces": {
				"north": {"uv": [0, 0, 0.375, 0.25], "rotation": 180, "texture": "#0"},
				"east": {"uv": [0, 0, 0.25, 0.125], "rotation": 90, "texture": "#0"},
				"south": {"uv": [0, 0, 0.375, 0.25], "texture": "#0"},
				"west": {"uv": [0, 0, 0.25, 0.125], "rotation": 270, "texture": "#0"},
				"up": {"uv": [15.625, 0, 16, 0.25], "texture": "#0"},
				"down": {"uv": [0, 0, 0.375, 0.125], "rotation": 180, "texture": "#0"}
			}
		},
		{
			"from": [-4, 2.32249, 18.81687],
			"to": [-1, 3.32249, 20.81687],
			"rotation": {"angle": -45, "axis": "x", "origin": [-3.5, -0.09326, 17.40494]},
			"faces": {
				"north": {"uv": [0, 0, 0.375, 0.125], "texture": "#0"},
				"east": {"uv": [0, 0, 0.25, 0.125], "texture": "#0"},
				"south": {"uv": [0, 0, 0.375, 0.125], "texture": "#0"},
				"west": {"uv": [0, 0, 0.25, 0.125], "texture": "#0"},
				"up": {"uv": [0, 0, 0.375, 0.25], "texture": "#0"},
				"down": {"uv": [0, 0, 0.375, 0.25], "texture": "#0"}
			}
		},
		{
			"from": [-4, -3.509, 18.81687],
			"to": [-1, -2.509, 20.81687],
			"rotation": {"angle": 22.5, "axis": "x", "origin": [-3.5, -0.09326, 17.40494]},
			"faces": {
				"north": {"uv": [0, 0, 0.375, 0.125], "rotation": 180, "texture": "#0"},
				"east": {"uv": [0, 0, 0.25, 0.125], "rotation": 180, "texture": "#0"},
				"south": {"uv": [0, 0, 0.375, 0.125], "rotation": 180, "texture": "#0"},
				"west": {"uv": [0, 0, 0.25, 0.125], "rotation": 180, "texture": "#0"},
				"up": {"uv": [0, 0, 0.375, 0.25], "texture": "#0"},
				"down": {"uv": [0, 0, 0.375, 0.25], "texture": "#0"}
			}
		},
		{
			"from": [-4, 0.51834, 14.78953],
			"to": [-1, 2.51834, 15.78953],
			"rotation": {"angle": 22.5, "axis": "x", "origin": [-3.5, -0.09326, 17.40494]},
			"faces": {
				"north": {"uv": [0, 0, 0.375, 0.25], "rotation": 180, "texture": "#0"},
				"east": {"uv": [0, 0, 0.25, 0.125], "rotation": 90, "texture": "#0"},
				"south": {"uv": [0, 0, 0.375, 0.25], "texture": "#0"},
				"west": {"uv": [0, 0, 0.25, 0.125], "rotation": 270, "texture": "#0"},
				"up": {"uv": [15.625, 0, 16, 0.25], "texture": "#0"},
				"down": {"uv": [0, 0, 0.375, 0.125], "rotation": 180, "texture": "#0"}
			}
		},
		{
			"from": [-4, -1.65917, 15.22266],
			"to": [-1, 0.34083, 16.22266],
			"rotation": {"angle": -22.5, "axis": "x", "origin": [-3.5, -0.09326, 17.40494]},
			"faces": {
				"north": {"uv": [0, 0, 0.375, 0.25], "rotation": 180, "texture": "#0"},
				"east": {"uv": [0, 0, 0.25, 0.125], "rotation": 90, "texture": "#0"},
				"south": {"uv": [0, 0, 0.375, 0.25], "texture": "#0"},
				"west": {"uv": [0, 0, 0.25, 0.125], "rotation": 270, "texture": "#0"},
				"up": {"uv": [15.625, 0, 16, 0.25], "texture": "#0"},
				"down": {"uv": [0, 0, 0.375, 0.125], "rotation": 180, "texture": "#0"}
			}
		},
		{
			"from": [-4, -4.55468, 19.25],
			"to": [-1, -3.55468, 21.25],
			"rotation": {"angle": 0, "axis": "x", "origin": [-3.5, -0.09326, 17.40494]},
			"faces": {
				"north": {"uv": [0, 0, 0.375, 0.125], "rotation": 180, "texture": "#0"},
				"east": {"uv": [0, 0, 0.25, 0.125], "rotation": 180, "texture": "#0"},
				"south": {"uv": [0, 0, 0.375, 0.125], "rotation": 180, "texture": "#0"},
				"west": {"uv": [0, 0, 0.25, 0.125], "rotation": 180, "texture": "#0"},
				"up": {"uv": [0, 0, 0.375, 0.25], "texture": "#0"},
				"down": {"uv": [0, 0, 0.375, 0.25], "texture": "#0"}
			}
		},
		{
			"from": [17.5, -1.5, 15.75],
			"to": [19.5, 2.5, 24.75],
			"rotation": {"angle": 0, "axis": "y", "origin": [25.5, 8, 28.75]},
			"faces": {
				"north": {"uv": [0, 0, 0.25, 0.5], "texture": "#0"},
				"east": {"uv": [0, 0.25, 1.125, 0.75], "texture": "#0"},
				"south": {"uv": [0, 0, 0.25, 0.5], "texture": "#0"},
				"west": {"uv": [0, 0.25, 1.125, 0.75], "texture": "#0"},
				"up": {"uv": [15.625, 0, 16, 0.25], "texture": "#0"},
				"down": {"uv": [0, 0, 0.25, 1.125], "texture": "#0"}
			}
		},
		{
			"from": [17.5, -4, 18.25],
			"to": [19.5, 5, 22.25],
			"rotation": {"angle": -45, "axis": "x", "origin": [18, 0.5, 20.25]},
			"faces": {
				"north": {"uv": [0, 0, 0.25, 1.125], "rotation": 180, "texture": "#0"},
				"east": {"uv": [0, 0.25, 1.125, 0.75], "rotation": 270, "texture": "#0"},
				"south": {"uv": [0, 0, 0.25, 1.125], "texture": "#0"},
				"west": {"uv": [0, 0.25, 1.125, 0.75], "rotation": 90, "texture": "#0"},
				"up": {"uv": [15.625, 0, 16, 0.25], "rotation": 180, "texture": "#0"},
				"down": {"uv": [0, 0, 0.25, 0.5], "texture": "#0"}
			}
		},
		{
			"from": [17.5, -4, 18.25],
			"to": [19.5, 5, 22.25],
			"rotation": {"angle": 0, "axis": "x", "origin": [18, 0.5, 20.25]},
			"faces": {
				"north": {"uv": [0, 0, 0.25, 1.125], "rotation": 180, "texture": "#0"},
				"east": {"uv": [0, 0.25, 1.125, 0.75], "rotation": 270, "texture": "#0"},
				"south": {"uv": [0, 0, 0.25, 1.125], "texture": "#0"},
				"west": {"uv": [0, 0.25, 1.125, 0.75], "rotation": 90, "texture": "#0"},
				"up": {"uv": [15.625, 0, 16, 0.25], "rotation": 180, "texture": "#0"},
				"down": {"uv": [0, 0, 0.25, 0.5], "texture": "#0"}
			}
		},
		{
			"from": [17.5, -4, 18.25],
			"to": [19.5, 5, 22.25],
			"rotation": {"angle": 45, "axis": "x", "origin": [18, 0.5, 20.25]},
			"faces": {
				"north": {"uv": [0, 0, 0.25, 1.125], "rotation": 180, "texture": "#0"},
				"east": {"uv": [0, 0.25, 1.125, 0.75], "rotation": 270, "texture": "#0"},
				"south": {"uv": [0, 0, 0.25, 1.125], "texture": "#0"},
				"west": {"uv": [0, 0.25, 1.125, 0.75], "rotation": 90, "texture": "#0"},
				"up": {"uv": [15.625, 0, 16, 0.25], "rotation": 180, "texture": "#0"},
				"down": {"uv": [0, 0, 0.25, 0.5], "texture": "#0"}
			}
		},
		{
			"from": [17, 4.5, 19.25],
			"to": [20, 5.5, 21.25],
			"rotation": {"angle": 0, "axis": "y", "origin": [25, 12.5, 27.25]},
			"faces": {
				"north": {"uv": [0, 0, 0.375, 0.125], "texture": "#0"},
				"east": {"uv": [0, 0, 0.25, 0.125], "texture": "#0"},
				"south": {"uv": [0, 0, 0.375, 0.125], "texture": "#0"},
				"west": {"uv": [0, 0, 0.25, 0.125], "texture": "#0"},
				"up": {"uv": [0, 0, 0.375, 0.25], "texture": "#0"},
				"down": {"uv": [0, 0, 0.375, 0.25], "texture": "#0"}
			}
		},
		{
			"from": [17, 4.15538, 20.98254],
			"to": [20, 5.15538, 22.98254],
			"rotation": {"angle": 22.5, "axis": "x", "origin": [17.5, 4.65538, 21.98254]},
			"faces": {
				"north": {"uv": [0, 0, 0.375, 0.125], "texture": "#0"},
				"east": {"uv": [0, 0, 0.25, 0.125], "texture": "#0"},
				"south": {"uv": [0, 0, 0.375, 0.125], "texture": "#0"},
				"west": {"uv": [0, 0, 0.25, 0.125], "texture": "#0"},
				"up": {"uv": [0, 0, 0.375, 0.25], "texture": "#0"},
				"down": {"uv": [0, 0, 0.375, 0.25], "texture": "#0"}
			}
		},
		{
			"from": [17, 2.80585, 23.61433],
			"to": [20, 4.80585, 24.61433],
			"rotation": {"angle": -45, "axis": "x", "origin": [17.5, 2.93959, 23.94201]},
			"faces": {
				"north": {"uv": [0, 0, 0.375, 0.25], "rotation": 180, "texture": "#0"},
				"east": {"uv": [0, 0, 0.25, 0.125], "rotation": 270, "texture": "#0"},
				"south": {"uv": [0, 0, 0.375, 0.25], "texture": "#0"},
				"west": {"uv": [0, 0, 0.25, 0.125], "rotation": 90, "texture": "#0"},
				"up": {"uv": [15.625, 0, 16, 0.25], "rotation": 180, "texture": "#0"},
				"down": {"uv": [0, 0, 0.375, 0.125], "texture": "#0"}
			}
		},
		{
			"from": [17, 1.07332, 23.61433],
			"to": [20, 3.07332, 24.61433],
			"rotation": {"angle": -22.5, "axis": "x", "origin": [17.5, 2.93959, 23.94201]},
			"faces": {
				"north": {"uv": [0, 0, 0.375, 0.25], "rotation": 180, "texture": "#0"},
				"east": {"uv": [0, 0, 0.25, 0.125], "rotation": 270, "texture": "#0"},
				"south": {"uv": [0, 0, 0.375, 0.25], "texture": "#0"},
				"west": {"uv": [0, 0, 0.25, 0.125], "rotation": 90, "texture": "#0"},
				"up": {"uv": [15.625, 0, 16, 0.25], "rotation": 180, "texture": "#0"},
				"down": {"uv": [0, 0, 0.375, 0.125], "texture": "#0"}
			}
		},
		{
			"from": [17, -3.42284, 20.38183],
			"to": [20, -2.42284, 22.38183],
			"rotation": {"angle": -22.5, "axis": "x", "origin": [17.5, -1.80648, 23.66098]},
			"faces": {
				"north": {"uv": [0, 0, 0.375, 0.125], "rotation": 180, "texture": "#0"},
				"east": {"uv": [0, 0, 0.25, 0.125], "rotation": 180, "texture": "#0"},
				"south": {"uv": [0, 0, 0.375, 0.125], "rotation": 180, "texture": "#0"},
				"west": {"uv": [0, 0, 0.25, 0.125], "rotation": 180, "texture": "#0"},
				"up": {"uv": [0, 0, 0.375, 0.25], "texture": "#0"},
				"down": {"uv": [0, 0, 0.375, 0.25], "texture": "#0"}
			}
		},
		{
			"from": [17, -0.52734, 24.27734],
			"to": [20, 1.47266, 25.27734],
			"rotation": {"angle": 0, "axis": "x", "origin": [17.5, -1.80648, 23.66098]},
			"faces": {
				"north": {"uv": [0, 0, 0.375, 0.25], "rotation": 180, "texture": "#0"},
				"east": {"uv": [0, 0, 0.25, 0.125], "rotation": 270, "texture": "#0"},
				"south": {"uv": [0, 0, 0.375, 0.25], "texture": "#0"},
				"west": {"uv": [0, 0, 0.25, 0.125], "rotation": 90, "texture": "#0"},
				"up": {"uv": [15.625, 0, 16, 0.25], "rotation": 180, "texture": "#0"},
				"down": {"uv": [0, 0, 0.375, 0.125], "texture": "#0"}
			}
		},
		{
			"from": [17, -3.60681, 23.66479],
			"to": [20, -1.60681, 24.66479],
			"rotation": {"angle": 45, "axis": "x", "origin": [17.5, -1.80648, 23.66098]},
			"faces": {
				"north": {"uv": [0, 0, 0.375, 0.25], "rotation": 180, "texture": "#0"},
				"east": {"uv": [0, 0, 0.25, 0.125], "rotation": 270, "texture": "#0"},
				"south": {"uv": [0, 0, 0.375, 0.25], "texture": "#0"},
				"west": {"uv": [0, 0, 0.25, 0.125], "rotation": 90, "texture": "#0"},
				"up": {"uv": [15.625, 0, 16, 0.25], "rotation": 180, "texture": "#0"},
				"down": {"uv": [0, 0, 0.375, 0.125], "texture": "#0"}
			}
		},
		{
			"from": [17, -2.00615, 23.66479],
			"to": [20, -0.00615, 24.66479],
			"rotation": {"angle": 22.5, "axis": "x", "origin": [17.5, -1.80648, 23.66098]},
			"faces": {
				"north": {"uv": [0, 0, 0.375, 0.25], "rotation": 180, "texture": "#0"},
				"east": {"uv": [0, 0, 0.25, 0.125], "rotation": 270, "texture": "#0"},
				"south": {"uv": [0, 0, 0.375, 0.25], "texture": "#0"},
				"west": {"uv": [0, 0, 0.25, 0.125], "rotation": 90, "texture": "#0"},
				"up": {"uv": [15.625, 0, 16, 0.25], "rotation": 180, "texture": "#0"},
				"down": {"uv": [0, 0, 0.375, 0.125], "texture": "#0"}
			}
		},
		{
			"from": [17, 3.36817, 19.25],
			"to": [20, 4.36817, 21.25],
			"rotation": {"angle": -22.5, "axis": "x", "origin": [17.5, -0.09326, 17.40494]},
			"faces": {
				"north": {"uv": [0, 0, 0.375, 0.125], "texture": "#0"},
				"east": {"uv": [0, 0, 0.25, 0.125], "texture": "#0"},
				"south": {"uv": [0, 0, 0.375, 0.125], "texture": "#0"},
				"west": {"uv": [0, 0, 0.25, 0.125], "texture": "#0"},
				"up": {"uv": [0, 0, 0.375, 0.25], "texture": "#0"},
				"down": {"uv": [0, 0, 0.375, 0.25], "texture": "#0"}
			}
		},
		{
			"from": [17, -0.52734, 15.22266],
			"to": [20, 1.47266, 16.22266],
			"rotation": {"angle": 0, "axis": "x", "origin": [17.5, -0.09326, 17.40494]},
			"faces": {
				"north": {"uv": [0, 0, 0.375, 0.25], "rotation": 180, "texture": "#0"},
				"east": {"uv": [0, 0, 0.25, 0.125], "rotation": 90, "texture": "#0"},
				"south": {"uv": [0, 0, 0.375, 0.25], "texture": "#0"},
				"west": {"uv": [0, 0, 0.25, 0.125], "rotation": 270, "texture": "#0"},
				"up": {"uv": [15.625, 0, 16, 0.25], "texture": "#0"},
				"down": {"uv": [0, 0, 0.375, 0.125], "rotation": 180, "texture": "#0"}
			}
		},
		{
			"from": [17, -2.70485, 14.78953],
			"to": [20, -0.70485, 15.78953],
			"rotation": {"angle": -45, "axis": "x", "origin": [17.5, -0.09326, 17.40494]},
			"faces": {
				"north": {"uv": [0, 0, 0.375, 0.25], "rotation": 180, "texture": "#0"},
				"east": {"uv": [0, 0, 0.25, 0.125], "rotation": 90, "texture": "#0"},
				"south": {"uv": [0, 0, 0.375, 0.25], "texture": "#0"},
				"west": {"uv": [0, 0, 0.25, 0.125], "rotation": 270, "texture": "#0"},
				"up": {"uv": [15.625, 0, 16, 0.25], "texture": "#0"},
				"down": {"uv": [0, 0, 0.375, 0.125], "rotation": 180, "texture": "#0"}
			}
		},
		{
			"from": [17, 2.32249, 18.81687],
			"to": [20, 3.32249, 20.81687],
			"rotation": {"angle": -45, "axis": "x", "origin": [17.5, -0.09326, 17.40494]},
			"faces": {
				"north": {"uv": [0, 0, 0.375, 0.125], "texture": "#0"},
				"east": {"uv": [0, 0, 0.25, 0.125], "texture": "#0"},
				"south": {"uv": [0, 0, 0.375, 0.125], "texture": "#0"},
				"west": {"uv": [0, 0, 0.25, 0.125], "texture": "#0"},
				"up": {"uv": [0, 0, 0.375, 0.25], "texture": "#0"},
				"down": {"uv": [0, 0, 0.375, 0.25], "texture": "#0"}
			}
		},
		{
			"from": [17, -3.509, 18.81687],
			"to": [20, -2.509, 20.81687],
			"rotation": {"angle": 22.5, "axis": "x", "origin": [17.5, -0.09326, 17.40494]},
			"faces": {
				"north": {"uv": [0, 0, 0.375, 0.125], "rotation": 180, "texture": "#0"},
				"east": {"uv": [0, 0, 0.25, 0.125], "rotation": 180, "texture": "#0"},
				"south": {"uv": [0, 0, 0.375, 0.125], "rotation": 180, "texture": "#0"},
				"west": {"uv": [0, 0, 0.25, 0.125], "rotation": 180, "texture": "#0"},
				"up": {"uv": [0, 0, 0.375, 0.25], "texture": "#0"},
				"down": {"uv": [0, 0, 0.375, 0.25], "texture": "#0"}
			}
		},
		{
			"from": [17, 0.51834, 14.78953],
			"to": [20, 2.51834, 15.78953],
			"rotation": {"angle": 22.5, "axis": "x", "origin": [17.5, -0.09326, 17.40494]},
			"faces": {
				"north": {"uv": [0, 0, 0.375, 0.25], "rotation": 180, "texture": "#0"},
				"east": {"uv": [0, 0, 0.25, 0.125], "rotation": 90, "texture": "#0"},
				"south": {"uv": [0, 0, 0.375, 0.25], "texture": "#0"},
				"west": {"uv": [0, 0, 0.25, 0.125], "rotation": 270, "texture": "#0"},
				"up": {"uv": [15.625, 0, 16, 0.25], "texture": "#0"},
				"down": {"uv": [0, 0, 0.375, 0.125], "rotation": 180, "texture": "#0"}
			}
		},
		{
			"from": [17, -1.65917, 15.22266],
			"to": [20, 0.34083, 16.22266],
			"rotation": {"angle": -22.5, "axis": "x", "origin": [17.5, -0.09326, 17.40494]},
			"faces": {
				"north": {"uv": [0, 0, 0.375, 0.25], "rotation": 180, "texture": "#0"},
				"east": {"uv": [0, 0, 0.25, 0.125], "rotation": 90, "texture": "#0"},
				"south": {"uv": [0, 0, 0.375, 0.25], "texture": "#0"},
				"west": {"uv": [0, 0, 0.25, 0.125], "rotation": 270, "texture": "#0"},
				"up": {"uv": [15.625, 0, 16, 0.25], "texture": "#0"},
				"down": {"uv": [0, 0, 0.375, 0.125], "rotation": 180, "texture": "#0"}
			}
		},
		{
			"from": [17, -4.55468, 19.25],
			"to": [20, -3.55468, 21.25],
			"rotation": {"angle": 0, "axis": "x", "origin": [17.5, -0.09326, 17.40494]},
			"faces": {
				"north": {"uv": [0, 0, 0.375, 0.125], "rotation": 180, "texture": "#0"},
				"east": {"uv": [0, 0, 0.25, 0.125], "rotation": 180, "texture": "#0"},
				"south": {"uv": [0, 0, 0.375, 0.125], "rotation": 180, "texture": "#0"},
				"west": {"uv": [0, 0, 0.25, 0.125], "rotation": 180, "texture": "#0"},
				"up": {"uv": [0, 0, 0.375, 0.25], "texture": "#0"},
				"down": {"uv": [0, 0, 0.375, 0.25], "texture": "#0"}
			}
		},
		{
			"from": [16.75, -1.40087, 14.71741],
			"to": [20.25, 1.59913, 14.96741],
			"rotation": {"angle": 0, "axis": "y", "origin": [26, 7.09913, 6.96741]},
			"faces": {
				"north": {"uv": [0.4375, 0.75, 0, 1.125], "texture": "#0"},
				"east": {"uv": [0.03125, 0.875, 0, 1.25], "texture": "#0"},
				"south": {"uv": [0.4375, 1, 0, 1.03125], "texture": "#0"},
				"west": {"uv": [0.03125, 0.875, 0, 1.25], "texture": "#0"},
				"up": {"uv": [0, 1.03125, 0.4375, 1], "texture": "#0"},
				"down": {"uv": [0, 1.15625, 0.4375, 1.125], "texture": "#0"}
			}
		},
		{
			"from": [-4.25, -1.40087, 14.71741],
			"to": [-0.75, 1.59913, 14.96741],
			"rotation": {"angle": 0, "axis": "y", "origin": [5, 7.09913, 6.96741]},
			"faces": {
				"north": {"uv": [0.4375, 0.75, 0, 1.125], "texture": "#0"},
				"east": {"uv": [0.03125, 0.875, 0, 1.25], "texture": "#0"},
				"south": {"uv": [0.4375, 1, 0, 1.03125], "texture": "#0"},
				"west": {"uv": [0.03125, 0.875, 0, 1.25], "texture": "#0"},
				"up": {"uv": [0, 1.03125, 0.4375, 1], "texture": "#0"},
				"down": {"uv": [0, 1.15625, 0.4375, 1.125], "texture": "#0"}
			}
		},
		{
			"from": [16.75, 1.45614, 15.18625],
			"to": [20.25, 3.70614, 15.43625],
			"rotation": {"angle": 22.5, "axis": "x", "origin": [18.5, 2.70614, 15.31125]},
			"faces": {
				"north": {"uv": [0.4375, 0.75, 0, 1.125], "texture": "#0"},
				"east": {"uv": [0.03125, 0.875, 0, 1.25], "texture": "#0"},
				"south": {"uv": [0.4375, 1, 0, 1.03125], "texture": "#0"},
				"west": {"uv": [0.03125, 0.875, 0, 1.25], "texture": "#0"},
				"up": {"uv": [0, 1.03125, 0.4375, 1], "texture": "#0"},
				"down": {"uv": [0.5, 0.03125, 0.9375, 0], "texture": "#0"}
			}
		},
		{
			"from": [-4.25, 1.45614, 15.18625],
			"to": [-0.75, 3.70614, 15.43625],
			"rotation": {"angle": 22.5, "axis": "x", "origin": [-2.5, 2.70614, 15.31125]},
			"faces": {
				"north": {"uv": [0.4375, 0.75, 0, 1.125], "texture": "#0"},
				"east": {"uv": [0.03125, 0.875, 0, 1.25], "texture": "#0"},
				"south": {"uv": [0.4375, 1, 0, 1.03125], "texture": "#0"},
				"west": {"uv": [0.03125, 0.875, 0, 1.25], "texture": "#0"},
				"up": {"uv": [0, 1.03125, 0.4375, 1], "texture": "#0"},
				"down": {"uv": [0.5, 0.03125, 0.9375, 0], "texture": "#0"}
			}
		},
		{
			"from": [16.75, 3.22335, 16.42572],
			"to": [20.25, 5.47335, 16.67572],
			"rotation": {"angle": 45, "axis": "x", "origin": [18.5, 4.47335, 16.55072]},
			"faces": {
				"north": {"uv": [0.4375, 0.875, 0, 1.25], "texture": "#0"},
				"east": {"uv": [0.03125, 0.875, 0, 1.25], "texture": "#0"},
				"south": {"uv": [0.4375, 1, 0, 1.03125], "texture": "#0"},
				"west": {"uv": [0.03125, 0.875, 0, 1.25], "texture": "#0"},
				"up": {"uv": [0, 1.03125, 0.4375, 1], "texture": "#0"},
				"down": {"uv": [0.5, 0.03125, 0.9375, 0], "texture": "#0"}
			}
		},
		{
			"from": [-4.25, 3.22335, 16.42572],
			"to": [-0.75, 5.47335, 16.67572],
			"rotation": {"angle": 45, "axis": "x", "origin": [-2.5, 4.47335, 16.55072]},
			"faces": {
				"north": {"uv": [0.4375, 0.875, 0, 1.25], "texture": "#0"},
				"east": {"uv": [0.03125, 0.875, 0, 1.25], "texture": "#0"},
				"south": {"uv": [0.4375, 1, 0, 1.03125], "texture": "#0"},
				"west": {"uv": [0.03125, 0.875, 0, 1.25], "texture": "#0"},
				"up": {"uv": [0, 1.03125, 0.4375, 1], "texture": "#0"},
				"down": {"uv": [0.5, 0.03125, 0.9375, 0], "texture": "#0"}
			}
		},
		{
			"from": [16.75, 5.41105, 17.14115],
			"to": [20.25, 5.66105, 19.14115],
			"rotation": {"angle": -22.5, "axis": "x", "origin": [18.5, 5.53605, 18.14115]},
			"faces": {
				"north": {"uv": [0.4375, 0, 0, 0.03125], "texture": "#0"},
				"east": {"uv": [0.125, 1.25, 0.15625, 0.875], "rotation": 90, "texture": "#0"},
				"south": {"uv": [0.9375, 0, 0.5, 0.03125], "rotation": 180, "texture": "#0"},
				"west": {"uv": [0, 1.25, 0.03125, 0.875], "rotation": 270, "texture": "#0"},
				"up": {"uv": [0, 1.25, 0.4375, 1], "texture": "#0"},
				"down": {"uv": [0, 1.03125, 0.4375, 1], "rotation": 180, "texture": "#0"}
			}
		},
		{
			"from": [-4.25, 5.41105, 17.14115],
			"to": [-0.75, 5.66105, 19.14115],
			"rotation": {"angle": -22.5, "axis": "x", "origin": [-2.5, 5.53605, 18.14115]},
			"faces": {
				"north": {"uv": [0.4375, 0, 0, 0.03125], "texture": "#0"},
				"east": {"uv": [0.125, 1.25, 0.15625, 0.875], "rotation": 90, "texture": "#0"},
				"south": {"uv": [0.9375, 0, 0.5, 0.03125], "rotation": 180, "texture": "#0"},
				"west": {"uv": [0, 1.25, 0.03125, 0.875], "rotation": 270, "texture": "#0"},
				"up": {"uv": [0, 1.25, 0.4375, 1], "texture": "#0"},
				"down": {"uv": [0, 1.03125, 0.4375, 1], "rotation": 180, "texture": "#0"}
			}
		},
		{
			"from": [16.75, 5.78421, 19.0172],
			"to": [20.25, 6.03421, 21.5172],
			"rotation": {"angle": 0, "axis": "x", "origin": [18.5, 5.90921, 20.0172]},
			"faces": {
				"north": {"uv": [0.4375, 0, 0, 0.03125], "texture": "#0"},
				"east": {"uv": [0, 1.25, 0.03125, 0.875], "rotation": 90, "texture": "#0"},
				"south": {"uv": [0.4375, 0.875, 0, 0.90625], "rotation": 180, "texture": "#0"},
				"west": {"uv": [0, 1.25, 0.03125, 0.875], "rotation": 270, "texture": "#0"},
				"up": {"uv": [0, 1.375, 0.4375, 1], "texture": "#0"},
				"down": {"uv": [0, 1.03125, 0.4375, 1], "rotation": 180, "texture": "#0"}
			}
		},
		{
			"from": [16.75, -1.40087, 25.53259],
			"to": [20.25, 1.59913, 25.78259],
			"rotation": {"angle": 0, "axis": "y", "origin": [26, 7.09913, 33.53259]},
			"faces": {
				"north": {"uv": [0, 1, 0.4375, 1.03125], "texture": "#0"},
				"east": {"uv": [0, 0.875, 0.03125, 1.25], "texture": "#0"},
				"south": {"uv": [0, 0.75, 0.4375, 1.125], "texture": "#0"},
				"west": {"uv": [0, 0.875, 0.03125, 1.25], "texture": "#0"},
				"up": {"uv": [0, 1, 0.4375, 1.03125], "texture": "#0"},
				"down": {"uv": [0, 1.125, 0.4375, 1.15625], "texture": "#0"}
			}
		},
		{
			"from": [-4.25, -1.40087, 25.53259],
			"to": [-0.75, 1.59913, 25.78259],
			"rotation": {"angle": 0, "axis": "y", "origin": [5, 7.09913, 33.53259]},
			"faces": {
				"north": {"uv": [0, 1, 0.4375, 1.03125], "texture": "#0"},
				"east": {"uv": [0, 0.875, 0.03125, 1.25], "texture": "#0"},
				"south": {"uv": [0, 0.75, 0.4375, 1.125], "texture": "#0"},
				"west": {"uv": [0, 0.875, 0.03125, 1.25], "texture": "#0"},
				"up": {"uv": [0, 1, 0.4375, 1.03125], "texture": "#0"},
				"down": {"uv": [0, 1.125, 0.4375, 1.15625], "texture": "#0"}
			}
		},
		{
			"from": [16.75, 1.45614, 25.06375],
			"to": [20.25, 3.70614, 25.31375],
			"rotation": {"angle": -22.5, "axis": "x", "origin": [18.5, 2.70614, 25.18875]},
			"faces": {
				"north": {"uv": [0, 1, 0.4375, 1.03125], "texture": "#0"},
				"east": {"uv": [0, 0.875, 0.03125, 1.25], "texture": "#0"},
				"south": {"uv": [0, 0.75, 0.4375, 1.125], "texture": "#0"},
				"west": {"uv": [0, 0.875, 0.03125, 1.25], "texture": "#0"},
				"up": {"uv": [0, 1, 0.4375, 1.03125], "texture": "#0"},
				"down": {"uv": [0.5, 0, 0.9375, 0.03125], "texture": "#0"}
			}
		},
		{
			"from": [-4.25, 1.45614, 25.06375],
			"to": [-0.75, 3.70614, 25.31375],
			"rotation": {"angle": -22.5, "axis": "x", "origin": [-2.5, 2.70614, 25.18875]},
			"faces": {
				"north": {"uv": [0, 1, 0.4375, 1.03125], "texture": "#0"},
				"east": {"uv": [0, 0.875, 0.03125, 1.25], "texture": "#0"},
				"south": {"uv": [0, 0.75, 0.4375, 1.125], "texture": "#0"},
				"west": {"uv": [0, 0.875, 0.03125, 1.25], "texture": "#0"},
				"up": {"uv": [0, 1, 0.4375, 1.03125], "texture": "#0"},
				"down": {"uv": [0.5, 0, 0.9375, 0.03125], "texture": "#0"}
			}
		},
		{
			"from": [16.75, 3.22335, 23.82428],
			"to": [20.25, 5.47335, 24.07428],
			"rotation": {"angle": -45, "axis": "x", "origin": [18.5, 4.47335, 23.94928]},
			"faces": {
				"north": {"uv": [0, 1, 0.4375, 1.03125], "texture": "#0"},
				"east": {"uv": [0, 0.875, 0.03125, 1.25], "texture": "#0"},
				"south": {"uv": [0, 0.875, 0.4375, 1.25], "texture": "#0"},
				"west": {"uv": [0, 0.875, 0.03125, 1.25], "texture": "#0"},
				"up": {"uv": [0, 1, 0.4375, 1.03125], "texture": "#0"},
				"down": {"uv": [0.5, 0, 0.9375, 0.03125], "texture": "#0"}
			}
		},
		{
			"from": [-4.25, 3.22335, 23.82428],
			"to": [-0.75, 5.47335, 24.07428],
			"rotation": {"angle": -45, "axis": "x", "origin": [-2.5, 4.47335, 23.94928]},
			"faces": {
				"north": {"uv": [0, 1, 0.4375, 1.03125], "texture": "#0"},
				"east": {"uv": [0, 0.875, 0.03125, 1.25], "texture": "#0"},
				"south": {"uv": [0, 0.875, 0.4375, 1.25], "texture": "#0"},
				"west": {"uv": [0, 0.875, 0.03125, 1.25], "texture": "#0"},
				"up": {"uv": [0, 1, 0.4375, 1.03125], "texture": "#0"},
				"down": {"uv": [0.5, 0, 0.9375, 0.03125], "texture": "#0"}
			}
		},
		{
			"from": [16.75, 5.41105, 21.35885],
			"to": [20.25, 5.66105, 23.35885],
			"rotation": {"angle": 22.5, "axis": "x", "origin": [18.5, 5.53605, 22.35885]},
			"faces": {
				"north": {"uv": [0.5, 0, 0.9375, 0.03125], "rotation": 180, "texture": "#0"},
				"east": {"uv": [0.125, 0.875, 0.15625, 1.25], "rotation": 90, "texture": "#0"},
				"south": {"uv": [0, 0, 0.4375, 0.03125], "texture": "#0"},
				"west": {"uv": [0, 0.875, 0.03125, 1.25], "rotation": 270, "texture": "#0"},
				"up": {"uv": [0, 1, 0.4375, 1.25], "texture": "#0"},
				"down": {"uv": [0, 1, 0.4375, 1.03125], "rotation": 180, "texture": "#0"}
			}
		},
		{
			"from": [-4.25, 5.41105, 21.35885],
			"to": [-0.75, 5.66105, 23.35885],
			"rotation": {"angle": 22.5, "axis": "x", "origin": [-2.5, 5.53605, 22.35885]},
			"faces": {
				"north": {"uv": [0.5, 0, 0.9375, 0.03125], "rotation": 180, "texture": "#0"},
				"east": {"uv": [0.125, 0.875, 0.15625, 1.25], "rotation": 90, "texture": "#0"},
				"south": {"uv": [0, 0, 0.4375, 0.03125], "texture": "#0"},
				"west": {"uv": [0, 0.875, 0.03125, 1.25], "rotation": 270, "texture": "#0"},
				"up": {"uv": [0, 1, 0.4375, 1.25], "texture": "#0"},
				"down": {"uv": [0, 1, 0.4375, 1.03125], "rotation": 180, "texture": "#0"}
			}
		},
		{
			"from": [-4.25, 5.78421, 18.9828],
			"to": [-0.75, 6.03421, 21.4828],
			"rotation": {"angle": 0, "axis": "x", "origin": [-2.5, 5.90921, 20.4828]},
			"faces": {
				"north": {"uv": [0, 0.875, 0.4375, 0.90625], "rotation": 180, "texture": "#0"},
				"east": {"uv": [0, 0.875, 0.03125, 1.25], "rotation": 90, "texture": "#0"},
				"south": {"uv": [0, 0, 0.4375, 0.03125], "texture": "#0"},
				"west": {"uv": [0, 0.875, 0.03125, 1.25], "rotation": 270, "texture": "#0"},
				"up": {"uv": [0, 1, 0.4375, 1.375], "texture": "#0"},
				"down": {"uv": [0, 1, 0.4375, 1.03125], "rotation": 180, "texture": "#0"}
			}
		}
	],
	"display": {
		"thirdperson_righthand": {
			"rotation": [0, 90, 35],
			"translation": [-6, 8, 2]
		},
		"thirdperson_lefthand": {
			"rotation": [0, -90, -35],
			"translation": [-6, 8, 2]
		},
		"firstperson_righthand": {
			"rotation": [0, 90, 35],
			"translation": [-9, 4, 4]
		},
		"firstperson_lefthand": {
			"rotation": [0, -90, -35],
			"translation": [-9, 4, 4]
		},
		"ground": {
			"translation": [0, 4.5, 0]
		},
		"gui": {
			"scale": [0.65, 0.65, 0.65]
		},
		"head": {
			"translation": [0, -7, -11.25],
			"scale": [3, 3, 3]
		},
		"fixed": {
			"rotation": [-90, 145, 0],
			"translation": [0, 0, -8.5]
		}
	},
	"groups": [0, 1, 2, 3, 4,
		{
			"name": "wheel2",
			"origin": [-3.5, -0.09326, -7.59506],
			"children": [5, 6, 7, 8, 9, 10, 11, 12, 13, 14, 15, 16, 17, 18, 19, 20, 21, 22, 23, 24]
		},
		{
			"name": "spatborden voor",
			"origin": [8, 8, 8],
			"children": [25, 26, 27, 28, 29, 30, 31, 32, 33, 34]
		},
		{
			"name": "fuel tank",
			"origin": [8, 8, 8],
			"children": [35, 36, 37, 38, 39, 40, 41, 42, 43, 44, 45, 46, 47, 48, 49, 50, 51]
		},
		{
			"name": "antenna",
			"origin": [8, 8, 8],
			"children": [52, 53, 54,
				{
					"name": "octagon",
					"origin": [8, 8, 8],
					"children": [55, 56, 57, 58, 59, 60, 61, 62]
				},
				{
					"name": "octagon",
					"origin": [8, 8, 8],
					"children": [63, 64, 65, 66]
				},
				{
					"name": "octagon",
					"origin": [8, 8, 8],
					"children": [67, 68, 69, 70, 71, 72, 73, 74]
				},
				{
					"name": "octagon",
					"origin": [8, 8, 8],
					"children": [75, 76, 77, 78, 79, 80, 81, 82]
				}
			]
		},
		{
			"name": "chair",
			"origin": [8, 8, 8],
			"children": [83, 84, 85]
		}, 86, 87, 88, 89, 90, 91,
		{
			"name": "wheel1",
			"origin": [-3.5, -0.09326, -7.59506],
			"children": [92, 93, 94, 95, 96, 97, 98, 99, 100, 101, 102, 103, 104, 105, 106, 107, 108, 109, 110, 111]
		},
		{
			"name": "wheel1",
			"origin": [-3.5, -0.09326, -7.59506],
			"children": [112, 113, 114, 115, 116, 117, 118, 119, 120, 121, 122, 123, 124, 125, 126, 127, 128, 129, 130, 131]
		},
		{
			"name": "wheel1",
			"origin": [-3.5, -0.09326, -7.59506],
			"children": [132, 133, 134, 135, 136, 137, 138, 139, 140, 141, 142, 143, 144, 145, 146, 147, 148, 149, 150, 151]
		},
		{
			"name": "spatborden voor",
			"origin": [8, 8, 8],
			"children": [152, 153, 154, 155, 156, 157, 158, 159, 160]
		},
		{
			"name": "spatborden voor",
			"origin": [8, 8, 8],
			"children": [161, 162, 163, 164, 165, 166, 167, 168, 169]
		}
	]
}