{
	"credit": "Made with Blockbench",
	"texture_size": [128, 128],
	"textures": {
		"0": "expansion:vehicles/rocket/rocket",
		"particle": "expansion:vehicles/rocket/rocket"
	},
	"elements": [
		{
			"from": [12.625, -5.5, 1.4375],
			"to": [15.625, -4.5, 2.4375],
			"rotation": {"angle": -45, "axis": "y", "origin": [14.125, -5, 1.9375]},
			"faces": {
				"north": {"uv": [5.125, 0, 5.5, 0.125], "texture": "#0"},
				"east": {"uv": [0, 0, 0.125, 0.125], "texture": "#0"},
				"south": {"uv": [0, 0, 0.375, 0.125], "texture": "#0"},
				"west": {"uv": [0, 0, 0.125, 0.125], "texture": "#0"},
				"up": {"uv": [5.125, 0.125, 5.5, 0.25], "texture": "#0"},
				"down": {"uv": [0, 0, 0.375, 0.125], "texture": "#0"}
			}
		},
		{
			"from": [0.375, -5.5, 1.4375],
			"to": [3.375, -4.5, 2.4375],
			"rotation": {"angle": 45, "axis": "y", "origin": [1.875, -5, 1.9375]},
			"faces": {
				"north": {"uv": [5.5, 0, 5.125, 0.125], "texture": "#0"},
				"east": {"uv": [0.125, 0, 0, 0.125], "texture": "#0"},
				"south": {"uv": [0.375, 0, 0, 0.125], "texture": "#0"},
				"west": {"uv": [0.125, 0, 0, 0.125], "texture": "#0"},
				"up": {"uv": [5.5, 0.125, 5.125, 0.25], "texture": "#0"},
				"down": {"uv": [0.375, 0, 0, 0.125], "texture": "#0"}
			}
		},
		{
			"from": [0.375, -5.5, 13.5625],
			"to": [3.375, -4.5, 14.5625],
			"rotation": {"angle": -45, "axis": "y", "origin": [1.875, -5, 14.0625]},
			"faces": {
				"north": {"uv": [0, 0, 0.375, 0.125], "texture": "#0"},
				"east": {"uv": [0, 0, 0.125, 0.125], "texture": "#0"},
				"south": {"uv": [5.125, 0, 5.5, 0.125], "texture": "#0"},
				"west": {"uv": [0, 0, 0.125, 0.125], "texture": "#0"},
				"up": {"uv": [5.5, 0.25, 5.125, 0.125], "texture": "#0"},
				"down": {"uv": [0.375, 0.125, 0, 0], "texture": "#0"}
			}
		},
		{
			"from": [12.625, -5.5, 13.5625],
			"to": [15.625, -4.5, 14.5625],
			"rotation": {"angle": 45, "axis": "y", "origin": [14.125, -5, 14.0625]},
			"faces": {
				"north": {"uv": [0.375, 0, 0, 0.125], "texture": "#0"},
				"east": {"uv": [0.125, 0, 0, 0.125], "texture": "#0"},
				"south": {"uv": [5.5, 0, 5.125, 0.125], "texture": "#0"},
				"west": {"uv": [0.125, 0, 0, 0.125], "texture": "#0"},
				"up": {"uv": [5.125, 0.25, 5.5, 0.125], "texture": "#0"},
				"down": {"uv": [0, 0.125, 0.375, 0], "texture": "#0"}
			}
		},
		{
			"from": [12.625, -4.5, 1.6875],
			"to": [15.125, -3.5, 2.6875],
			"rotation": {"angle": -45, "axis": "y", "origin": [13.875, -4, 2.1875]},
			"faces": {
				"north": {"uv": [5.125, 0.375, 5.4375, 0.5], "texture": "#0"},
				"east": {"uv": [0, 0, 0.125, 0.125], "texture": "#0"},
				"south": {"uv": [0, 0, 0.3125, 0.125], "texture": "#0"},
				"west": {"uv": [0, 0, 0.125, 0.125], "texture": "#0"},
				"up": {"uv": [5.125, 0.5, 5.4375, 0.625], "texture": "#0"},
				"down": {"uv": [0, 0, 0.3125, 0.125], "texture": "#0"}
			}
		},
		{
			"from": [0.875, -4.5, 1.6875],
			"to": [3.375, -3.5, 2.6875],
			"rotation": {"angle": 45, "axis": "y", "origin": [2.125, -4, 2.1875]},
			"faces": {
				"north": {"uv": [5.4375, 0.375, 5.125, 0.5], "texture": "#0"},
				"east": {"uv": [0.125, 0, 0, 0.125], "texture": "#0"},
				"south": {"uv": [0.3125, 0, 0, 0.125], "texture": "#0"},
				"west": {"uv": [0.125, 0, 0, 0.125], "texture": "#0"},
				"up": {"uv": [5.4375, 0.5, 5.125, 0.625], "texture": "#0"},
				"down": {"uv": [0.3125, 0, 0, 0.125], "texture": "#0"}
			}
		},
		{
			"from": [0.875, -4.5, 13.3125],
			"to": [3.375, -3.5, 14.3125],
			"rotation": {"angle": -45, "axis": "y", "origin": [2.125, -4, 13.8125]},
			"faces": {
				"north": {"uv": [0, 0, 0.3125, 0.125], "texture": "#0"},
				"east": {"uv": [0, 0, 0.125, 0.125], "texture": "#0"},
				"south": {"uv": [5.125, 0.375, 5.4375, 0.5], "texture": "#0"},
				"west": {"uv": [0, 0, 0.125, 0.125], "texture": "#0"},
				"up": {"uv": [5.4375, 0.625, 5.125, 0.5], "texture": "#0"},
				"down": {"uv": [0.3125, 0.125, 0, 0], "texture": "#0"}
			}
		},
		{
			"from": [12.625, -4.5, 13.3125],
			"to": [15.125, -3.5, 14.3125],
			"rotation": {"angle": 45, "axis": "y", "origin": [13.875, -4, 13.8125]},
			"faces": {
				"north": {"uv": [0.3125, 0, 0, 0.125], "texture": "#0"},
				"east": {"uv": [0.125, 0, 0, 0.125], "texture": "#0"},
				"south": {"uv": [5.4375, 0.375, 5.125, 0.5], "texture": "#0"},
				"west": {"uv": [0.125, 0, 0, 0.125], "texture": "#0"},
				"up": {"uv": [5.125, 0.625, 5.4375, 0.5], "texture": "#0"},
				"down": {"uv": [0, 0.125, 0.3125, 0], "texture": "#0"}
			}
		},
		{
			"from": [12.625, -3.5, 1.6875],
			"to": [14.125, -2.5, 2.6875],
			"rotation": {"angle": -45, "axis": "y", "origin": [13.375, -3, 2.1875]},
			"faces": {
				"north": {"uv": [5.25, 1, 5.4375, 1.125], "texture": "#0"},
				"east": {"uv": [0, 0, 0.125, 0.125], "texture": "#0"},
				"south": {"uv": [0, 0, 0.1875, 0.125], "texture": "#0"},
				"west": {"uv": [0, 0, 0.125, 0.125], "texture": "#0"},
				"up": {"uv": [5.25, 1.125, 5.4375, 1.25], "texture": "#0"},
				"down": {"uv": [0, 0, 0.1875, 0.125], "texture": "#0"}
			}
		},
		{
			"from": [1.875, -3.5, 1.6875],
			"to": [3.375, -2.5, 2.6875],
			"rotation": {"angle": 45, "axis": "y", "origin": [2.625, -3, 2.1875]},
			"faces": {
				"north": {"uv": [5.4375, 1, 5.25, 1.125], "texture": "#0"},
				"east": {"uv": [0.125, 0, 0, 0.125], "texture": "#0"},
				"south": {"uv": [0.1875, 0, 0, 0.125], "texture": "#0"},
				"west": {"uv": [0.125, 0, 0, 0.125], "texture": "#0"},
				"up": {"uv": [5.4375, 1.125, 5.25, 1.25], "texture": "#0"},
				"down": {"uv": [0.1875, 0, 0, 0.125], "texture": "#0"}
			}
		},
		{
			"from": [1.875, -3.5, 13.3125],
			"to": [3.375, -2.5, 14.3125],
			"rotation": {"angle": -45, "axis": "y", "origin": [2.625, -3, 13.8125]},
			"faces": {
				"north": {"uv": [0, 0, 0.1875, 0.125], "texture": "#0"},
				"east": {"uv": [0, 0, 0.125, 0.125], "texture": "#0"},
				"south": {"uv": [5.25, 1, 5.4375, 1.125], "texture": "#0"},
				"west": {"uv": [0, 0, 0.125, 0.125], "texture": "#0"},
				"up": {"uv": [5.4375, 1.25, 5.25, 1.125], "texture": "#0"},
				"down": {"uv": [0.1875, 0.125, 0, 0], "texture": "#0"}
			}
		},
		{
			"from": [12.625, -3.5, 13.3125],
			"to": [14.125, -2.5, 14.3125],
			"rotation": {"angle": 45, "axis": "y", "origin": [13.375, -3, 13.8125]},
			"faces": {
				"north": {"uv": [0.1875, 0, 0, 0.125], "texture": "#0"},
				"east": {"uv": [0.125, 0, 0, 0.125], "texture": "#0"},
				"south": {"uv": [5.4375, 1, 5.25, 1.125], "texture": "#0"},
				"west": {"uv": [0.125, 0, 0, 0.125], "texture": "#0"},
				"up": {"uv": [5.25, 1.25, 5.4375, 1.125], "texture": "#0"},
				"down": {"uv": [0, 0.125, 0.1875, 0], "texture": "#0"}
			}
		},
		{
			"name": "octagon",
			"from": [5.51472, -6.5, 2],
			"to": [10.48528, 21.5, 3],
			"rotation": {"angle": 45, "axis": "y", "origin": [8, 8, 8]},
			"faces": {
				"north": {"uv": [15.375, 0, 16, 3.5], "texture": "#0"},
				"east": {"uv": [0, 0, 0.125, 0.125], "texture": "#0"},
				"south": {"uv": [0, 0, 0.125, 0.125], "texture": "#0"},
				"west": {"uv": [0, 0, 0.125, 0.125], "texture": "#0"},
				"up": {"uv": [0, 0, 0.125, 0.125], "texture": "#0"},
				"down": {"uv": [0, 0, 0.125, 0.125], "texture": "#0"}
			}
		},
		{
			"name": "octagon",
			"from": [5.51472, -6.5, 2],
			"to": [10.48528, 21.5, 3],
			"faces": {
				"north": {"uv": [14.625, 0, 15.25, 3.5], "texture": "#0"},
				"east": {"uv": [0, 0, 0.125, 0.125], "texture": "#0"},
				"south": {"uv": [0, 0, 0.125, 0.125], "texture": "#0"},
				"west": {"uv": [0, 0, 0.125, 0.125], "texture": "#0"},
				"up": {"uv": [0, 0, 0.125, 0.125], "texture": "#0"},
				"down": {"uv": [0, 0, 0.125, 0.125], "texture": "#0"}
			}
		},
		{
			"name": "octagon",
			"from": [5.51472, -6.5, 13],
			"to": [10.48528, 21.5, 14],
			"rotation": {"angle": 45, "axis": "y", "origin": [8, 8, 8]},
			"faces": {
				"north": {"uv": [15.375, 0, 16, 3.5], "texture": "#0"},
				"east": {"uv": [0, 0, 0.125, 0.125], "texture": "#0"},
				"south": {"uv": [15.375, 0, 16, 3.5], "texture": "#0"},
				"west": {"uv": [0, 0, 0.125, 0.125], "texture": "#0"},
				"up": {"uv": [0, 0, 0.125, 0.125], "texture": "#0"},
				"down": {"uv": [0, 0, 0.125, 0.125], "texture": "#0"}
			}
		},
		{
			"name": "octagon",
			"from": [5.51472, -6.5, 13],
			"to": [10.48528, 21.5, 14],
			"faces": {
				"north": {"uv": [15.375, 0, 16, 3.5], "texture": "#0"},
				"east": {"uv": [0, 0, 0.125, 0.125], "texture": "#0"},
				"south": {"uv": [14.625, 0, 15.25, 3.5], "texture": "#0"},
				"west": {"uv": [0, 0, 0.125, 0.125], "texture": "#0"},
				"up": {"uv": [0, 0, 0.125, 0.125], "texture": "#0"},
				"down": {"uv": [0, 0, 0.125, 0.125], "texture": "#0"}
			}
		},
		{
			"name": "octagon",
			"from": [3.61091, -6.5, 9.40381],
			"to": [4.61091, 21.5, 14.37437],
			"rotation": {"angle": 45, "axis": "y", "origin": [4.11091, 7.5, 11.88909]},
			"faces": {
				"north": {"uv": [15.375, 0, 16, 3.5], "texture": "#0"},
				"east": {"uv": [0, 0, 0.125, 0.125], "texture": "#0"},
				"south": {"uv": [0, 0, 0.125, 0.125], "texture": "#0"},
				"west": {"uv": [15.375, 0, 16, 3.5], "texture": "#0"},
				"up": {"uv": [0, 0, 0.125, 0.125], "texture": "#0"},
				"down": {"uv": [0, 0, 0.125, 0.125], "texture": "#0"}
			}
		},
		{
			"name": "octagon",
			"from": [2, -6.5, 5.51472],
			"to": [3, 21.5, 10.48528],
			"faces": {
				"north": {"uv": [15.375, 0, 16, 3.5], "texture": "#0"},
				"east": {"uv": [0, 0, 0.125, 0.125], "texture": "#0"},
				"south": {"uv": [0, 0, 0.125, 0.125], "texture": "#0"},
				"west": {"uv": [14.625, 0, 15.25, 3.5], "texture": "#0"},
				"up": {"uv": [0, 0, 0.125, 0.125], "texture": "#0"},
				"down": {"uv": [0, 0, 0.125, 0.125], "texture": "#0"}
			}
		},
		{
			"name": "octagon",
			"from": [13, -6.5, 5.51472],
			"to": [14, 21.5, 10.48528],
			"rotation": {"angle": 45, "axis": "y", "origin": [8, 8, 8]},
			"faces": {
				"north": {"uv": [15.375, 0, 16, 3.5], "texture": "#0"},
				"east": {"uv": [15.375, 0, 16, 3.5], "texture": "#0"},
				"south": {"uv": [0, 0, 0.125, 0.125], "texture": "#0"},
				"west": {"uv": [0, 0, 0.125, 0.125], "texture": "#0"},
				"up": {"uv": [0, 0, 0.125, 0.125], "texture": "#0"},
				"down": {"uv": [0, 0, 0.125, 0.125], "texture": "#0"}
			}
		},
		{
			"name": "octagon",
			"from": [13, -6.5, 5.51472],
			"to": [14, 21.5, 10.48528],
			"faces": {
				"north": {"uv": [15.375, 0, 16, 3.5], "texture": "#0"},
				"east": {"uv": [14.625, 0, 15.25, 3.5], "texture": "#0"},
				"south": {"uv": [0, 0, 0.125, 0.125], "texture": "#0"},
				"west": {"uv": [0, 0, 0.125, 0.125], "texture": "#0"},
				"up": {"uv": [0, 0, 0.125, 0.125], "texture": "#0"},
				"down": {"uv": [0, 0, 0.125, 0.125], "texture": "#0"}
			}
		},
		{
			"from": [5.51472, 21.2706, 12.84672],
			"to": [10.51472, 30.5, 13.84672],
			"rotation": {"angle": -22.5, "axis": "x", "origin": [8.01472, 21.7706, 13.34672]},
			"faces": {
				"north": {"uv": [15.375, 0, 16, 3.5], "texture": "#0"},
				"east": {"uv": [0.125, 0, 0.25, 1.15368], "texture": "#0"},
				"south": {"uv": [0.625, 0, 1.25, 1.15368], "texture": "#0"},
				"west": {"uv": [0.125, 0, 0.25, 1.15368], "texture": "#0"},
				"up": {"uv": [0, 0.125, 0.625, 0.25], "texture": "#0"},
				"down": {"uv": [0, 0.125, 0.625, 0.25], "texture": "#0"}
			}
		},
		{
			"from": [2.15328, 21.2706, 5.48528],
			"to": [3.15328, 30.5, 10.48528],
			"rotation": {"angle": -22.5, "axis": "z", "origin": [2.65328, 21.7706, 7.98528]},
			"faces": {
				"north": {"uv": [0.125, 0, 0.25, 1.15368], "texture": "#0"},
				"east": {"uv": [15.375, 0, 16, 3.5], "texture": "#0"},
				"south": {"uv": [0.125, 0, 0.25, 1.15368], "texture": "#0"},
				"west": {"uv": [0.625, 0, 1.25, 1.15368], "texture": "#0"},
				"up": {"uv": [0, 0.125, 0.625, 0.25], "rotation": 90, "texture": "#0"},
				"down": {"uv": [0, 0.125, 0.625, 0.25], "rotation": 270, "texture": "#0"}
			}
		},
		{
			"from": [12.84672, 21.2706, 5.48528],
			"to": [13.84672, 30.5, 10.48528],
			"rotation": {"angle": 22.5, "axis": "z", "origin": [13.34672, 21.7706, 7.98528]},
			"faces": {
				"north": {"uv": [0.25, 0, 0.125, 1.15368], "texture": "#0"},
				"east": {"uv": [1.25, 0, 0.625, 1.15368], "texture": "#0"},
				"south": {"uv": [0.25, 0, 0.125, 1.15368], "texture": "#0"},
				"west": {"uv": [16, 0, 15.375, 3.5], "texture": "#0"},
				"up": {"uv": [0, 0.25, 0.625, 0.125], "rotation": 90, "texture": "#0"},
				"down": {"uv": [0, 0.25, 0.625, 0.125], "rotation": 270, "texture": "#0"}
			}
		},
		{
			"from": [5.51472, 21.2706, 2.15328],
			"to": [10.51472, 30.5, 3.15328],
			"rotation": {"angle": 22.5, "axis": "x", "origin": [8.01472, 21.7706, 2.65328]},
			"faces": {
				"north": {"uv": [1.25, 0, 0.625, 1.15368], "texture": "#0"},
				"east": {"uv": [0.25, 0, 0.125, 1.15368], "texture": "#0"},
				"south": {"uv": [16, 0, 15.375, 3.5], "texture": "#0"},
				"west": {"uv": [0.25, 0, 0.125, 1.15368], "texture": "#0"},
				"up": {"uv": [0, 0.25, 0.625, 0.125], "texture": "#0"},
				"down": {"uv": [0, 0.25, 0.625, 0.125], "texture": "#0"}
			}
		},
		{
			"from": [11.14949, 21.5, 2.12132],
			"to": [12.14949, 22.5, 6.62132],
			"rotation": {"angle": 45, "axis": "y", "origin": [11.64949, 22, 4.37132]},
			"faces": {
				"north": {"uv": [0, 0, 0.125, 0.125], "texture": "#0"},
				"east": {"uv": [7, 0, 7.5625, 0.125], "texture": "#0"},
				"south": {"uv": [0, 0, 0.125, 0.125], "texture": "#0"},
				"west": {"uv": [0, 0, 0.5625, 0.125], "texture": "#0"},
				"up": {"uv": [7.25, 0.5625, 7.125, 0], "texture": "#0"},
				"down": {"uv": [0.125, 0.5625, 0, 0], "texture": "#0"}
			}
		},
		{
			"from": [10.89949, 22.5, 2.62132],
			"to": [11.89949, 23.5, 6.62132],
			"rotation": {"angle": 45, "axis": "y", "origin": [11.39949, 23, 4.62132]},
			"faces": {
				"north": {"uv": [0, 0, 0.125, 0.125], "texture": "#0"},
				"east": {"uv": [7, 0, 7.5, 0.125], "texture": "#0"},
				"south": {"uv": [0, 0, 0.125, 0.125], "texture": "#0"},
				"west": {"uv": [0, 0, 0.5, 0.125], "texture": "#0"},
				"up": {"uv": [7, 0.5625, 6.875, 0], "texture": "#0"},
				"down": {"uv": [0.125, 0.5, 0, 0], "texture": "#0"}
			}
		},
		{
			"from": [10.64949, 23.5, 3.12132],
			"to": [11.64949, 24.5, 6.62132],
			"rotation": {"angle": 45, "axis": "y", "origin": [11.14949, 24, 4.87132]},
			"faces": {
				"north": {"uv": [0, 0, 0.125, 0.125], "texture": "#0"},
				"east": {"uv": [6.875, 0, 7.3125, 0.125], "texture": "#0"},
				"south": {"uv": [0, 0, 0.125, 0.125], "texture": "#0"},
				"west": {"uv": [0, 0, 0.4375, 0.125], "texture": "#0"},
				"up": {"uv": [7.25, 0.5625, 7.125, 0], "texture": "#0"},
				"down": {"uv": [0.125, 0.4375, 0, 0], "texture": "#0"}
			}
		},
		{
			"from": [10.39949, 24.5, 3.62132],
			"to": [11.39949, 25.5, 6.62132],
			"rotation": {"angle": 45, "axis": "y", "origin": [10.89949, 25, 5.12132]},
			"faces": {
				"north": {"uv": [0, 0, 0.125, 0.125], "texture": "#0"},
				"east": {"uv": [7, 0, 7.375, 0.125], "texture": "#0"},
				"south": {"uv": [0, 0, 0.125, 0.125], "texture": "#0"},
				"west": {"uv": [0, 0, 0.375, 0.125], "texture": "#0"},
				"up": {"uv": [7.25, 0.5625, 7.125, 0], "texture": "#0"},
				"down": {"uv": [0.125, 0.375, 0, 0], "texture": "#0"}
			}
		},
		{
			"from": [10.14949, 25.5, 4.12132],
			"to": [11.14949, 26.5, 6.62132],
			"rotation": {"angle": 45, "axis": "y", "origin": [10.64949, 26, 5.37132]},
			"faces": {
				"north": {"uv": [0, 0, 0.125, 0.125], "texture": "#0"},
				"east": {"uv": [6.75, 0, 7.0625, 0.125], "texture": "#0"},
				"south": {"uv": [0, 0, 0.125, 0.125], "texture": "#0"},
				"west": {"uv": [0, 0, 0.3125, 0.125], "texture": "#0"},
				"up": {"uv": [7.25, 0.5625, 7.125, 0], "texture": "#0"},
				"down": {"uv": [0.125, 0.3125, 0, 0], "texture": "#0"}
			}
		},
		{
			"from": [9.89949, 26.5, 4.62132],
			"to": [10.89949, 27.5, 6.62132],
			"rotation": {"angle": 45, "axis": "y", "origin": [10.39949, 27, 5.62132]},
			"faces": {
				"north": {"uv": [0, 0, 0.125, 0.125], "texture": "#0"},
				"east": {"uv": [6.5, 0, 6.75, 0.125], "texture": "#0"},
				"south": {"uv": [0, 0, 0.125, 0.125], "texture": "#0"},
				"west": {"uv": [0, 0, 0.25, 0.125], "texture": "#0"},
				"up": {"uv": [7.25, 0.5625, 7.125, 0], "texture": "#0"},
				"down": {"uv": [0.125, 0.25, 0, 0], "texture": "#0"}
			}
		},
		{
			"from": [14.08135, -5.88164, 2.34435],
			"to": [15.08135, 14.11836, 5.65685],
			"rotation": {"angle": 22.5, "axis": "z", "origin": [14.58135, -3.38164, 4.0006]},
			"faces": {
				"north": {"uv": [0.5, 12.25, 0.625, 14.75], "texture": "#0"},
				"east": {"uv": [0, 12.125, 0.41375, 14.625], "texture": "#0"},
				"south": {"uv": [0.5, 12.375, 0.625, 14.875], "texture": "#0"},
				"west": {"uv": [0.41406, 0, 0.82813, 2.5], "texture": "#0"},
				"up": {"uv": [0.125, 0, 0.25, 0.41406], "texture": "#0"},
				"down": {"uv": [0.125, 0, 0.25, 0.41406], "texture": "#0"}
			}
		},
		{
			"from": [0.91865, -5.88164, 2.34435],
			"to": [1.91865, 14.11836, 5.65685],
			"rotation": {"angle": -22.5, "axis": "z", "origin": [1.41865, -3.38164, 4.0006]},
			"faces": {
				"north": {"uv": [0.625, 12.25, 0.5, 14.75], "texture": "#0"},
				"east": {"uv": [0.82813, 0, 0.41406, 2.5], "texture": "#0"},
				"south": {"uv": [0.625, 12.375, 0.5, 14.875], "texture": "#0"},
				"west": {"uv": [0.41375, 12.125, 0, 14.625], "texture": "#0"},
				"up": {"uv": [0.25, 0, 0.125, 0.41406], "texture": "#0"},
				"down": {"uv": [0.25, 0, 0.125, 0.41406], "texture": "#0"}
			}
		},
		{
			"from": [0.91865, -5.88164, 10.34315],
			"to": [1.91865, 14.11836, 13.65565],
			"rotation": {"angle": -22.5, "axis": "z", "origin": [1.41865, -3.38164, 11.9994]},
			"faces": {
				"north": {"uv": [0.5, 12.375, 0.625, 14.875], "texture": "#0"},
				"east": {"uv": [0.41406, 0, 0.82813, 2.5], "texture": "#0"},
				"south": {"uv": [0.5, 12.25, 0.625, 14.75], "texture": "#0"},
				"west": {"uv": [0, 12.125, 0.41375, 14.625], "texture": "#0"},
				"up": {"uv": [0.25, 0.41406, 0.125, 0], "texture": "#0"},
				"down": {"uv": [0.25, 0.41406, 0.125, 0], "texture": "#0"}
			}
		},
		{
			"from": [14.08135, -5.88164, 10.34315],
			"to": [15.08135, 14.11836, 13.65565],
			"rotation": {"angle": 22.5, "axis": "z", "origin": [14.58135, -3.38164, 11.9994]},
			"faces": {
				"north": {"uv": [0.625, 12.375, 0.5, 14.875], "texture": "#0"},
				"east": {"uv": [0.41375, 12.125, 0, 14.625], "texture": "#0"},
				"south": {"uv": [0.625, 12.25, 0.5, 14.75], "texture": "#0"},
				"west": {"uv": [0.82813, 0, 0.41406, 2.5], "texture": "#0"},
				"up": {"uv": [0.125, 0.41406, 0.25, 0], "texture": "#0"},
				"down": {"uv": [0.125, 0.41406, 0.25, 0], "texture": "#0"}
			}
		},
		{
			"from": [10.34435, -5.7294, 0.15328],
			"to": [13.65685, 14.2706, 1.15328],
			"rotation": {"angle": 22.5, "axis": "x", "origin": [11.8131, -5.2294, 0.65328]},
			"faces": {
				"north": {"uv": [0, 12.125, 0.41375, 14.625], "texture": "#0"},
				"east": {"uv": [0.5, 12.25, 0.625, 14.75], "texture": "#0"},
				"south": {"uv": [0.41406, 0, 0.82813, 2.5], "texture": "#0"},
				"west": {"uv": [0.5, 12.25, 0.625, 14.75], "texture": "#0"},
				"up": {"uv": [0.41406, 0, 0.82813, 0.125], "texture": "#0"},
				"down": {"uv": [0.41406, 0, 0.82813, 0.125], "texture": "#0"}
			}
		},
		{
			"from": [2.34315, -5.7294, 0.15328],
			"to": [5.65565, 14.2706, 1.15328],
			"rotation": {"angle": 22.5, "axis": "x", "origin": [4.1869, -5.2294, 0.65328]},
			"faces": {
				"north": {"uv": [0.41375, 12.125, 0, 14.625], "texture": "#0"},
				"east": {"uv": [0.625, 12.25, 0.5, 14.75], "texture": "#0"},
				"south": {"uv": [0.82813, 0, 0.41406, 2.5], "texture": "#0"},
				"west": {"uv": [0.625, 12.25, 0.5, 14.75], "texture": "#0"},
				"up": {"uv": [0.82813, 0, 0.41406, 0.125], "texture": "#0"},
				"down": {"uv": [0.82813, 0, 0.41406, 0.125], "texture": "#0"}
			}
		},
		{
			"from": [2.34315, -5.7294, 14.84672],
			"to": [5.65565, 14.2706, 15.84672],
			"rotation": {"angle": -22.5, "axis": "x", "origin": [4.1869, -5.2294, 15.34672]},
			"faces": {
				"north": {"uv": [0.41406, 0, 0.82813, 2.5], "texture": "#0"},
				"east": {"uv": [0.5, 12.25, 0.625, 14.75], "texture": "#0"},
				"south": {"uv": [0, 12.125, 0.41375, 14.625], "texture": "#0"},
				"west": {"uv": [0.5, 12.25, 0.625, 14.75], "texture": "#0"},
				"up": {"uv": [0.82813, 0.125, 0.41406, 0], "texture": "#0"},
				"down": {"uv": [0.82813, 0.125, 0.41406, 0], "texture": "#0"}
			}
		},
		{
			"from": [10.34435, -5.7294, 14.84672],
			"to": [13.65685, 14.2706, 15.84672],
			"rotation": {"angle": -22.5, "axis": "x", "origin": [11.8131, -5.2294, 15.34672]},
			"faces": {
				"north": {"uv": [0.82813, 0, 0.41406, 2.5], "texture": "#0"},
				"east": {"uv": [0.625, 12.25, 0.5, 14.75], "texture": "#0"},
				"south": {"uv": [0.41375, 12.125, 0, 14.625], "texture": "#0"},
				"west": {"uv": [0.625, 12.25, 0.5, 14.75], "texture": "#0"},
				"up": {"uv": [0.41406, 0.125, 0.82813, 0], "texture": "#0"},
				"down": {"uv": [0.41406, 0.125, 0.82813, 0], "texture": "#0"}
			}
		},
		{
			"name": "octagon",
			"from": [10.34315, -16, 0],
			"to": [13.65685, -5.5, 1],
			"rotation": {"angle": 45, "axis": "y", "origin": [12, -6, 4]},
			"faces": {
				"north": {"uv": [2.125, 14.625, 2.5375, 15.9375], "texture": "#0"},
				"east": {"uv": [0, 0, 0.125, 0.125], "texture": "#0"},
				"south": {"uv": [0, 0, 0.125, 0.125], "texture": "#0"},
				"west": {"uv": [0, 0, 0.125, 0.125], "texture": "#0"},
				"up": {"uv": [2.375, 14.875, 2.5, 15], "texture": "#0"},
				"down": {"uv": [0, 0, 0.125, 0.125], "texture": "#0"}
			}
		},
		{
			"name": "octagon",
			"from": [2.34315, -16, 0],
			"to": [5.65685, -5.5, 1],
			"rotation": {"angle": -45, "axis": "y", "origin": [4, -6, 4]},
			"faces": {
				"north": {"uv": [2.5375, 14.625, 2.125, 15.9375], "texture": "#0"},
				"east": {"uv": [0.125, 0, 0, 0.125], "texture": "#0"},
				"south": {"uv": [0.125, 0, 0, 0.125], "texture": "#0"},
				"west": {"uv": [0.125, 0, 0, 0.125], "texture": "#0"},
				"up": {"uv": [2.5, 14.875, 2.375, 15], "texture": "#0"},
				"down": {"uv": [0.125, 0, 0, 0.125], "texture": "#0"}
			}
		},
		{
			"name": "octagon",
			"from": [2.34315, -16, 15],
			"to": [5.65685, -5.5, 16],
			"rotation": {"angle": 45, "axis": "y", "origin": [4, -6, 12]},
			"faces": {
				"north": {"uv": [0, 0, 0.125, 0.125], "texture": "#0"},
				"east": {"uv": [0, 0, 0.125, 0.125], "texture": "#0"},
				"south": {"uv": [2.125, 14.625, 2.5375, 15.9375], "texture": "#0"},
				"west": {"uv": [0, 0, 0.125, 0.125], "texture": "#0"},
				"up": {"uv": [2.5, 15, 2.375, 14.875], "texture": "#0"},
				"down": {"uv": [0.125, 0.125, 0, 0], "texture": "#0"}
			}
		},
		{
			"name": "octagon",
			"from": [10.34315, -16, 15],
			"to": [13.65685, -5.5, 16],
			"rotation": {"angle": -45, "axis": "y", "origin": [12, -6, 12]},
			"faces": {
				"north": {"uv": [0.125, 0, 0, 0.125], "texture": "#0"},
				"east": {"uv": [0.125, 0, 0, 0.125], "texture": "#0"},
				"south": {"uv": [2.5375, 14.625, 2.125, 15.9375], "texture": "#0"},
				"west": {"uv": [0.125, 0, 0, 0.125], "texture": "#0"},
				"up": {"uv": [2.375, 15, 2.5, 14.875], "texture": "#0"},
				"down": {"uv": [0, 0.125, 0.125, 0], "texture": "#0"}
			}
		},
		{
			"name": "octagon",
			"from": [10.34315, -16, 0],
			"to": [13.65685, -5.5, 1],
			"rotation": {"angle": 0, "axis": "y", "origin": [12, -6, 4]},
			"faces": {
				"north": {"uv": [0, 14.625, 0.4125, 15.9375], "texture": "#0"},
				"east": {"uv": [0, 0, 0.125, 0.125], "texture": "#0"},
				"south": {"uv": [0, 0, 0.125, 0.125], "texture": "#0"},
				"west": {"uv": [0, 0, 0.125, 0.125], "texture": "#0"},
				"up": {"uv": [0, 0, 0.125, 0.125], "texture": "#0"},
				"down": {"uv": [0, 0, 0.125, 0.125], "texture": "#0"}
			}
		},
		{
			"name": "octagon",
			"from": [2.34315, -16, 0],
			"to": [5.65685, -5.5, 1],
			"rotation": {"angle": 0, "axis": "y", "origin": [4, -6, 4]},
			"faces": {
				"north": {"uv": [0.4125, 14.625, 0, 15.9375], "texture": "#0"},
				"east": {"uv": [0.125, 0, 0, 0.125], "texture": "#0"},
				"south": {"uv": [0.125, 0, 0, 0.125], "texture": "#0"},
				"west": {"uv": [0.125, 0, 0, 0.125], "texture": "#0"},
				"up": {"uv": [0.125, 0, 0, 0.125], "texture": "#0"},
				"down": {"uv": [0.125, 0, 0, 0.125], "texture": "#0"}
			}
		},
		{
			"name": "octagon",
			"from": [2.34315, -16, 15],
			"to": [5.65685, -5.5, 16],
			"rotation": {"angle": 0, "axis": "y", "origin": [4, -6, 12]},
			"faces": {
				"north": {"uv": [0, 0, 0.125, 0.125], "texture": "#0"},
				"east": {"uv": [0, 0, 0.125, 0.125], "texture": "#0"},
				"south": {"uv": [0, 14.625, 0.4125, 15.9375], "texture": "#0"},
				"west": {"uv": [0, 0, 0.125, 0.125], "texture": "#0"},
				"up": {"uv": [0.125, 0.125, 0, 0], "texture": "#0"},
				"down": {"uv": [0.125, 0.125, 0, 0], "texture": "#0"}
			}
		},
		{
			"name": "octagon",
			"from": [10.34315, -16, 15],
			"to": [13.65685, -5.5, 16],
			"rotation": {"angle": 0, "axis": "y", "origin": [12, -6, 12]},
			"faces": {
				"north": {"uv": [0.125, 0, 0, 0.125], "texture": "#0"},
				"east": {"uv": [0.125, 0, 0, 0.125], "texture": "#0"},
				"south": {"uv": [0.4125, 14.625, 0, 15.9375], "texture": "#0"},
				"west": {"uv": [0.125, 0, 0, 0.125], "texture": "#0"},
				"up": {"uv": [0, 0.125, 0.125, 0], "texture": "#0"},
				"down": {"uv": [0, 0.125, 0.125, 0], "texture": "#0"}
			}
		},
		{
			"name": "octagon",
			"from": [10.34315, -16, 7],
			"to": [13.65685, -5.5, 8],
			"rotation": {"angle": 45, "axis": "y", "origin": [12, -6, 4]},
			"faces": {
				"north": {"uv": [0, 0, 0.125, 0.125], "texture": "#0"},
				"east": {"uv": [0, 0, 0.125, 0.125], "texture": "#0"},
				"south": {"uv": [2.125, 14.625, 2.5375, 15.9375], "texture": "#0"},
				"west": {"uv": [0, 0, 0.125, 0.125], "texture": "#0"},
				"up": {"uv": [2.375, 14.75, 2.5, 14.875], "texture": "#0"},
				"down": {"uv": [0, 0, 0.125, 0.125], "texture": "#0"}
			}
		},
		{
			"name": "octagon",
			"from": [2.34315, -16, 7],
			"to": [5.65685, -5.5, 8],
			"rotation": {"angle": -45, "axis": "y", "origin": [4, -6, 4]},
			"faces": {
				"north": {"uv": [0.125, 0, 0, 0.125], "texture": "#0"},
				"east": {"uv": [0.125, 0, 0, 0.125], "texture": "#0"},
				"south": {"uv": [2.5375, 14.625, 2.125, 15.9375], "texture": "#0"},
				"west": {"uv": [0.125, 0, 0, 0.125], "texture": "#0"},
				"up": {"uv": [2.5, 14.75, 2.375, 14.875], "texture": "#0"},
				"down": {"uv": [0.125, 0, 0, 0.125], "texture": "#0"}
			}
		},
		{
			"name": "octagon",
			"from": [2.34315, -16, 8],
			"to": [5.65685, -5.5, 9],
			"rotation": {"angle": 45, "axis": "y", "origin": [4, -6, 12]},
			"faces": {
				"north": {"uv": [2.125, 14.625, 2.5375, 15.9375], "texture": "#0"},
				"east": {"uv": [0, 0, 0.125, 0.125], "texture": "#0"},
				"south": {"uv": [0, 0, 0.125, 0.125], "texture": "#0"},
				"west": {"uv": [0, 0, 0.125, 0.125], "texture": "#0"},
				"up": {"uv": [2.5, 14.875, 2.375, 14.75], "texture": "#0"},
				"down": {"uv": [0.125, 0.125, 0, 0], "texture": "#0"}
			}
		},
		{
			"name": "octagon",
			"from": [10.34315, -16, 8],
			"to": [13.65685, -5.5, 9],
			"rotation": {"angle": -45, "axis": "y", "origin": [12, -6, 12]},
			"faces": {
				"north": {"uv": [2.5375, 14.625, 2.125, 15.9375], "texture": "#0"},
				"east": {"uv": [0.125, 0, 0, 0.125], "texture": "#0"},
				"south": {"uv": [0.125, 0, 0, 0.125], "texture": "#0"},
				"west": {"uv": [0.125, 0, 0, 0.125], "texture": "#0"},
				"up": {"uv": [2.375, 14.875, 2.5, 14.75], "texture": "#0"},
				"down": {"uv": [0, 0.125, 0.125, 0], "texture": "#0"}
			}
		},
		{
			"name": "octagon",
			"from": [10.34315, -16, 7],
			"to": [13.65685, -5.5, 8],
			"rotation": {"angle": 0, "axis": "y", "origin": [12, -6, 4]},
			"faces": {
				"north": {"uv": [0, 0, 0.125, 0.125], "texture": "#0"},
				"east": {"uv": [0, 0, 0.125, 0.125], "texture": "#0"},
				"south": {"uv": [0, 0, 0.125, 0.125], "texture": "#0"},
				"west": {"uv": [0, 0, 0.125, 0.125], "texture": "#0"},
				"up": {"uv": [0, 0, 0.125, 0.125], "texture": "#0"},
				"down": {"uv": [0, 0, 0.125, 0.125], "texture": "#0"}
			}
		},
		{
			"name": "octagon",
			"from": [2.34315, -16, 7],
			"to": [5.65685, -5.5, 8],
			"rotation": {"angle": 0, "axis": "y", "origin": [4, -6, 4]},
			"faces": {
				"north": {"uv": [0.125, 0, 0, 0.125], "texture": "#0"},
				"east": {"uv": [0.125, 0, 0, 0.125], "texture": "#0"},
				"south": {"uv": [0.125, 0, 0, 0.125], "texture": "#0"},
				"west": {"uv": [0.125, 0, 0, 0.125], "texture": "#0"},
				"up": {"uv": [0.125, 0, 0, 0.125], "texture": "#0"},
				"down": {"uv": [0.125, 0, 0, 0.125], "texture": "#0"}
			}
		},
		{
			"name": "octagon",
			"from": [2.34315, -16, 8],
			"to": [5.65685, -5.5, 9],
			"rotation": {"angle": 0, "axis": "y", "origin": [4, -6, 12]},
			"faces": {
				"north": {"uv": [0, 0, 0.125, 0.125], "texture": "#0"},
				"east": {"uv": [0, 0, 0.125, 0.125], "texture": "#0"},
				"south": {"uv": [0, 0, 0.125, 0.125], "texture": "#0"},
				"west": {"uv": [0, 0, 0.125, 0.125], "texture": "#0"},
				"up": {"uv": [0.125, 0.125, 0, 0], "texture": "#0"},
				"down": {"uv": [0.125, 0.125, 0, 0], "texture": "#0"}
			}
		},
		{
			"name": "octagon",
			"from": [10.34315, -16, 8],
			"to": [13.65685, -5.5, 9],
			"rotation": {"angle": 0, "axis": "y", "origin": [12, -6, 12]},
			"faces": {
				"north": {"uv": [0.125, 0, 0, 0.125], "texture": "#0"},
				"east": {"uv": [0.125, 0, 0, 0.125], "texture": "#0"},
				"south": {"uv": [0.125, 0, 0, 0.125], "texture": "#0"},
				"west": {"uv": [0.125, 0, 0, 0.125], "texture": "#0"},
				"up": {"uv": [0, 0.125, 0.125, 0], "texture": "#0"},
				"down": {"uv": [0, 0.125, 0.125, 0], "texture": "#0"}
			}
		},
		{
			"name": "octagon",
			"from": [8, -16, 2.34315],
			"to": [9, -5.5, 5.65685],
			"rotation": {"angle": 45, "axis": "y", "origin": [12, -6, 4]},
			"faces": {
				"north": {"uv": [0, 0, 0.125, 0.125], "texture": "#0"},
				"east": {"uv": [0, 0, 0.125, 0.125], "texture": "#0"},
				"south": {"uv": [0, 0, 0.125, 0.125], "texture": "#0"},
				"west": {"uv": [0, 0, 0.125, 0.125], "texture": "#0"},
				"up": {"uv": [0, 0, 0.125, 0.125], "texture": "#0"},
				"down": {"uv": [0, 0, 0.125, 0.125], "texture": "#0"}
			}
		},
		{
			"name": "octagon",
			"from": [7, -16, 2.34315],
			"to": [8, -5.5, 5.65685],
			"rotation": {"angle": -45, "axis": "y", "origin": [4, -6, 4]},
			"faces": {
				"north": {"uv": [0.125, 0, 0, 0.125], "texture": "#0"},
				"east": {"uv": [0.125, 0, 0, 0.125], "texture": "#0"},
				"south": {"uv": [0.125, 0, 0, 0.125], "texture": "#0"},
				"west": {"uv": [0.125, 0, 0, 0.125], "texture": "#0"},
				"up": {"uv": [0.125, 0, 0, 0.125], "texture": "#0"},
				"down": {"uv": [0.125, 0, 0, 0.125], "texture": "#0"}
			}
		},
		{
			"name": "octagon",
			"from": [7, -16, 10.34315],
			"to": [8, -5.5, 13.65685],
			"rotation": {"angle": 45, "axis": "y", "origin": [4, -6, 12]},
			"faces": {
				"north": {"uv": [0, 0, 0.125, 0.125], "texture": "#0"},
				"east": {"uv": [0, 0, 0.125, 0.125], "texture": "#0"},
				"south": {"uv": [0, 0, 0.125, 0.125], "texture": "#0"},
				"west": {"uv": [0, 0, 0.125, 0.125], "texture": "#0"},
				"up": {"uv": [0.125, 0.125, 0, 0], "texture": "#0"},
				"down": {"uv": [0.125, 0.125, 0, 0], "texture": "#0"}
			}
		},
		{
			"name": "octagon",
			"from": [8, -16, 10.34315],
			"to": [9, -5.5, 13.65685],
			"rotation": {"angle": -45, "axis": "y", "origin": [12, -6, 12]},
			"faces": {
				"north": {"uv": [0.125, 0, 0, 0.125], "texture": "#0"},
				"east": {"uv": [0.125, 0, 0, 0.125], "texture": "#0"},
				"south": {"uv": [0.125, 0, 0, 0.125], "texture": "#0"},
				"west": {"uv": [0.125, 0, 0, 0.125], "texture": "#0"},
				"up": {"uv": [0, 0.125, 0.125, 0], "texture": "#0"},
				"down": {"uv": [0, 0.125, 0.125, 0], "texture": "#0"}
			}
		},
		{
			"name": "octagon",
			"from": [8, -16, 2.34315],
			"to": [9, -5.5, 5.65685],
			"rotation": {"angle": 0, "axis": "y", "origin": [12, -6, 4]},
			"faces": {
				"north": {"uv": [0, 0, 0.125, 0.125], "texture": "#0"},
				"east": {"uv": [0, 0, 0.125, 0.125], "texture": "#0"},
				"south": {"uv": [0, 0, 0.125, 0.125], "texture": "#0"},
				"west": {"uv": [0, 0, 0.125, 0.125], "texture": "#0"},
				"up": {"uv": [0, 0, 0.125, 0.125], "texture": "#0"},
				"down": {"uv": [0, 0, 0.125, 0.125], "texture": "#0"}
			}
		},
		{
			"name": "octagon",
			"from": [7, -16, 2.34315],
			"to": [8, -5.5, 5.65685],
			"rotation": {"angle": 0, "axis": "y", "origin": [4, -6, 4]},
			"faces": {
				"north": {"uv": [0.125, 0, 0, 0.125], "texture": "#0"},
				"east": {"uv": [0.125, 0, 0, 0.125], "texture": "#0"},
				"south": {"uv": [0.125, 0, 0, 0.125], "texture": "#0"},
				"west": {"uv": [0.125, 0, 0, 0.125], "texture": "#0"},
				"up": {"uv": [0.125, 0, 0, 0.125], "texture": "#0"},
				"down": {"uv": [0.125, 0, 0, 0.125], "texture": "#0"}
			}
		},
		{
			"name": "octagon",
			"from": [7, -16, 10.34315],
			"to": [8, -5.5, 13.65685],
			"rotation": {"angle": 0, "axis": "y", "origin": [4, -6, 12]},
			"faces": {
				"north": {"uv": [0, 0, 0.125, 0.125], "texture": "#0"},
				"east": {"uv": [0, 0, 0.125, 0.125], "texture": "#0"},
				"south": {"uv": [0, 0, 0.125, 0.125], "texture": "#0"},
				"west": {"uv": [0, 0, 0.125, 0.125], "texture": "#0"},
				"up": {"uv": [0.125, 0.125, 0, 0], "texture": "#0"},
				"down": {"uv": [0.125, 0.125, 0, 0], "texture": "#0"}
			}
		},
		{
			"name": "octagon",
			"from": [8, -16, 10.34315],
			"to": [9, -5.5, 13.65685],
			"rotation": {"angle": 0, "axis": "y", "origin": [12, -6, 12]},
			"faces": {
				"north": {"uv": [0.125, 0, 0, 0.125], "texture": "#0"},
				"east": {"uv": [0.125, 0, 0, 0.125], "texture": "#0"},
				"south": {"uv": [0.125, 0, 0, 0.125], "texture": "#0"},
				"west": {"uv": [0.125, 0, 0, 0.125], "texture": "#0"},
				"up": {"uv": [0, 0.125, 0.125, 0], "texture": "#0"},
				"down": {"uv": [0, 0.125, 0.125, 0], "texture": "#0"}
			}
		},
		{
			"name": "octagon",
			"from": [15, -16, 2.34315],
			"to": [16, -5.5, 5.65685],
			"rotation": {"angle": 45, "axis": "y", "origin": [12, -6, 4]},
			"faces": {
				"north": {"uv": [0, 0, 0.125, 0.125], "texture": "#0"},
				"east": {"uv": [2.125, 14.625, 2.5375, 15.9375], "texture": "#0"},
				"south": {"uv": [0, 0, 0.125, 0.125], "texture": "#0"},
				"west": {"uv": [0, 0, 0.125, 0.125], "texture": "#0"},
				"up": {"uv": [2.375, 14.75, 2.5, 14.875], "texture": "#0"},
				"down": {"uv": [0, 0, 0.125, 0.125], "texture": "#0"}
			}
		},
		{
			"name": "octagon",
			"from": [0, -16, 2.34315],
			"to": [1, -5.5, 5.65685],
			"rotation": {"angle": -45, "axis": "y", "origin": [4, -6, 4]},
			"faces": {
				"north": {"uv": [0.125, 0, 0, 0.125], "texture": "#0"},
				"east": {"uv": [0.125, 0, 0, 0.125], "texture": "#0"},
				"south": {"uv": [0.125, 0, 0, 0.125], "texture": "#0"},
				"west": {"uv": [2.5375, 14.625, 2.125, 15.9375], "texture": "#0"},
				"up": {"uv": [2.5, 14.75, 2.375, 14.875], "texture": "#0"},
				"down": {"uv": [0.125, 0, 0, 0.125], "texture": "#0"}
			}
		},
		{
			"name": "octagon",
			"from": [0, -16, 10.34315],
			"to": [1, -5.5, 13.65685],
			"rotation": {"angle": 45, "axis": "y", "origin": [4, -6, 12]},
			"faces": {
				"north": {"uv": [0, 0, 0.125, 0.125], "texture": "#0"},
				"east": {"uv": [0, 0, 0.125, 0.125], "texture": "#0"},
				"south": {"uv": [0, 0, 0.125, 0.125], "texture": "#0"},
				"west": {"uv": [2.125, 14.625, 2.5375, 15.9375], "texture": "#0"},
				"up": {"uv": [2.5, 14.875, 2.375, 14.75], "texture": "#0"},
				"down": {"uv": [0.125, 0.125, 0, 0], "texture": "#0"}
			}
		},
		{
			"name": "octagon",
			"from": [15, -16, 10.34315],
			"to": [16, -5.5, 13.65685],
			"rotation": {"angle": -45, "axis": "y", "origin": [12, -6, 12]},
			"faces": {
				"north": {"uv": [0.125, 0, 0, 0.125], "texture": "#0"},
				"east": {"uv": [2.5375, 14.625, 2.125, 15.9375], "texture": "#0"},
				"south": {"uv": [0.125, 0, 0, 0.125], "texture": "#0"},
				"west": {"uv": [0.125, 0, 0, 0.125], "texture": "#0"},
				"up": {"uv": [2.375, 14.875, 2.5, 14.75], "texture": "#0"},
				"down": {"uv": [0, 0.125, 0.125, 0], "texture": "#0"}
			}
		},
		{
			"name": "octagon",
			"from": [15, -16, 2.34315],
			"to": [16, -5.5, 5.65685],
			"rotation": {"angle": 0, "axis": "y", "origin": [12, -6, 4]},
			"faces": {
				"north": {"uv": [0, 0, 0.125, 0.125], "texture": "#0"},
				"east": {"uv": [0, 14.625, 0.4125, 15.9375], "texture": "#0"},
				"south": {"uv": [0, 0, 0.125, 0.125], "texture": "#0"},
				"west": {"uv": [0, 0, 0.125, 0.125], "texture": "#0"},
				"up": {"uv": [0, 0, 0.125, 0.125], "texture": "#0"},
				"down": {"uv": [0, 0, 0.125, 0.125], "texture": "#0"}
			}
		},
		{
			"name": "octagon",
			"from": [0, -16, 2.34315],
			"to": [1, -5.5, 5.65685],
			"rotation": {"angle": 0, "axis": "y", "origin": [4, -6, 4]},
			"faces": {
				"north": {"uv": [0.125, 0, 0, 0.125], "texture": "#0"},
				"east": {"uv": [0.125, 0, 0, 0.125], "texture": "#0"},
				"south": {"uv": [0.125, 0, 0, 0.125], "texture": "#0"},
				"west": {"uv": [0.4125, 14.625, 0, 15.9375], "texture": "#0"},
				"up": {"uv": [0.125, 0, 0, 0.125], "texture": "#0"},
				"down": {"uv": [0.125, 0, 0, 0.125], "texture": "#0"}
			}
		},
		{
			"name": "octagon",
			"from": [0, -16, 10.34315],
			"to": [1, -5.5, 13.65685],
			"rotation": {"angle": 0, "axis": "y", "origin": [4, -6, 12]},
			"faces": {
				"north": {"uv": [0, 0, 0.125, 0.125], "texture": "#0"},
				"east": {"uv": [0, 0, 0.125, 0.125], "texture": "#0"},
				"south": {"uv": [0, 0, 0.125, 0.125], "texture": "#0"},
				"west": {"uv": [0, 14.625, 0.4125, 15.9375], "texture": "#0"},
				"up": {"uv": [0.125, 0.125, 0, 0], "texture": "#0"},
				"down": {"uv": [0.125, 0.125, 0, 0], "texture": "#0"}
			}
		},
		{
			"name": "octagon",
			"from": [15, -16, 10.34315],
			"to": [16, -5.5, 13.65685],
			"rotation": {"angle": 0, "axis": "y", "origin": [12, -6, 12]},
			"faces": {
				"north": {"uv": [0.125, 0, 0, 0.125], "texture": "#0"},
				"east": {"uv": [0.4125, 14.625, 0, 15.9375], "texture": "#0"},
				"south": {"uv": [0.125, 0, 0, 0.125], "texture": "#0"},
				"west": {"uv": [0.125, 0, 0, 0.125], "texture": "#0"},
				"up": {"uv": [0, 0.125, 0.125, 0], "texture": "#0"},
				"down": {"uv": [0, 0.125, 0.125, 0], "texture": "#0"}
			}
		},
		{
			"from": [9, -6.75, 1.75],
			"to": [15, -5.75, 6.25],
			"rotation": {"angle": 0, "axis": "y", "origin": [12, -6.25, 4]},
			"faces": {
				"north": {"uv": [0, 0, 0.75, 0.125], "texture": "#0"},
				"east": {"uv": [0, 0, 0.5625, 0.125], "texture": "#0"},
				"south": {"uv": [0, 0, 0.75, 0.125], "texture": "#0"},
				"west": {"uv": [0, 0, 0.5625, 0.125], "texture": "#0"},
				"up": {"uv": [0, 0, 0.75, 0.5625], "texture": "#0"},
				"down": {"uv": [1, 15.375, 1.75, 15.9375], "texture": "#0"}
			}
		},
		{
			"from": [1, -6.75, 1.75],
			"to": [7, -5.75, 6.25],
			"rotation": {"angle": 0, "axis": "y", "origin": [4, -6.25, 4]},
			"faces": {
				"north": {"uv": [0.75, 0, 0, 0.125], "texture": "#0"},
				"east": {"uv": [0.5625, 0, 0, 0.125], "texture": "#0"},
				"south": {"uv": [0.75, 0, 0, 0.125], "texture": "#0"},
				"west": {"uv": [0.5625, 0, 0, 0.125], "texture": "#0"},
				"up": {"uv": [0.75, 0, 0, 0.5625], "texture": "#0"},
				"down": {"uv": [1.75, 15.375, 1, 15.9375], "texture": "#0"}
			}
		},
		{
			"from": [1, -6.75, 9.75],
			"to": [7, -5.75, 14.25],
			"rotation": {"angle": 0, "axis": "y", "origin": [4, -6.25, 12]},
			"faces": {
				"north": {"uv": [0, 0, 0.75, 0.125], "texture": "#0"},
				"east": {"uv": [0, 0, 0.5625, 0.125], "texture": "#0"},
				"south": {"uv": [0, 0, 0.75, 0.125], "texture": "#0"},
				"west": {"uv": [0, 0, 0.5625, 0.125], "texture": "#0"},
				"up": {"uv": [0.75, 0.5625, 0, 0], "texture": "#0"},
				"down": {"uv": [1.75, 15.9375, 1, 15.375], "texture": "#0"}
			}
		},
		{
			"from": [9, -6.75, 9.75],
			"to": [15, -5.75, 14.25],
			"rotation": {"angle": 0, "axis": "y", "origin": [12, -6.25, 12]},
			"faces": {
				"north": {"uv": [0.75, 0, 0, 0.125], "texture": "#0"},
				"east": {"uv": [0.5625, 0, 0, 0.125], "texture": "#0"},
				"south": {"uv": [0.75, 0, 0, 0.125], "texture": "#0"},
				"west": {"uv": [0.5625, 0, 0, 0.125], "texture": "#0"},
				"up": {"uv": [0, 0.5625, 0.75, 0], "texture": "#0"},
				"down": {"uv": [1, 15.9375, 1.75, 15.375], "texture": "#0"}
			}
		},
		{
			"from": [9.75, -6.75, 1],
			"to": [14.25, -5.75, 7],
			"rotation": {"angle": 0, "axis": "y", "origin": [12, -6.25, 4]},
			"faces": {
				"north": {"uv": [0, 0, 0.5625, 0.125], "texture": "#0"},
				"east": {"uv": [0, 0, 0.75, 0.125], "texture": "#0"},
				"south": {"uv": [0, 0, 0.5625, 0.125], "texture": "#0"},
				"west": {"uv": [0, 0, 0.75, 0.125], "texture": "#0"},
				"up": {"uv": [0, 0, 0.75, 0.5625], "rotation": 270, "texture": "#0"},
				"down": {"uv": [1, 15.375, 1.75, 15.9375], "rotation": 90, "texture": "#0"}
			}
		},
		{
			"from": [1.75, -6.75, 1],
			"to": [6.25, -5.75, 7],
			"rotation": {"angle": 0, "axis": "y", "origin": [4, -6.25, 4]},
			"faces": {
				"north": {"uv": [0.5625, 0, 0, 0.125], "texture": "#0"},
				"east": {"uv": [0.75, 0, 0, 0.125], "texture": "#0"},
				"south": {"uv": [0.5625, 0, 0, 0.125], "texture": "#0"},
				"west": {"uv": [0.75, 0, 0, 0.125], "texture": "#0"},
				"up": {"uv": [0, 0.5625, 0.75, 0], "rotation": 270, "texture": "#0"},
				"down": {"uv": [1, 15.9375, 1.75, 15.375], "rotation": 90, "texture": "#0"}
			}
		},
		{
			"from": [1.75, -6.75, 9],
			"to": [6.25, -5.75, 15],
			"rotation": {"angle": 0, "axis": "y", "origin": [4, -6.25, 12]},
			"faces": {
				"north": {"uv": [0, 0, 0.5625, 0.125], "texture": "#0"},
				"east": {"uv": [0, 0, 0.75, 0.125], "texture": "#0"},
				"south": {"uv": [0, 0, 0.5625, 0.125], "texture": "#0"},
				"west": {"uv": [0, 0, 0.75, 0.125], "texture": "#0"},
				"up": {"uv": [0.75, 0.5625, 0, 0], "rotation": 270, "texture": "#0"},
				"down": {"uv": [1.75, 15.9375, 1, 15.375], "rotation": 90, "texture": "#0"}
			}
		},
		{
			"from": [9.75, -6.75, 9],
			"to": [14.25, -5.75, 15],
			"rotation": {"angle": 0, "axis": "y", "origin": [12, -6.25, 12]},
			"faces": {
				"north": {"uv": [0.5625, 0, 0, 0.125], "texture": "#0"},
				"east": {"uv": [0.75, 0, 0, 0.125], "texture": "#0"},
				"south": {"uv": [0.5625, 0, 0, 0.125], "texture": "#0"},
				"west": {"uv": [0.75, 0, 0, 0.125], "texture": "#0"},
				"up": {"uv": [0.75, 0, 0, 0.5625], "rotation": 270, "texture": "#0"},
				"down": {"uv": [1.75, 15.375, 1, 15.9375], "rotation": 90, "texture": "#0"}
			}
		},
		{
			"from": [6.1875, -16, 6.3125],
			"to": [9.5625, -15, 9.6875],
			"rotation": {"angle": 45, "axis": "y", "origin": [7.9375, -15.5, 7.875]},
			"faces": {
				"north": {"uv": [0, 0, 0.42188, 0.125], "texture": "#0"},
				"east": {"uv": [0, 0, 0.42188, 0.125], "texture": "#0"},
				"south": {"uv": [0, 0, 0.42188, 0.125], "texture": "#0"},
				"west": {"uv": [0, 0, 0.42188, 0.125], "texture": "#0"},
				"up": {"uv": [0, 0, 0.42188, 0.42188], "texture": "#0"},
				"down": {"uv": [0, 4, 0.42188, 4.42188], "texture": "#0"}
			}
		},
		{
			"from": [8.375, -5.5, 1.4375],
			"to": [11.375, -4.5, 2.4375],
			"rotation": {"angle": 45, "axis": "y", "origin": [9.875, -5, 1.9375]},
			"faces": {
				"north": {"uv": [5.5, 0, 5.125, 0.125], "texture": "#0"},
				"east": {"uv": [0.125, 0, 0, 0.125], "texture": "#0"},
				"south": {"uv": [0.375, 0, 0, 0.125], "texture": "#0"},
				"west": {"uv": [0.125, 0, 0, 0.125], "texture": "#0"},
				"up": {"uv": [5.5, 0.125, 5.125, 0.25], "texture": "#0"},
				"down": {"uv": [0.375, 0, 0, 0.125], "texture": "#0"}
			}
		},
		{
			"from": [4.625, -5.5, 1.4375],
			"to": [7.625, -4.5, 2.4375],
			"rotation": {"angle": -45, "axis": "y", "origin": [6.125, -5, 1.9375]},
			"faces": {
				"north": {"uv": [5.125, 0, 5.5, 0.125], "texture": "#0"},
				"east": {"uv": [0, 0, 0.125, 0.125], "texture": "#0"},
				"south": {"uv": [0, 0, 0.375, 0.125], "texture": "#0"},
				"west": {"uv": [0, 0, 0.125, 0.125], "texture": "#0"},
				"up": {"uv": [5.125, 0.125, 5.5, 0.25], "texture": "#0"},
				"down": {"uv": [0, 0, 0.375, 0.125], "texture": "#0"}
			}
		},
		{
			"from": [4.625, -5.5, 13.5625],
			"to": [7.625, -4.5, 14.5625],
			"rotation": {"angle": 45, "axis": "y", "origin": [6.125, -5, 14.0625]},
			"faces": {
				"north": {"uv": [0.375, 0, 0, 0.125], "texture": "#0"},
				"east": {"uv": [0.125, 0, 0, 0.125], "texture": "#0"},
				"south": {"uv": [5.5, 0, 5.125, 0.125], "texture": "#0"},
				"west": {"uv": [0.125, 0, 0, 0.125], "texture": "#0"},
				"up": {"uv": [5.125, 0.25, 5.5, 0.125], "texture": "#0"},
				"down": {"uv": [0, 0.125, 0.375, 0], "texture": "#0"}
			}
		},
		{
			"from": [8.375, -5.5, 13.5625],
			"to": [11.375, -4.5, 14.5625],
			"rotation": {"angle": -45, "axis": "y", "origin": [9.875, -5, 14.0625]},
			"faces": {
				"north": {"uv": [0, 0, 0.375, 0.125], "texture": "#0"},
				"east": {"uv": [0, 0, 0.125, 0.125], "texture": "#0"},
				"south": {"uv": [5.125, 0, 5.5, 0.125], "texture": "#0"},
				"west": {"uv": [0, 0, 0.125, 0.125], "texture": "#0"},
				"up": {"uv": [5.5, 0.25, 5.125, 0.125], "texture": "#0"},
				"down": {"uv": [0.375, 0.125, 0, 0], "texture": "#0"}
			}
		},
		{
			"from": [8.875, -4.5, 1.6875],
			"to": [11.375, -3.5, 2.6875],
			"rotation": {"angle": 45, "axis": "y", "origin": [10.125, -4, 2.1875]},
			"faces": {
				"north": {"uv": [5.4375, 0.375, 5.125, 0.5], "texture": "#0"},
				"east": {"uv": [0.125, 0, 0, 0.125], "texture": "#0"},
				"south": {"uv": [0.3125, 0, 0, 0.125], "texture": "#0"},
				"west": {"uv": [0.125, 0, 0, 0.125], "texture": "#0"},
				"up": {"uv": [5.4375, 0.5, 5.125, 0.625], "texture": "#0"},
				"down": {"uv": [0.3125, 0, 0, 0.125], "texture": "#0"}
			}
		},
		{
			"from": [4.625, -4.5, 1.6875],
			"to": [7.125, -3.5, 2.6875],
			"rotation": {"angle": -45, "axis": "y", "origin": [5.875, -4, 2.1875]},
			"faces": {
				"north": {"uv": [5.125, 0.375, 5.4375, 0.5], "texture": "#0"},
				"east": {"uv": [0, 0, 0.125, 0.125], "texture": "#0"},
				"south": {"uv": [0, 0, 0.3125, 0.125], "texture": "#0"},
				"west": {"uv": [0, 0, 0.125, 0.125], "texture": "#0"},
				"up": {"uv": [5.125, 0.5, 5.4375, 0.625], "texture": "#0"},
				"down": {"uv": [0, 0, 0.3125, 0.125], "texture": "#0"}
			}
		},
		{
			"from": [4.625, -4.5, 13.3125],
			"to": [7.125, -3.5, 14.3125],
			"rotation": {"angle": 45, "axis": "y", "origin": [5.875, -4, 13.8125]},
			"faces": {
				"north": {"uv": [0.3125, 0, 0, 0.125], "texture": "#0"},
				"east": {"uv": [0.125, 0, 0, 0.125], "texture": "#0"},
				"south": {"uv": [5.4375, 0.375, 5.125, 0.5], "texture": "#0"},
				"west": {"uv": [0.125, 0, 0, 0.125], "texture": "#0"},
				"up": {"uv": [5.125, 0.625, 5.4375, 0.5], "texture": "#0"},
				"down": {"uv": [0, 0.125, 0.3125, 0], "texture": "#0"}
			}
		},
		{
			"from": [8.875, -4.5, 13.3125],
			"to": [11.375, -3.5, 14.3125],
			"rotation": {"angle": -45, "axis": "y", "origin": [10.125, -4, 13.8125]},
			"faces": {
				"north": {"uv": [0, 0, 0.3125, 0.125], "texture": "#0"},
				"east": {"uv": [0, 0, 0.125, 0.125], "texture": "#0"},
				"south": {"uv": [5.125, 0.375, 5.4375, 0.5], "texture": "#0"},
				"west": {"uv": [0, 0, 0.125, 0.125], "texture": "#0"},
				"up": {"uv": [5.4375, 0.625, 5.125, 0.5], "texture": "#0"},
				"down": {"uv": [0.3125, 0.125, 0, 0], "texture": "#0"}
			}
		},
		{
			"from": [9.875, -3.5, 1.6875],
			"to": [11.375, -2.5, 2.6875],
			"rotation": {"angle": 45, "axis": "y", "origin": [10.625, -3, 2.1875]},
			"faces": {
				"north": {"uv": [5.4375, 1, 5.25, 1.125], "texture": "#0"},
				"east": {"uv": [0.125, 0, 0, 0.125], "texture": "#0"},
				"south": {"uv": [0.1875, 0, 0, 0.125], "texture": "#0"},
				"west": {"uv": [0.125, 0, 0, 0.125], "texture": "#0"},
				"up": {"uv": [5.4375, 1.125, 5.25, 1.25], "texture": "#0"},
				"down": {"uv": [0.1875, 0, 0, 0.125], "texture": "#0"}
			}
		},
		{
			"from": [4.625, -3.5, 1.6875],
			"to": [6.125, -2.5, 2.6875],
			"rotation": {"angle": -45, "axis": "y", "origin": [5.375, -3, 2.1875]},
			"faces": {
				"north": {"uv": [5.25, 1, 5.4375, 1.125], "texture": "#0"},
				"east": {"uv": [0, 0, 0.125, 0.125], "texture": "#0"},
				"south": {"uv": [0, 0, 0.1875, 0.125], "texture": "#0"},
				"west": {"uv": [0, 0, 0.125, 0.125], "texture": "#0"},
				"up": {"uv": [5.25, 1.125, 5.4375, 1.25], "texture": "#0"},
				"down": {"uv": [0, 0, 0.1875, 0.125], "texture": "#0"}
			}
		},
		{
			"from": [4.625, -3.5, 13.3125],
			"to": [6.125, -2.5, 14.3125],
			"rotation": {"angle": 45, "axis": "y", "origin": [5.375, -3, 13.8125]},
			"faces": {
				"north": {"uv": [0.1875, 0, 0, 0.125], "texture": "#0"},
				"east": {"uv": [0.125, 0, 0, 0.125], "texture": "#0"},
				"south": {"uv": [5.4375, 1, 5.25, 1.125], "texture": "#0"},
				"west": {"uv": [0.125, 0, 0, 0.125], "texture": "#0"},
				"up": {"uv": [5.25, 1.25, 5.4375, 1.125], "texture": "#0"},
				"down": {"uv": [0, 0.125, 0.1875, 0], "texture": "#0"}
			}
		},
		{
			"from": [9.875, -3.5, 13.3125],
			"to": [11.375, -2.5, 14.3125],
			"rotation": {"angle": -45, "axis": "y", "origin": [10.625, -3, 13.8125]},
			"faces": {
				"north": {"uv": [0, 0, 0.1875, 0.125], "texture": "#0"},
				"east": {"uv": [0, 0, 0.125, 0.125], "texture": "#0"},
				"south": {"uv": [5.25, 1, 5.4375, 1.125], "texture": "#0"},
				"west": {"uv": [0, 0, 0.125, 0.125], "texture": "#0"},
				"up": {"uv": [5.4375, 1.25, 5.25, 1.125], "texture": "#0"},
				"down": {"uv": [0.1875, 0.125, 0, 0], "texture": "#0"}
			}
		},
		{
			"from": [12.625, -5.5, 5.5625],
			"to": [15.625, -4.5, 6.5625],
			"rotation": {"angle": 45, "axis": "y", "origin": [14.125, -5, 6.0625]},
			"faces": {
				"north": {"uv": [0.375, 0, 0, 0.125], "texture": "#0"},
				"east": {"uv": [0.125, 0, 0, 0.125], "texture": "#0"},
				"south": {"uv": [5.5, 0, 5.125, 0.125], "texture": "#0"},
				"west": {"uv": [0.125, 0, 0, 0.125], "texture": "#0"},
				"up": {"uv": [5.125, 0.25, 5.5, 0.125], "texture": "#0"},
				"down": {"uv": [0, 0.125, 0.375, 0], "texture": "#0"}
			}
		},
		{
			"from": [0.375, -5.5, 5.5625],
			"to": [3.375, -4.5, 6.5625],
			"rotation": {"angle": -45, "axis": "y", "origin": [1.875, -5, 6.0625]},
			"faces": {
				"north": {"uv": [0, 0, 0.375, 0.125], "texture": "#0"},
				"east": {"uv": [0, 0, 0.125, 0.125], "texture": "#0"},
				"south": {"uv": [5.125, 0, 5.5, 0.125], "texture": "#0"},
				"west": {"uv": [0, 0, 0.125, 0.125], "texture": "#0"},
				"up": {"uv": [5.5, 0.25, 5.125, 0.125], "texture": "#0"},
				"down": {"uv": [0.375, 0.125, 0, 0], "texture": "#0"}
			}
		},
		{
			"from": [0.375, -5.5, 9.4375],
			"to": [3.375, -4.5, 10.4375],
			"rotation": {"angle": 45, "axis": "y", "origin": [1.875, -5, 9.9375]},
			"faces": {
				"north": {"uv": [5.5, 0, 5.125, 0.125], "texture": "#0"},
				"east": {"uv": [0.125, 0, 0, 0.125], "texture": "#0"},
				"south": {"uv": [0.375, 0, 0, 0.125], "texture": "#0"},
				"west": {"uv": [0.125, 0, 0, 0.125], "texture": "#0"},
				"up": {"uv": [5.5, 0.125, 5.125, 0.25], "texture": "#0"},
				"down": {"uv": [0.375, 0, 0, 0.125], "texture": "#0"}
			}
		},
		{
			"from": [12.625, -5.5, 9.4375],
			"to": [15.625, -4.5, 10.4375],
			"rotation": {"angle": -45, "axis": "y", "origin": [14.125, -5, 9.9375]},
			"faces": {
				"north": {"uv": [5.125, 0, 5.5, 0.125], "texture": "#0"},
				"east": {"uv": [0, 0, 0.125, 0.125], "texture": "#0"},
				"south": {"uv": [0, 0, 0.375, 0.125], "texture": "#0"},
				"west": {"uv": [0, 0, 0.125, 0.125], "texture": "#0"},
				"up": {"uv": [5.125, 0.125, 5.5, 0.25], "texture": "#0"},
				"down": {"uv": [0, 0, 0.375, 0.125], "texture": "#0"}
			}
		},
		{
			"from": [12.625, -4.5, 5.3125],
			"to": [15.125, -3.5, 6.3125],
			"rotation": {"angle": 45, "axis": "y", "origin": [13.875, -4, 5.8125]},
			"faces": {
				"north": {"uv": [0.3125, 0, 0, 0.125], "texture": "#0"},
				"east": {"uv": [0.125, 0, 0, 0.125], "texture": "#0"},
				"south": {"uv": [5.4375, 0.375, 5.125, 0.5], "texture": "#0"},
				"west": {"uv": [0.125, 0, 0, 0.125], "texture": "#0"},
				"up": {"uv": [5.125, 0.625, 5.4375, 0.5], "texture": "#0"},
				"down": {"uv": [0, 0.125, 0.3125, 0], "texture": "#0"}
			}
		},
		{
			"from": [0.875, -4.5, 5.3125],
			"to": [3.375, -3.5, 6.3125],
			"rotation": {"angle": -45, "axis": "y", "origin": [2.125, -4, 5.8125]},
			"faces": {
				"north": {"uv": [0, 0, 0.3125, 0.125], "texture": "#0"},
				"east": {"uv": [0, 0, 0.125, 0.125], "texture": "#0"},
				"south": {"uv": [5.125, 0.375, 5.4375, 0.5], "texture": "#0"},
				"west": {"uv": [0, 0, 0.125, 0.125], "texture": "#0"},
				"up": {"uv": [5.4375, 0.625, 5.125, 0.5], "texture": "#0"},
				"down": {"uv": [0.3125, 0.125, 0, 0], "texture": "#0"}
			}
		},
		{
			"from": [0.875, -4.5, 9.6875],
			"to": [3.375, -3.5, 10.6875],
			"rotation": {"angle": 45, "axis": "y", "origin": [2.125, -4, 10.1875]},
			"faces": {
				"north": {"uv": [5.4375, 0.375, 5.125, 0.5], "texture": "#0"},
				"east": {"uv": [0.125, 0, 0, 0.125], "texture": "#0"},
				"south": {"uv": [0.3125, 0, 0, 0.125], "texture": "#0"},
				"west": {"uv": [0.125, 0, 0, 0.125], "texture": "#0"},
				"up": {"uv": [5.4375, 0.5, 5.125, 0.625], "texture": "#0"},
				"down": {"uv": [0.3125, 0, 0, 0.125], "texture": "#0"}
			}
		},
		{
			"from": [12.625, -4.5, 9.6875],
			"to": [15.125, -3.5, 10.6875],
			"rotation": {"angle": -45, "axis": "y", "origin": [13.875, -4, 10.1875]},
			"faces": {
				"north": {"uv": [5.125, 0.375, 5.4375, 0.5], "texture": "#0"},
				"east": {"uv": [0, 0, 0.125, 0.125], "texture": "#0"},
				"south": {"uv": [0, 0, 0.3125, 0.125], "texture": "#0"},
				"west": {"uv": [0, 0, 0.125, 0.125], "texture": "#0"},
				"up": {"uv": [5.125, 0.5, 5.4375, 0.625], "texture": "#0"},
				"down": {"uv": [0, 0, 0.3125, 0.125], "texture": "#0"}
			}
		},
		{
			"from": [12.625, -3.5, 5.3125],
			"to": [14.125, -2.5, 6.3125],
			"rotation": {"angle": 45, "axis": "y", "origin": [13.375, -3, 5.8125]},
			"faces": {
				"north": {"uv": [0.1875, 0, 0, 0.125], "texture": "#0"},
				"east": {"uv": [0.125, 0, 0, 0.125], "texture": "#0"},
				"south": {"uv": [5.4375, 1, 5.25, 1.125], "texture": "#0"},
				"west": {"uv": [0.125, 0, 0, 0.125], "texture": "#0"},
				"up": {"uv": [5.25, 1.25, 5.4375, 1.125], "texture": "#0"},
				"down": {"uv": [0, 0.125, 0.1875, 0], "texture": "#0"}
			}
		},
		{
			"from": [1.875, -3.5, 5.3125],
			"to": [3.375, -2.5, 6.3125],
			"rotation": {"angle": -45, "axis": "y", "origin": [2.625, -3, 5.8125]},
			"faces": {
				"north": {"uv": [0, 0, 0.1875, 0.125], "texture": "#0"},
				"east": {"uv": [0, 0, 0.125, 0.125], "texture": "#0"},
				"south": {"uv": [5.25, 1, 5.4375, 1.125], "texture": "#0"},
				"west": {"uv": [0, 0, 0.125, 0.125], "texture": "#0"},
				"up": {"uv": [5.4375, 1.25, 5.25, 1.125], "texture": "#0"},
				"down": {"uv": [0.1875, 0.125, 0, 0], "texture": "#0"}
			}
		},
		{
			"from": [1.875, -3.5, 9.6875],
			"to": [3.375, -2.5, 10.6875],
			"rotation": {"angle": 45, "axis": "y", "origin": [2.625, -3, 10.1875]},
			"faces": {
				"north": {"uv": [5.4375, 1, 5.25, 1.125], "texture": "#0"},
				"east": {"uv": [0.125, 0, 0, 0.125], "texture": "#0"},
				"south": {"uv": [0.1875, 0, 0, 0.125], "texture": "#0"},
				"west": {"uv": [0.125, 0, 0, 0.125], "texture": "#0"},
				"up": {"uv": [5.4375, 1.125, 5.25, 1.25], "texture": "#0"},
				"down": {"uv": [0.1875, 0, 0, 0.125], "texture": "#0"}
			}
		},
		{
			"from": [12.625, -3.5, 9.6875],
			"to": [14.125, -2.5, 10.6875],
			"rotation": {"angle": -45, "axis": "y", "origin": [13.375, -3, 10.1875]},
			"faces": {
				"north": {"uv": [5.25, 1, 5.4375, 1.125], "texture": "#0"},
				"east": {"uv": [0, 0, 0.125, 0.125], "texture": "#0"},
				"south": {"uv": [0, 0, 0.1875, 0.125], "texture": "#0"},
				"west": {"uv": [0, 0, 0.125, 0.125], "texture": "#0"},
				"up": {"uv": [5.25, 1.125, 5.4375, 1.25], "texture": "#0"},
				"down": {"uv": [0, 0, 0.1875, 0.125], "texture": "#0"}
			}
		},
		{
			"from": [12.65, 0, 3.025],
			"to": [13.65, 1, 6.025],
			"rotation": {"angle": 0, "axis": "y", "origin": [13.15, 2.5, 4.875]},
			"faces": {
				"north": {"uv": [0, 0, 0.125, 0.125], "texture": "#0"},
				"east": {"uv": [1.75, 0, 2.125, 0.125], "texture": "#0"},
				"south": {"uv": [0, 0, 0.125, 0.125], "texture": "#0"},
				"west": {"uv": [1.625, 0, 2, 0.125], "texture": "#0"},
				"up": {"uv": [0, 0, 0.375, 0.125], "rotation": 270, "texture": "#0"},
				"down": {"uv": [0, 0, 0.375, 0.125], "rotation": 90, "texture": "#0"}
			}
		},
		{
			"from": [2.35, 0, 3.025],
			"to": [3.35, 1, 6.025],
			"rotation": {"angle": 0, "axis": "y", "origin": [2.85, 2.5, 4.875]},
			"faces": {
				"north": {"uv": [0.125, 0, 0, 0.125], "texture": "#0"},
				"east": {"uv": [2, 0, 1.625, 0.125], "texture": "#0"},
				"south": {"uv": [0.125, 0, 0, 0.125], "texture": "#0"},
				"west": {"uv": [2.125, 0, 1.75, 0.125], "texture": "#0"},
				"up": {"uv": [0, 0.125, 0.375, 0], "rotation": 270, "texture": "#0"},
				"down": {"uv": [0, 0.125, 0.375, 0], "rotation": 90, "texture": "#0"}
			}
		},
		{
			"from": [2.35, 0, 9.975],
			"to": [3.35, 1, 12.975],
			"rotation": {"angle": 0, "axis": "y", "origin": [2.85, 2.5, 11.125]},
			"faces": {
				"north": {"uv": [0, 0, 0.125, 0.125], "texture": "#0"},
				"east": {"uv": [1.625, 0, 2, 0.125], "texture": "#0"},
				"south": {"uv": [0, 0, 0.125, 0.125], "texture": "#0"},
				"west": {"uv": [1.75, 0, 2.125, 0.125], "texture": "#0"},
				"up": {"uv": [0.375, 0.125, 0, 0], "rotation": 270, "texture": "#0"},
				"down": {"uv": [0.375, 0.125, 0, 0], "rotation": 90, "texture": "#0"}
			}
		},
		{
			"from": [12.65, 0, 9.975],
			"to": [13.65, 1, 12.975],
			"rotation": {"angle": 0, "axis": "y", "origin": [13.15, 2.5, 11.125]},
			"faces": {
				"north": {"uv": [0.125, 0, 0, 0.125], "texture": "#0"},
				"east": {"uv": [2.125, 0, 1.75, 0.125], "texture": "#0"},
				"south": {"uv": [0.125, 0, 0, 0.125], "texture": "#0"},
				"west": {"uv": [2, 0, 1.625, 0.125], "texture": "#0"},
				"up": {"uv": [0.375, 0, 0, 0.125], "rotation": 270, "texture": "#0"},
				"down": {"uv": [0.375, 0, 0, 0.125], "rotation": 90, "texture": "#0"}
			}
		},
		{
			"from": [12.65, 1, 3.275],
			"to": [13.65, 2, 6.025],
			"rotation": {"angle": 0, "axis": "y", "origin": [13.15, 2.5, 4.875]},
			"faces": {
				"north": {"uv": [0, 0, 0.125, 0.125], "texture": "#0"},
				"east": {"uv": [2.125, 0, 2.46875, 0.125], "texture": "#0"},
				"south": {"uv": [0, 0, 0.125, 0.125], "texture": "#0"},
				"west": {"uv": [2.375, 0, 2.71875, 0.125], "texture": "#0"},
				"up": {"uv": [0, 0, 0.34375, 0.125], "rotation": 270, "texture": "#0"},
				"down": {"uv": [0, 0, 0.375, 0.125], "rotation": 90, "texture": "#0"}
			}
		},
		{
			"from": [2.35, 1, 3.275],
			"to": [3.35, 2, 6.025],
			"rotation": {"angle": 0, "axis": "y", "origin": [2.85, 2.5, 4.875]},
			"faces": {
				"north": {"uv": [0.125, 0, 0, 0.125], "texture": "#0"},
				"east": {"uv": [2.71875, 0, 2.375, 0.125], "texture": "#0"},
				"south": {"uv": [0.125, 0, 0, 0.125], "texture": "#0"},
				"west": {"uv": [2.46875, 0, 2.125, 0.125], "texture": "#0"},
				"up": {"uv": [0, 0.125, 0.34375, 0], "rotation": 270, "texture": "#0"},
				"down": {"uv": [0, 0.125, 0.375, 0], "rotation": 90, "texture": "#0"}
			}
		},
		{
			"from": [2.35, 1, 9.975],
			"to": [3.35, 2, 12.725],
			"rotation": {"angle": 0, "axis": "y", "origin": [2.85, 2.5, 11.125]},
			"faces": {
				"north": {"uv": [0, 0, 0.125, 0.125], "texture": "#0"},
				"east": {"uv": [2.375, 0, 2.71875, 0.125], "texture": "#0"},
				"south": {"uv": [0, 0, 0.125, 0.125], "texture": "#0"},
				"west": {"uv": [2.125, 0, 2.46875, 0.125], "texture": "#0"},
				"up": {"uv": [0.34375, 0.125, 0, 0], "rotation": 270, "texture": "#0"},
				"down": {"uv": [0.375, 0.125, 0, 0], "rotation": 90, "texture": "#0"}
			}
		},
		{
			"from": [12.65, 1, 9.975],
			"to": [13.65, 2, 12.725],
			"rotation": {"angle": 0, "axis": "y", "origin": [13.15, 2.5, 11.125]},
			"faces": {
				"north": {"uv": [0.125, 0, 0, 0.125], "texture": "#0"},
				"east": {"uv": [2.46875, 0, 2.125, 0.125], "texture": "#0"},
				"south": {"uv": [0.125, 0, 0, 0.125], "texture": "#0"},
				"west": {"uv": [2.71875, 0, 2.375, 0.125], "texture": "#0"},
				"up": {"uv": [0.34375, 0, 0, 0.125], "rotation": 270, "texture": "#0"},
				"down": {"uv": [0.375, 0, 0, 0.125], "rotation": 90, "texture": "#0"}
			}
		},
		{
			"from": [12.65, 2, 3.775],
			"to": [13.65, 3, 6.025],
			"rotation": {"angle": 0, "axis": "y", "origin": [13.15, 2.5, 4.875]},
			"faces": {
				"north": {"uv": [0, 0, 0.125, 0.125], "texture": "#0"},
				"east": {"uv": [2, 0, 2.28125, 0.125], "texture": "#0"},
				"south": {"uv": [0, 0, 0.125, 0.125], "texture": "#0"},
				"west": {"uv": [2, 0, 2.28125, 0.125], "texture": "#0"},
				"up": {"uv": [0, 0, 0.28125, 0.125], "rotation": 270, "texture": "#0"},
				"down": {"uv": [0, 0, 0.375, 0.125], "rotation": 90, "texture": "#0"}
			}
		},
		{
			"from": [2.35, 2, 3.775],
			"to": [3.35, 3, 6.025],
			"rotation": {"angle": 0, "axis": "y", "origin": [2.85, 2.5, 4.875]},
			"faces": {
				"north": {"uv": [0.125, 0, 0, 0.125], "texture": "#0"},
				"east": {"uv": [2.28125, 0, 2, 0.125], "texture": "#0"},
				"south": {"uv": [0.125, 0, 0, 0.125], "texture": "#0"},
				"west": {"uv": [2.28125, 0, 2, 0.125], "texture": "#0"},
				"up": {"uv": [0, 0.125, 0.28125, 0], "rotation": 270, "texture": "#0"},
				"down": {"uv": [0, 0.125, 0.375, 0], "rotation": 90, "texture": "#0"}
			}
		},
		{
			"from": [2.35, 2, 9.975],
			"to": [3.35, 3, 12.225],
			"rotation": {"angle": 0, "axis": "y", "origin": [2.85, 2.5, 11.125]},
			"faces": {
				"north": {"uv": [0, 0, 0.125, 0.125], "texture": "#0"},
				"east": {"uv": [2, 0, 2.28125, 0.125], "texture": "#0"},
				"south": {"uv": [0, 0, 0.125, 0.125], "texture": "#0"},
				"west": {"uv": [2, 0, 2.28125, 0.125], "texture": "#0"},
				"up": {"uv": [0.28125, 0.125, 0, 0], "rotation": 270, "texture": "#0"},
				"down": {"uv": [0.375, 0.125, 0, 0], "rotation": 90, "texture": "#0"}
			}
		},
		{
			"from": [12.65, 2, 9.975],
			"to": [13.65, 3, 12.225],
			"rotation": {"angle": 0, "axis": "y", "origin": [13.15, 2.5, 11.125]},
			"faces": {
				"north": {"uv": [0.125, 0, 0, 0.125], "texture": "#0"},
				"east": {"uv": [2.28125, 0, 2, 0.125], "texture": "#0"},
				"south": {"uv": [0.125, 0, 0, 0.125], "texture": "#0"},
				"west": {"uv": [2.28125, 0, 2, 0.125], "texture": "#0"},
				"up": {"uv": [0.28125, 0, 0, 0.125], "rotation": 270, "texture": "#0"},
				"down": {"uv": [0.375, 0, 0, 0.125], "rotation": 90, "texture": "#0"}
			}
		},
		{
			"from": [12.65, 3, 4.025],
			"to": [13.65, 4, 6.025],
			"rotation": {"angle": 0, "axis": "y", "origin": [13.15, 2.5, 4.875]},
			"faces": {
				"north": {"uv": [0, 0, 0.125, 0.125], "texture": "#0"},
				"east": {"uv": [2, 0, 2.25, 0.125], "texture": "#0"},
				"south": {"uv": [0, 0, 0.125, 0.125], "texture": "#0"},
				"west": {"uv": [2.25, 0, 2.5, 0.125], "texture": "#0"},
				"up": {"uv": [0, 0, 0.25, 0.125], "rotation": 270, "texture": "#0"},
				"down": {"uv": [0, 0, 0.375, 0.125], "rotation": 90, "texture": "#0"}
			}
		},
		{
			"from": [2.35, 3, 4.025],
			"to": [3.35, 4, 6.025],
			"rotation": {"angle": 0, "axis": "y", "origin": [2.85, 2.5, 4.875]},
			"faces": {
				"north": {"uv": [0.125, 0, 0, 0.125], "texture": "#0"},
				"east": {"uv": [2.5, 0, 2.25, 0.125], "texture": "#0"},
				"south": {"uv": [0.125, 0, 0, 0.125], "texture": "#0"},
				"west": {"uv": [2.25, 0, 2, 0.125], "texture": "#0"},
				"up": {"uv": [0, 0.125, 0.25, 0], "rotation": 270, "texture": "#0"},
				"down": {"uv": [0, 0.125, 0.375, 0], "rotation": 90, "texture": "#0"}
			}
		},
		{
			"from": [2.35, 3, 9.975],
			"to": [3.35, 4, 11.975],
			"rotation": {"angle": 0, "axis": "y", "origin": [2.85, 2.5, 11.125]},
			"faces": {
				"north": {"uv": [0, 0, 0.125, 0.125], "texture": "#0"},
				"east": {"uv": [2.25, 0, 2.5, 0.125], "texture": "#0"},
				"south": {"uv": [0, 0, 0.125, 0.125], "texture": "#0"},
				"west": {"uv": [2, 0, 2.25, 0.125], "texture": "#0"},
				"up": {"uv": [0.25, 0.125, 0, 0], "rotation": 270, "texture": "#0"},
				"down": {"uv": [0.375, 0.125, 0, 0], "rotation": 90, "texture": "#0"}
			}
		},
		{
			"from": [12.65, 3, 9.975],
			"to": [13.65, 4, 11.975],
			"rotation": {"angle": 0, "axis": "y", "origin": [13.15, 2.5, 11.125]},
			"faces": {
				"north": {"uv": [0.125, 0, 0, 0.125], "texture": "#0"},
				"east": {"uv": [2.25, 0, 2, 0.125], "texture": "#0"},
				"south": {"uv": [0.125, 0, 0, 0.125], "texture": "#0"},
				"west": {"uv": [2.5, 0, 2.25, 0.125], "texture": "#0"},
				"up": {"uv": [0.25, 0, 0, 0.125], "rotation": 270, "texture": "#0"},
				"down": {"uv": [0.375, 0, 0, 0.125], "rotation": 90, "texture": "#0"}
			}
		},
		{
			"from": [12.65, 4, 4.525],
			"to": [13.65, 5, 6.025],
			"rotation": {"angle": 0, "axis": "y", "origin": [13.15, 2.5, 4.875]},
			"faces": {
				"north": {"uv": [0, 0, 0.125, 0.125], "texture": "#0"},
				"east": {"uv": [2.25, 0, 2.4375, 0.125], "texture": "#0"},
				"south": {"uv": [0, 0, 0.125, 0.125], "texture": "#0"},
				"west": {"uv": [2.75, 0, 2.9375, 0.125], "texture": "#0"},
				"up": {"uv": [0, 0, 0.1875, 0.125], "rotation": 270, "texture": "#0"},
				"down": {"uv": [0, 0, 0.375, 0.125], "rotation": 90, "texture": "#0"}
			}
		},
		{
			"from": [2.35, 4, 4.525],
			"to": [3.35, 5, 6.025],
			"rotation": {"angle": 0, "axis": "y", "origin": [2.85, 2.5, 4.875]},
			"faces": {
				"north": {"uv": [0.125, 0, 0, 0.125], "texture": "#0"},
				"east": {"uv": [2.9375, 0, 2.75, 0.125], "texture": "#0"},
				"south": {"uv": [0.125, 0, 0, 0.125], "texture": "#0"},
				"west": {"uv": [2.4375, 0, 2.25, 0.125], "texture": "#0"},
				"up": {"uv": [0, 0.125, 0.1875, 0], "rotation": 270, "texture": "#0"},
				"down": {"uv": [0, 0.125, 0.375, 0], "rotation": 90, "texture": "#0"}
			}
		},
		{
			"from": [2.35, 4, 9.975],
			"to": [3.35, 5, 11.475],
			"rotation": {"angle": 0, "axis": "y", "origin": [2.85, 2.5, 11.125]},
			"faces": {
				"north": {"uv": [0, 0, 0.125, 0.125], "texture": "#0"},
				"east": {"uv": [2.75, 0, 2.9375, 0.125], "texture": "#0"},
				"south": {"uv": [0, 0, 0.125, 0.125], "texture": "#0"},
				"west": {"uv": [2.25, 0, 2.4375, 0.125], "texture": "#0"},
				"up": {"uv": [0.1875, 0.125, 0, 0], "rotation": 270, "texture": "#0"},
				"down": {"uv": [0.375, 0.125, 0, 0], "rotation": 90, "texture": "#0"}
			}
		},
		{
			"from": [12.65, 4, 9.975],
			"to": [13.65, 5, 11.475],
			"rotation": {"angle": 0, "axis": "y", "origin": [13.15, 2.5, 11.125]},
			"faces": {
				"north": {"uv": [0.125, 0, 0, 0.125], "texture": "#0"},
				"east": {"uv": [2.4375, 0, 2.25, 0.125], "texture": "#0"},
				"south": {"uv": [0.125, 0, 0, 0.125], "texture": "#0"},
				"west": {"uv": [2.9375, 0, 2.75, 0.125], "texture": "#0"},
				"up": {"uv": [0.1875, 0, 0, 0.125], "rotation": 270, "texture": "#0"},
				"down": {"uv": [0.375, 0, 0, 0.125], "rotation": 90, "texture": "#0"}
			}
		},
		{
			"from": [10, 0, 2.375],
			"to": [13, 1, 3.375],
			"rotation": {"angle": 0, "axis": "y", "origin": [11.15, 2.5, 2.875]},
			"faces": {
				"north": {"uv": [1.625, 0, 2, 0.125], "texture": "#0"},
				"east": {"uv": [0, 0, 0.125, 0.125], "texture": "#0"},
				"south": {"uv": [1.75, 0, 2.125, 0.125], "texture": "#0"},
				"west": {"uv": [0, 0, 0.125, 0.125], "texture": "#0"},
				"up": {"uv": [0, 0, 0.375, 0.125], "texture": "#0"},
				"down": {"uv": [0, 0, 0.375, 0.125], "texture": "#0"}
			}
		},
		{
			"from": [3, 0, 2.375],
			"to": [6, 1, 3.375],
			"rotation": {"angle": 0, "axis": "y", "origin": [4.85, 2.5, 2.875]},
			"faces": {
				"north": {"uv": [2, 0, 1.625, 0.125], "texture": "#0"},
				"east": {"uv": [0.125, 0, 0, 0.125], "texture": "#0"},
				"south": {"uv": [2.125, 0, 1.75, 0.125], "texture": "#0"},
				"west": {"uv": [0.125, 0, 0, 0.125], "texture": "#0"},
				"up": {"uv": [0.375, 0, 0, 0.125], "texture": "#0"},
				"down": {"uv": [0.375, 0, 0, 0.125], "texture": "#0"}
			}
		},
		{
			"from": [3, 0, 12.625],
			"to": [6, 1, 13.625],
			"rotation": {"angle": 0, "axis": "y", "origin": [4.85, 2.5, 13.125]},
			"faces": {
				"north": {"uv": [1.75, 0, 2.125, 0.125], "texture": "#0"},
				"east": {"uv": [0, 0, 0.125, 0.125], "texture": "#0"},
				"south": {"uv": [1.625, 0, 2, 0.125], "texture": "#0"},
				"west": {"uv": [0, 0, 0.125, 0.125], "texture": "#0"},
				"up": {"uv": [0.375, 0.125, 0, 0], "texture": "#0"},
				"down": {"uv": [0.375, 0.125, 0, 0], "texture": "#0"}
			}
		},
		{
			"from": [10, 0, 12.625],
			"to": [13, 1, 13.625],
			"rotation": {"angle": 0, "axis": "y", "origin": [11.15, 2.5, 13.125]},
			"faces": {
				"north": {"uv": [2.125, 0, 1.75, 0.125], "texture": "#0"},
				"east": {"uv": [0.125, 0, 0, 0.125], "texture": "#0"},
				"south": {"uv": [2, 0, 1.625, 0.125], "texture": "#0"},
				"west": {"uv": [0.125, 0, 0, 0.125], "texture": "#0"},
				"up": {"uv": [0, 0.125, 0.375, 0], "texture": "#0"},
				"down": {"uv": [0, 0.125, 0.375, 0], "texture": "#0"}
			}
		},
		{
			"from": [10, 1, 2.375],
			"to": [12.75, 2, 3.375],
			"rotation": {"angle": 0, "axis": "y", "origin": [11.15, 2.5, 2.875]},
			"faces": {
				"north": {"uv": [2.375, 0, 2.71875, 0.125], "texture": "#0"},
				"east": {"uv": [0, 0, 0.125, 0.125], "texture": "#0"},
				"south": {"uv": [2.125, 0, 2.46875, 0.125], "texture": "#0"},
				"west": {"uv": [0, 0, 0.125, 0.125], "texture": "#0"},
				"up": {"uv": [0, 0, 0.34375, 0.125], "texture": "#0"},
				"down": {"uv": [0, 0, 0.375, 0.125], "texture": "#0"}
			}
		},
		{
			"from": [3.25, 1, 2.375],
			"to": [6, 2, 3.375],
			"rotation": {"angle": 0, "axis": "y", "origin": [4.85, 2.5, 2.875]},
			"faces": {
				"north": {"uv": [2.71875, 0, 2.375, 0.125], "texture": "#0"},
				"east": {"uv": [0.125, 0, 0, 0.125], "texture": "#0"},
				"south": {"uv": [2.46875, 0, 2.125, 0.125], "texture": "#0"},
				"west": {"uv": [0.125, 0, 0, 0.125], "texture": "#0"},
				"up": {"uv": [0.34375, 0, 0, 0.125], "texture": "#0"},
				"down": {"uv": [0.375, 0, 0, 0.125], "texture": "#0"}
			}
		},
		{
			"from": [3.25, 1, 12.625],
			"to": [6, 2, 13.625],
			"rotation": {"angle": 0, "axis": "y", "origin": [4.85, 2.5, 13.125]},
			"faces": {
				"north": {"uv": [2.125, 0, 2.46875, 0.125], "texture": "#0"},
				"east": {"uv": [0, 0, 0.125, 0.125], "texture": "#0"},
				"south": {"uv": [2.375, 0, 2.71875, 0.125], "texture": "#0"},
				"west": {"uv": [0, 0, 0.125, 0.125], "texture": "#0"},
				"up": {"uv": [0.34375, 0.125, 0, 0], "texture": "#0"},
				"down": {"uv": [0.375, 0.125, 0, 0], "texture": "#0"}
			}
		},
		{
			"from": [10, 1, 12.625],
			"to": [12.75, 2, 13.625],
			"rotation": {"angle": 0, "axis": "y", "origin": [11.15, 2.5, 13.125]},
			"faces": {
				"north": {"uv": [2.46875, 0, 2.125, 0.125], "texture": "#0"},
				"east": {"uv": [0.125, 0, 0, 0.125], "texture": "#0"},
				"south": {"uv": [2.71875, 0, 2.375, 0.125], "texture": "#0"},
				"west": {"uv": [0.125, 0, 0, 0.125], "texture": "#0"},
				"up": {"uv": [0, 0.125, 0.34375, 0], "texture": "#0"},
				"down": {"uv": [0, 0.125, 0.375, 0], "texture": "#0"}
			}
		},
		{
			"from": [10, 2, 2.375],
			"to": [12.25, 3, 3.375],
			"rotation": {"angle": 0, "axis": "y", "origin": [11.15, 2.5, 2.875]},
			"faces": {
				"north": {"uv": [2, 0, 2.28125, 0.125], "texture": "#0"},
				"east": {"uv": [0, 0, 0.125, 0.125], "texture": "#0"},
				"south": {"uv": [2, 0, 2.28125, 0.125], "texture": "#0"},
				"west": {"uv": [0, 0, 0.125, 0.125], "texture": "#0"},
				"up": {"uv": [0, 0, 0.28125, 0.125], "texture": "#0"},
				"down": {"uv": [0, 0, 0.375, 0.125], "texture": "#0"}
			}
		},
		{
			"from": [3.75, 2, 2.375],
			"to": [6, 3, 3.375],
			"rotation": {"angle": 0, "axis": "y", "origin": [4.85, 2.5, 2.875]},
			"faces": {
				"north": {"uv": [2.28125, 0, 2, 0.125], "texture": "#0"},
				"east": {"uv": [0.125, 0, 0, 0.125], "texture": "#0"},
				"south": {"uv": [2.28125, 0, 2, 0.125], "texture": "#0"},
				"west": {"uv": [0.125, 0, 0, 0.125], "texture": "#0"},
				"up": {"uv": [0.28125, 0, 0, 0.125], "texture": "#0"},
				"down": {"uv": [0.375, 0, 0, 0.125], "texture": "#0"}
			}
		},
		{
			"from": [3.75, 2, 12.625],
			"to": [6, 3, 13.625],
			"rotation": {"angle": 0, "axis": "y", "origin": [4.85, 2.5, 13.125]},
			"faces": {
				"north": {"uv": [2, 0, 2.28125, 0.125], "texture": "#0"},
				"east": {"uv": [0, 0, 0.125, 0.125], "texture": "#0"},
				"south": {"uv": [2, 0, 2.28125, 0.125], "texture": "#0"},
				"west": {"uv": [0, 0, 0.125, 0.125], "texture": "#0"},
				"up": {"uv": [0.28125, 0.125, 0, 0], "texture": "#0"},
				"down": {"uv": [0.375, 0.125, 0, 0], "texture": "#0"}
			}
		},
		{
			"from": [10, 2, 12.625],
			"to": [12.25, 3, 13.625],
			"rotation": {"angle": 0, "axis": "y", "origin": [11.15, 2.5, 13.125]},
			"faces": {
				"north": {"uv": [2.28125, 0, 2, 0.125], "texture": "#0"},
				"east": {"uv": [0.125, 0, 0, 0.125], "texture": "#0"},
				"south": {"uv": [2.28125, 0, 2, 0.125], "texture": "#0"},
				"west": {"uv": [0.125, 0, 0, 0.125], "texture": "#0"},
				"up": {"uv": [0, 0.125, 0.28125, 0], "texture": "#0"},
				"down": {"uv": [0, 0.125, 0.375, 0], "texture": "#0"}
			}
		},
		{
			"from": [10, 3, 2.375],
			"to": [12, 4, 3.375],
			"rotation": {"angle": 0, "axis": "y", "origin": [11.15, 2.5, 2.875]},
			"faces": {
				"north": {"uv": [2.25, 0, 2.5, 0.125], "texture": "#0"},
				"east": {"uv": [0, 0, 0.125, 0.125], "texture": "#0"},
				"south": {"uv": [2, 0, 2.25, 0.125], "texture": "#0"},
				"west": {"uv": [0, 0, 0.125, 0.125], "texture": "#0"},
				"up": {"uv": [0, 0, 0.25, 0.125], "texture": "#0"},
				"down": {"uv": [0, 0, 0.375, 0.125], "texture": "#0"}
			}
		},
		{
			"from": [4, 3, 2.375],
			"to": [6, 4, 3.375],
			"rotation": {"angle": 0, "axis": "y", "origin": [4.85, 2.5, 2.875]},
			"faces": {
				"north": {"uv": [2.5, 0, 2.25, 0.125], "texture": "#0"},
				"east": {"uv": [0.125, 0, 0, 0.125], "texture": "#0"},
				"south": {"uv": [2.25, 0, 2, 0.125], "texture": "#0"},
				"west": {"uv": [0.125, 0, 0, 0.125], "texture": "#0"},
				"up": {"uv": [0.25, 0, 0, 0.125], "texture": "#0"},
				"down": {"uv": [0.375, 0, 0, 0.125], "texture": "#0"}
			}
		},
		{
			"from": [4, 3, 12.625],
			"to": [6, 4, 13.625],
			"rotation": {"angle": 0, "axis": "y", "origin": [4.85, 2.5, 13.125]},
			"faces": {
				"north": {"uv": [2, 0, 2.25, 0.125], "texture": "#0"},
				"east": {"uv": [0, 0, 0.125, 0.125], "texture": "#0"},
				"south": {"uv": [2.25, 0, 2.5, 0.125], "texture": "#0"},
				"west": {"uv": [0, 0, 0.125, 0.125], "texture": "#0"},
				"up": {"uv": [0.25, 0.125, 0, 0], "texture": "#0"},
				"down": {"uv": [0.375, 0.125, 0, 0], "texture": "#0"}
			}
		},
		{
			"from": [10, 3, 12.625],
			"to": [12, 4, 13.625],
			"rotation": {"angle": 0, "axis": "y", "origin": [11.15, 2.5, 13.125]},
			"faces": {
				"north": {"uv": [2.25, 0, 2, 0.125], "texture": "#0"},
				"east": {"uv": [0.125, 0, 0, 0.125], "texture": "#0"},
				"south": {"uv": [2.5, 0, 2.25, 0.125], "texture": "#0"},
				"west": {"uv": [0.125, 0, 0, 0.125], "texture": "#0"},
				"up": {"uv": [0, 0.125, 0.25, 0], "texture": "#0"},
				"down": {"uv": [0, 0.125, 0.375, 0], "texture": "#0"}
			}
		},
		{
			"from": [10, 4, 2.375],
			"to": [11.5, 5, 3.375],
			"rotation": {"angle": 0, "axis": "y", "origin": [11.15, 2.5, 2.875]},
			"faces": {
				"north": {"uv": [2.75, 0, 2.9375, 0.125], "texture": "#0"},
				"east": {"uv": [0, 0, 0.125, 0.125], "texture": "#0"},
				"south": {"uv": [2.25, 0, 2.4375, 0.125], "texture": "#0"},
				"west": {"uv": [0, 0, 0.125, 0.125], "texture": "#0"},
				"up": {"uv": [0, 0, 0.1875, 0.125], "texture": "#0"},
				"down": {"uv": [0, 0, 0.375, 0.125], "texture": "#0"}
			}
		},
		{
			"from": [4.5, 4, 2.375],
			"to": [6, 5, 3.375],
			"rotation": {"angle": 0, "axis": "y", "origin": [4.85, 2.5, 2.875]},
			"faces": {
				"north": {"uv": [2.9375, 0, 2.75, 0.125], "texture": "#0"},
				"east": {"uv": [0.125, 0, 0, 0.125], "texture": "#0"},
				"south": {"uv": [2.4375, 0, 2.25, 0.125], "texture": "#0"},
				"west": {"uv": [0.125, 0, 0, 0.125], "texture": "#0"},
				"up": {"uv": [0.1875, 0, 0, 0.125], "texture": "#0"},
				"down": {"uv": [0.375, 0, 0, 0.125], "texture": "#0"}
			}
		},
		{
			"from": [4.5, 4, 12.625],
			"to": [6, 5, 13.625],
			"rotation": {"angle": 0, "axis": "y", "origin": [4.85, 2.5, 13.125]},
			"faces": {
				"north": {"uv": [2.25, 0, 2.4375, 0.125], "texture": "#0"},
				"east": {"uv": [0, 0, 0.125, 0.125], "texture": "#0"},
				"south": {"uv": [2.75, 0, 2.9375, 0.125], "texture": "#0"},
				"west": {"uv": [0, 0, 0.125, 0.125], "texture": "#0"},
				"up": {"uv": [0.1875, 0.125, 0, 0], "texture": "#0"},
				"down": {"uv": [0.375, 0.125, 0, 0], "texture": "#0"}
			}
		},
		{
			"from": [10, 4, 12.625],
			"to": [11.5, 5, 13.625],
			"rotation": {"angle": 0, "axis": "y", "origin": [11.15, 2.5, 13.125]},
			"faces": {
				"north": {"uv": [2.4375, 0, 2.25, 0.125], "texture": "#0"},
				"east": {"uv": [0.125, 0, 0, 0.125], "texture": "#0"},
				"south": {"uv": [2.9375, 0, 2.75, 0.125], "texture": "#0"},
				"west": {"uv": [0.125, 0, 0, 0.125], "texture": "#0"},
				"up": {"uv": [0, 0.125, 0.1875, 0], "texture": "#0"},
				"down": {"uv": [0, 0.125, 0.375, 0], "texture": "#0"}
			}
		},
		{
			"from": [3.85051, 21.5, 2.12132],
			"to": [4.85051, 22.5, 6.62132],
			"rotation": {"angle": -45, "axis": "y", "origin": [4.35051, 22, 4.37132]},
			"faces": {
				"north": {"uv": [0.125, 0, 0, 0.125], "texture": "#0"},
				"east": {"uv": [0.5625, 0, 0, 0.125], "texture": "#0"},
				"south": {"uv": [0.125, 0, 0, 0.125], "texture": "#0"},
				"west": {"uv": [7.5625, 0, 7, 0.125], "texture": "#0"},
				"up": {"uv": [7.125, 0.5625, 7.25, 0], "texture": "#0"},
				"down": {"uv": [0, 0.5625, 0.125, 0], "texture": "#0"}
			}
		},
		{
			"from": [4.10051, 22.5, 2.62132],
			"to": [5.10051, 23.5, 6.62132],
			"rotation": {"angle": -45, "axis": "y", "origin": [4.60051, 23, 4.62132]},
			"faces": {
				"north": {"uv": [0.125, 0, 0, 0.125], "texture": "#0"},
				"east": {"uv": [0.5, 0, 0, 0.125], "texture": "#0"},
				"south": {"uv": [0.125, 0, 0, 0.125], "texture": "#0"},
				"west": {"uv": [7.5, 0, 7, 0.125], "texture": "#0"},
				"up": {"uv": [6.875, 0.5625, 7, 0], "texture": "#0"},
				"down": {"uv": [0, 0.5, 0.125, 0], "texture": "#0"}
			}
		},
		{
			"from": [4.35051, 23.5, 3.12132],
			"to": [5.35051, 24.5, 6.62132],
			"rotation": {"angle": -45, "axis": "y", "origin": [4.85051, 24, 4.87132]},
			"faces": {
				"north": {"uv": [0.125, 0, 0, 0.125], "texture": "#0"},
				"east": {"uv": [0.4375, 0, 0, 0.125], "texture": "#0"},
				"south": {"uv": [0.125, 0, 0, 0.125], "texture": "#0"},
				"west": {"uv": [7.3125, 0, 6.875, 0.125], "texture": "#0"},
				"up": {"uv": [7.125, 0.5625, 7.25, 0], "texture": "#0"},
				"down": {"uv": [0, 0.4375, 0.125, 0], "texture": "#0"}
			}
		},
		{
			"from": [4.60051, 24.5, 3.62132],
			"to": [5.60051, 25.5, 6.62132],
			"rotation": {"angle": -45, "axis": "y", "origin": [5.10051, 25, 5.12132]},
			"faces": {
				"north": {"uv": [0.125, 0, 0, 0.125], "texture": "#0"},
				"east": {"uv": [0.375, 0, 0, 0.125], "texture": "#0"},
				"south": {"uv": [0.125, 0, 0, 0.125], "texture": "#0"},
				"west": {"uv": [7.375, 0, 7, 0.125], "texture": "#0"},
				"up": {"uv": [7.125, 0.5625, 7.25, 0], "texture": "#0"},
				"down": {"uv": [0, 0.375, 0.125, 0], "texture": "#0"}
			}
		},
		{
			"from": [4.85051, 25.5, 4.12132],
			"to": [5.85051, 26.5, 6.62132],
			"rotation": {"angle": -45, "axis": "y", "origin": [5.35051, 26, 5.37132]},
			"faces": {
				"north": {"uv": [0.125, 0, 0, 0.125], "texture": "#0"},
				"east": {"uv": [0.3125, 0, 0, 0.125], "texture": "#0"},
				"south": {"uv": [0.125, 0, 0, 0.125], "texture": "#0"},
				"west": {"uv": [7.0625, 0, 6.75, 0.125], "texture": "#0"},
				"up": {"uv": [7.125, 0.5625, 7.25, 0], "texture": "#0"},
				"down": {"uv": [0, 0.3125, 0.125, 0], "texture": "#0"}
			}
		},
		{
			"from": [5.10051, 26.5, 4.62132],
			"to": [6.10051, 27.5, 6.62132],
			"rotation": {"angle": -45, "axis": "y", "origin": [5.60051, 27, 5.62132]},
			"faces": {
				"north": {"uv": [0.125, 0, 0, 0.125], "texture": "#0"},
				"east": {"uv": [0.25, 0, 0, 0.125], "texture": "#0"},
				"south": {"uv": [0.125, 0, 0, 0.125], "texture": "#0"},
				"west": {"uv": [6.75, 0, 6.5, 0.125], "texture": "#0"},
				"up": {"uv": [7.125, 0.5625, 7.25, 0], "texture": "#0"},
				"down": {"uv": [0, 0.25, 0.125, 0], "texture": "#0"}
			}
		},
		{
			"from": [3.85051, 21.5, 9.37868],
			"to": [4.85051, 22.5, 13.87868],
			"rotation": {"angle": 45, "axis": "y", "origin": [4.35051, 22, 11.62868]},
			"faces": {
				"north": {"uv": [0, 0, 0.125, 0.125], "texture": "#0"},
				"east": {"uv": [0, 0, 0.5625, 0.125], "texture": "#0"},
				"south": {"uv": [0, 0, 0.125, 0.125], "texture": "#0"},
				"west": {"uv": [7, 0, 7.5625, 0.125], "texture": "#0"},
				"up": {"uv": [7.125, 0, 7.25, 0.5625], "texture": "#0"},
				"down": {"uv": [0, 0, 0.125, 0.5625], "texture": "#0"}
			}
		},
		{
			"from": [4.10051, 22.5, 9.37868],
			"to": [5.10051, 23.5, 13.37868],
			"rotation": {"angle": 45, "axis": "y", "origin": [4.60051, 23, 11.37868]},
			"faces": {
				"north": {"uv": [0, 0, 0.125, 0.125], "texture": "#0"},
				"east": {"uv": [0, 0, 0.5, 0.125], "texture": "#0"},
				"south": {"uv": [0, 0, 0.125, 0.125], "texture": "#0"},
				"west": {"uv": [7, 0, 7.5, 0.125], "texture": "#0"},
				"up": {"uv": [6.875, 0, 7, 0.5625], "texture": "#0"},
				"down": {"uv": [0, 0, 0.125, 0.5], "texture": "#0"}
			}
		},
		{
			"from": [4.35051, 23.5, 9.37868],
			"to": [5.35051, 24.5, 12.87868],
			"rotation": {"angle": 45, "axis": "y", "origin": [4.85051, 24, 11.12868]},
			"faces": {
				"north": {"uv": [0, 0, 0.125, 0.125], "texture": "#0"},
				"east": {"uv": [0, 0, 0.4375, 0.125], "texture": "#0"},
				"south": {"uv": [0, 0, 0.125, 0.125], "texture": "#0"},
				"west": {"uv": [6.875, 0, 7.3125, 0.125], "texture": "#0"},
				"up": {"uv": [7.125, 0, 7.25, 0.5625], "texture": "#0"},
				"down": {"uv": [0, 0, 0.125, 0.4375], "texture": "#0"}
			}
		},
		{
			"from": [4.60051, 24.5, 9.37868],
			"to": [5.60051, 25.5, 12.37868],
			"rotation": {"angle": 45, "axis": "y", "origin": [5.10051, 25, 10.87868]},
			"faces": {
				"north": {"uv": [0, 0, 0.125, 0.125], "texture": "#0"},
				"east": {"uv": [0, 0, 0.375, 0.125], "texture": "#0"},
				"south": {"uv": [0, 0, 0.125, 0.125], "texture": "#0"},
				"west": {"uv": [7, 0, 7.375, 0.125], "texture": "#0"},
				"up": {"uv": [7.125, 0, 7.25, 0.5625], "texture": "#0"},
				"down": {"uv": [0, 0, 0.125, 0.375], "texture": "#0"}
			}
		},
		{
			"from": [4.85051, 25.5, 9.37868],
			"to": [5.85051, 26.5, 11.87868],
			"rotation": {"angle": 45, "axis": "y", "origin": [5.35051, 26, 10.62868]},
			"faces": {
				"north": {"uv": [0, 0, 0.125, 0.125], "texture": "#0"},
				"east": {"uv": [0, 0, 0.3125, 0.125], "texture": "#0"},
				"south": {"uv": [0, 0, 0.125, 0.125], "texture": "#0"},
				"west": {"uv": [6.75, 0, 7.0625, 0.125], "texture": "#0"},
				"up": {"uv": [7.125, 0, 7.25, 0.5625], "texture": "#0"},
				"down": {"uv": [0, 0, 0.125, 0.3125], "texture": "#0"}
			}
		},
		{
			"from": [5.10051, 26.5, 9.37868],
			"to": [6.10051, 27.5, 11.37868],
			"rotation": {"angle": 45, "axis": "y", "origin": [5.60051, 27, 10.37868]},
			"faces": {
				"north": {"uv": [0, 0, 0.125, 0.125], "texture": "#0"},
				"east": {"uv": [0, 0, 0.25, 0.125], "texture": "#0"},
				"south": {"uv": [0, 0, 0.125, 0.125], "texture": "#0"},
				"west": {"uv": [6.5, 0, 6.75, 0.125], "texture": "#0"},
				"up": {"uv": [7.125, 0, 7.25, 0.5625], "texture": "#0"},
				"down": {"uv": [0, 0, 0.125, 0.25], "texture": "#0"}
			}
		},
		{
			"from": [11.14949, 21.5, 9.37868],
			"to": [12.14949, 22.5, 13.87868],
			"rotation": {"angle": -45, "axis": "y", "origin": [11.64949, 22, 11.62868]},
			"faces": {
				"north": {"uv": [0.125, 0, 0, 0.125], "texture": "#0"},
				"east": {"uv": [7.5625, 0, 7, 0.125], "texture": "#0"},
				"south": {"uv": [0.125, 0, 0, 0.125], "texture": "#0"},
				"west": {"uv": [0.5625, 0, 0, 0.125], "texture": "#0"},
				"up": {"uv": [7.25, 0, 7.125, 0.5625], "texture": "#0"},
				"down": {"uv": [0.125, 0, 0, 0.5625], "texture": "#0"}
			}
		},
		{
			"from": [10.89949, 22.5, 9.37868],
			"to": [11.89949, 23.5, 13.37868],
			"rotation": {"angle": -45, "axis": "y", "origin": [11.39949, 23, 11.37868]},
			"faces": {
				"north": {"uv": [0.125, 0, 0, 0.125], "texture": "#0"},
				"east": {"uv": [7.5, 0, 7, 0.125], "texture": "#0"},
				"south": {"uv": [0.125, 0, 0, 0.125], "texture": "#0"},
				"west": {"uv": [0.5, 0, 0, 0.125], "texture": "#0"},
				"up": {"uv": [7, 0, 6.875, 0.5625], "texture": "#0"},
				"down": {"uv": [0.125, 0, 0, 0.5], "texture": "#0"}
			}
		},
		{
			"from": [10.64949, 23.5, 9.37868],
			"to": [11.64949, 24.5, 12.87868],
			"rotation": {"angle": -45, "axis": "y", "origin": [11.14949, 24, 11.12868]},
			"faces": {
				"north": {"uv": [0.125, 0, 0, 0.125], "texture": "#0"},
				"east": {"uv": [7.3125, 0, 6.875, 0.125], "texture": "#0"},
				"south": {"uv": [0.125, 0, 0, 0.125], "texture": "#0"},
				"west": {"uv": [0.4375, 0, 0, 0.125], "texture": "#0"},
				"up": {"uv": [7.25, 0, 7.125, 0.5625], "texture": "#0"},
				"down": {"uv": [0.125, 0, 0, 0.4375], "texture": "#0"}
			}
		},
		{
			"from": [10.39949, 24.5, 9.37868],
			"to": [11.39949, 25.5, 12.37868],
			"rotation": {"angle": -45, "axis": "y", "origin": [10.89949, 25, 10.87868]},
			"faces": {
				"north": {"uv": [0.125, 0, 0, 0.125], "texture": "#0"},
				"east": {"uv": [7.375, 0, 7, 0.125], "texture": "#0"},
				"south": {"uv": [0.125, 0, 0, 0.125], "texture": "#0"},
				"west": {"uv": [0.375, 0, 0, 0.125], "texture": "#0"},
				"up": {"uv": [7.25, 0, 7.125, 0.5625], "texture": "#0"},
				"down": {"uv": [0.125, 0, 0, 0.375], "texture": "#0"}
			}
		},
		{
			"from": [10.14949, 25.5, 9.37868],
			"to": [11.14949, 26.5, 11.87868],
			"rotation": {"angle": -45, "axis": "y", "origin": [10.64949, 26, 10.62868]},
			"faces": {
				"north": {"uv": [0.125, 0, 0, 0.125], "texture": "#0"},
				"east": {"uv": [7.0625, 0, 6.75, 0.125], "texture": "#0"},
				"south": {"uv": [0.125, 0, 0, 0.125], "texture": "#0"},
				"west": {"uv": [0.3125, 0, 0, 0.125], "texture": "#0"},
				"up": {"uv": [7.25, 0, 7.125, 0.5625], "texture": "#0"},
				"down": {"uv": [0.125, 0, 0, 0.3125], "texture": "#0"}
			}
		},
		{
			"from": [9.89949, 26.5, 9.37868],
			"to": [10.89949, 27.5, 11.37868],
			"rotation": {"angle": -45, "axis": "y", "origin": [10.39949, 27, 10.37868]},
			"faces": {
				"north": {"uv": [0.125, 0, 0, 0.125], "texture": "#0"},
				"east": {"uv": [6.75, 0, 6.5, 0.125], "texture": "#0"},
				"south": {"uv": [0.125, 0, 0, 0.125], "texture": "#0"},
				"west": {"uv": [0.25, 0, 0, 0.125], "texture": "#0"},
				"up": {"uv": [7.25, 0, 7.125, 0.5625], "texture": "#0"},
				"down": {"uv": [0.125, 0, 0, 0.25], "texture": "#0"}
			}
		},
		{
			"from": [5.5, 29.25, 5.5],
			"to": [10.5, 30.25, 10.5],
			"rotation": {"angle": 0, "axis": "y", "origin": [14, 37.25, 17]},
			"faces": {
				"north": {"uv": [10.25, 0, 10.875, 0.125], "texture": "#0"},
				"east": {"uv": [9.125, 0, 9.75, 0.125], "texture": "#0"},
				"south": {"uv": [8.375, 0, 9, 0.125], "texture": "#0"},
				"west": {"uv": [9.375, 0, 9.59375, 0.125], "texture": "#0"},
				"up": {"uv": [8.875, 0, 9.5, 0.625], "texture": "#0"},
				"down": {"uv": [0, 0, 0.625, 0.625], "texture": "#0"}
			}
		},
		{
			"from": [5.75, 29.75, 5.75],
			"to": [10.25, 30.75, 10.25],
			"rotation": {"angle": 0, "axis": "y", "origin": [14, 37.75, 17]},
			"faces": {
				"north": {"uv": [9.5, 0, 10.0625, 0.125], "texture": "#0"},
				"east": {"uv": [9.125, 0, 9.75, 0.125], "texture": "#0"},
				"south": {"uv": [8.375, 0, 9, 0.125], "texture": "#0"},
				"west": {"uv": [9.375, 0, 9.59375, 0.125], "texture": "#0"},
				"up": {"uv": [9.25, 0, 9.8125, 0.5625], "texture": "#0"},
				"down": {"uv": [0, 0, 0.5625, 0.5625], "texture": "#0"}
			}
		},
		{
			"from": [6.25, 30.25, 6.25],
			"to": [9.75, 31.25, 9.75],
			"rotation": {"angle": 0, "axis": "y", "origin": [14, 38.25, 17]},
			"faces": {
				"north": {"uv": [8.625, 0, 9.0625, 0.125], "texture": "#0"},
				"east": {"uv": [9.125, 0, 9.75, 0.125], "texture": "#0"},
				"south": {"uv": [8.375, 0, 9, 0.125], "texture": "#0"},
				"west": {"uv": [9.375, 0, 9.59375, 0.125], "texture": "#0"},
				"up": {"uv": [9, 0, 9.4375, 0.4375], "texture": "#0"},
				"down": {"uv": [0, 0, 0.4375, 0.4375], "texture": "#0"}
			}
		},
		{
			"from": [7, 30.75, 7],
			"to": [9, 31.75, 9],
			"rotation": {"angle": 0, "axis": "y", "origin": [14, 38.75, 16.75]},
			"faces": {
				"north": {"uv": [10, 0, 10.25, 0.125], "texture": "#0"},
				"east": {"uv": [9.125, 0, 9.75, 0.125], "texture": "#0"},
				"south": {"uv": [8.375, 0, 9, 0.125], "texture": "#0"},
				"west": {"uv": [9.375, 0, 9.59375, 0.125], "texture": "#0"},
				"up": {"uv": [9, 0, 9.25, 0.21875], "texture": "#0"},
				"down": {"uv": [0, 0, 0.25, 0.21875], "texture": "#0"}
			}
		},
		{
			"from": [5, 0, 10.25],
			"to": [11, 16, 11.25],
			"rotation": {"angle": 0, "axis": "y", "origin": [15, 20, 18.25]},
			"faces": {
				"north": {"uv": [11.625, 0, 12.375, 2], "texture": "#0"},
				"east": {"uv": [0, 0, 0.125, 2], "texture": "#0"},
				"south": {"uv": [0, 0, 0.75, 2], "texture": "#0"},
				"west": {"uv": [0, 0, 0.125, 2], "texture": "#0"},
				"up": {"uv": [11.875, 0, 12.625, 0.125], "texture": "#0"},
				"down": {"uv": [0, 0, 0.75, 0.125], "texture": "#0"}
			}
		},
		{
			"from": [5, 0, 5.25],
			"to": [11, 16, 6.25],
			"rotation": {"angle": 0, "axis": "y", "origin": [15, 20, 13.25]},
			"faces": {
				"north": {"uv": [0, 0, 0.75, 2], "texture": "#0"},
				"east": {"uv": [0, 0, 0.125, 2], "texture": "#0"},
				"south": {"uv": [12.125, 0, 12.875, 2], "texture": "#0"},
				"west": {"uv": [0, 0, 0.125, 2], "texture": "#0"},
				"up": {"uv": [11.875, 0, 12.625, 0.125], "texture": "#0"},
				"down": {"uv": [0, 0, 0.75, 0.125], "texture": "#0"}
			}
		},
		{
			"from": [5, 0, 5.25],
			"to": [6, 16, 11.25],
			"rotation": {"angle": 0, "axis": "y", "origin": [13, 20, 15.25]},
			"faces": {
				"north": {"uv": [0.125, 0, 0, 2], "texture": "#0"},
				"east": {"uv": [12.625, 0, 11.875, 2], "texture": "#0"},
				"south": {"uv": [0.125, 0, 0, 2], "texture": "#0"},
				"west": {"uv": [0.75, 0, 0, 2], "texture": "#0"},
				"up": {"uv": [11.875, 0, 12.625, 0.125], "rotation": 90, "texture": "#0"},
				"down": {"uv": [0, 0.125, 0.75, 0], "rotation": 270, "texture": "#0"}
			}
		},
		{
			"from": [10, 0, 5.25],
			"to": [11, 16, 11.25],
			"rotation": {"angle": 0, "axis": "y", "origin": [3, 20, 15.25]},
			"faces": {
				"north": {"uv": [0, 0, 0.125, 2], "texture": "#0"},
				"east": {"uv": [0, 0, 0.75, 2], "texture": "#0"},
				"south": {"uv": [0, 0, 0.125, 2], "texture": "#0"},
				"west": {"uv": [11.75, 0, 12.5, 2], "texture": "#0"},
				"up": {"uv": [11.875, 0, 12.625, 0.125], "rotation": 90, "texture": "#0"},
				"down": {"uv": [0, 0, 0.75, 0.125], "rotation": 270, "texture": "#0"}
			}
		},
		{
			"from": [6, 15, 6.25],
			"to": [10, 16, 10.25],
			"rotation": {"angle": 0, "axis": "y", "origin": [14, 23, 14.25]},
			"faces": {
				"north": {"uv": [0, 0, 0.5, 0.125], "texture": "#0"},
				"east": {"uv": [0, 0, 0.5, 0.125], "texture": "#0"},
				"south": {"uv": [0, 0, 0.5, 0.125], "texture": "#0"},
				"west": {"uv": [0, 0, 0.5, 0.125], "texture": "#0"},
				"up": {"uv": [12, 0, 12.5, 0.5], "texture": "#0"},
				"down": {"uv": [12, 0, 12.5, 0.5], "texture": "#0"}
			}
		},
		{
			"from": [6, 1, 6.25],
			"to": [10, 2, 10.25],
			"rotation": {"angle": 0, "axis": "y", "origin": [14, 9, 14.25]},
			"faces": {
				"north": {"uv": [0, 0, 0.5, 0.125], "texture": "#0"},
				"east": {"uv": [0, 0, 0.5, 0.125], "texture": "#0"},
				"south": {"uv": [0, 0, 0.5, 0.125], "texture": "#0"},
				"west": {"uv": [0, 0, 0.5, 0.125], "texture": "#0"},
				"up": {"uv": [12, 0, 12.5, 0.5], "texture": "#0"},
				"down": {"uv": [12, 0, 12.5, 0.5], "texture": "#0"}
			}
		}
	],
	"display": {
		"thirdperson_righthand": {
			"rotation": [0, 0, 90],
			"translation": [-6.25, 2.5, 3.5]
		},
		"thirdperson_lefthand": {
			"rotation": [0, 0, 90],
			"translation": [-6.25, 2.5, 3.5]
		},
		"firstperson_righthand": {
			"rotation": [0, 0, 90],
			"translation": [-7.5, 0, 0]
		},
		"firstperson_lefthand": {
			"rotation": [0, 0, 90],
			"translation": [-7.5, 0, 0]
		},
		"ground": {
			"rotation": [0, 0, 90]
		},
		"gui": {
			"rotation": [0, 0, -45],
			"translation": [1, 1, 0],
			"scale": [0.43, 0.43, 0.43]
		},
		"head": {
			"translation": [0, 52.5, 0],
			"scale": [4, 4, 4]
		},
		"fixed": {
			"rotation": [0, 0, 45]
		}
	},
	"groups": [
		{
			"name": "detail engine",
			"origin": [8, 8, 8],
			"children": [0, 1, 2, 3, 4, 5, 6, 7, 8, 9, 10, 11]
		},
		{
			"name": "octagon",
			"origin": [8, 8, 8],
			"children": [12, 13, 14, 15, 16, 17, 18, 19, 20, 21, 22, 23]
		},
		{
			"name": "detail nose",
			"origin": [4.1869, 2.7706, 0.65328],
			"children": [24, 25, 26, 27, 28, 29]
		},
		{
			"name": "engine slopes",
			"origin": [8, 8, 8],
			"children": [30, 31, 32, 33, 34, 35, 36, 37]
		},
		{
			"name": "octagon",
			"origin": [8, 8, 8],
			"children": [38, 39, 40, 41, 42, 43, 44, 45, 46, 47, 48, 49, 50, 51, 52, 53, 54, 55, 56, 57, 58, 59, 60, 61, 62, 63, 64, 65, 66, 67, 68, 69]
		},
		{
			"name": "engine fill",
			"origin": [8, 8, 8],
			"children": [70, 71, 72, 73, 74, 75, 76, 77]
		}, 78,
		{
			"name": "detail engine",
			"origin": [8, 8, 8],
			"children": [79, 80, 81, 82, 83, 84, 85, 86, 87, 88, 89, 90]
		},
		{
			"name": "detail engine",
			"origin": [8, 8, 8],
			"children": [91, 92, 93, 94, 95, 96, 97, 98, 99, 100, 101, 102]
		},
		{
			"name": "engine fancyness",
			"origin": [20, 12, 10.375],
			"children": [103, 104, 105, 106, 107, 108, 109, 110, 111, 112, 113, 114, 115, 116, 117, 118, 119, 120, 121, 122]
		},
		{
			"name": "engine fancyness",
			"origin": [20, 12, 10.375],
			"children": [123, 124, 125, 126, 127, 128, 129, 130, 131, 132, 133, 134, 135, 136, 137, 138, 139, 140, 141, 142]
		},
		{
			"name": "detail nose",
			"origin": [4.1869, 2.7706, 0.65328],
			"children": [143, 144, 145, 146, 147, 148]
		},
		{
			"name": "detail nose",
			"origin": [4.1869, 2.7706, 0.65328],
			"children": [149, 150, 151, 152, 153, 154]
		},
		{
			"name": "detail nose",
			"origin": [4.1869, 2.7706, 0.65328],
			"children": [155, 156, 157, 158, 159, 160]
		}, 161, 162, 163, 164, 165, 166, 167, 168, 169, 170]
}