{
	"credit": "Made with Blockbench",
	"texture_size": [32, 32],
	"textures": {
		"1": "expansion:vehicles/spaceship/spaceship_missiles",
		"2": "expansion:vehicles/spaceship/spaceship_middle",
		"3": "expansion:vehicles/spaceship/spaceship_wings",
		"particle": "expansion:vehicles/spaceship/spaceship_middle"
	},
	"elements": [
		{
			"from": [-2, 8, -4],
			"to": [2, 12, 26],
			"rotation": {"angle": 0, "axis": "y", "origin": [11, 16, 8]},
			"faces": {
				"north": {"uv": [8, 0, 10, 2], "texture": "#1"},
				"east": {"uv": [4, 0, 6, 15], "rotation": 90, "texture": "#1"},
				"south": {"uv": [8, 2, 10, 4], "texture": "#1"},
				"west": {"uv": [2, 0, 4, 15], "rotation": 270, "texture": "#1"},
				"up": {"uv": [0, 0, 2, 15], "texture": "#1"},
				"down": {"uv": [6, 0, 8, 15], "rotation": 180, "texture": "#1"}
			}
		},
		{
			"from": [18, 9, 8],
			"to": [22, 11, 24],
			"rotation": {"angle": 0, "axis": "y", "origin": [9, 16, 8]},
			"faces": {
				"north": {"uv": [14, 0, 16, 1], "texture": "#3"},
				"east": {"uv": [1, 8, 2, 16], "rotation": 90, "texture": "#3"},
				"south": {"uv": [12, 0, 14, 1], "texture": "#3"},
				"west": {"uv": [4, 0, 8, 0.5], "texture": "#3"},
				"up": {"uv": [0, 0, 2, 8], "texture": "#3"},
				"down": {"uv": [6.5, 0, 8.5, 8], "rotation": 180, "texture": "#3"}
			}
		},
		{
			"from": [-6, 9, 8],
			"to": [-2, 11, 24],
			"rotation": {"angle": 0, "axis": "y", "origin": [7, 16, 8]},
			"faces": {
				"north": {"uv": [16, 0, 14, 1], "texture": "#3"},
				"east": {"uv": [8, 0, 4, 0.5], "texture": "#3"},
				"south": {"uv": [14, 0, 12, 1], "texture": "#3"},
				"west": {"uv": [1, 16, 2, 8], "rotation": 90, "texture": "#3"},
				"up": {"uv": [2, 0, 0, 8], "texture": "#3"},
				"down": {"uv": [8.5, 0, 6.5, 8], "rotation": 180, "texture": "#3"}
			}
		},
		{
			"from": [22, 9.5, 12],
			"to": [26, 10.5, 25],
			"rotation": {"angle": 0, "axis": "y", "origin": [13, 16, 8]},
			"faces": {
				"north": {"uv": [14, 1, 16, 1.5], "texture": "#3"},
				"east": {"uv": [0, 9, 0.5, 15.5], "rotation": 90, "texture": "#3"},
				"south": {"uv": [12, 1, 14, 1.5], "texture": "#3"},
				"west": {"uv": [2.5, 0, 5.75, 0.25], "texture": "#3"},
				"up": {"uv": [2, 2, 4, 8.5], "texture": "#3"},
				"down": {"uv": [8.5, 2, 10.5, 8.5], "rotation": 180, "texture": "#3"}
			}
		},
		{
			"from": [-10, 9.5, 12],
			"to": [-6, 10.5, 25],
			"rotation": {"angle": 0, "axis": "y", "origin": [3, 16, 8]},
			"faces": {
				"north": {"uv": [16, 1, 14, 1.5], "texture": "#3"},
				"east": {"uv": [5.75, 0, 2.5, 0.25], "texture": "#3"},
				"south": {"uv": [14, 1, 12, 1.5], "texture": "#3"},
				"west": {"uv": [0, 15.5, 0.5, 9], "rotation": 90, "texture": "#3"},
				"up": {"uv": [4, 2, 2, 8.5], "texture": "#3"},
				"down": {"uv": [10.5, 2, 8.5, 8.5], "rotation": 180, "texture": "#3"}
			}
		},
		{
			"from": [30, 9.5, 10],
			"to": [31, 10.5, 27],
			"rotation": {"angle": 0, "axis": "y", "origin": [20, 16, 8]},
			"faces": {
				"north": {"uv": [6, 0, 6.5, 0.5], "texture": "#3"},
				"east": {"uv": [6, 0, 6.5, 8.5], "rotation": 90, "texture": "#3"},
				"south": {"uv": [0, 15.5, 0.5, 16], "texture": "#3"},
				"west": {"uv": [6, 0, 6.5, 8.5], "rotation": 270, "texture": "#3"},
				"up": {"uv": [6, 0, 6.5, 8.5], "texture": "#3"},
				"down": {"uv": [6, 0, 6.5, 8.5], "rotation": 180, "texture": "#3"}
			}
		},
		{
			"from": [-15, 9.5, 10],
			"to": [-14, 10.5, 27],
			"rotation": {"angle": 0, "axis": "y", "origin": [-4, 16, 8]},
			"faces": {
				"north": {"uv": [6.5, 0, 6, 0.5], "texture": "#3"},
				"east": {"uv": [6, 8.5, 6.5, 0], "rotation": 270, "texture": "#3"},
				"south": {"uv": [0.5, 15.5, 0, 16], "texture": "#3"},
				"west": {"uv": [6, 8.5, 6.5, 0], "rotation": 90, "texture": "#3"},
				"up": {"uv": [6.5, 0, 6, 8.5], "texture": "#3"},
				"down": {"uv": [6.5, 0, 6, 8.5], "rotation": 180, "texture": "#3"}
			}
		},
		{
			"from": [26, 9.75, 16],
			"to": [30, 10.25, 26],
			"rotation": {"angle": 0, "axis": "y", "origin": [17, 16, 8]},
			"faces": {
				"north": {"uv": [14, 1, 16, 1.25], "texture": "#3"},
				"east": {"uv": [2.5, 0, 7.5, 0.25], "texture": "#3"},
				"south": {"uv": [12, 1.5, 14, 1.75], "texture": "#3"},
				"west": {"uv": [0, 7.5, 0.25, 12.5], "rotation": 90, "texture": "#3"},
				"up": {"uv": [4, 4, 6, 9], "texture": "#3"},
				"down": {"uv": [10.5, 3.5, 12.5, 8.5], "rotation": 180, "texture": "#3"}
			}
		},
		{
			"from": [-14, 9.75, 16],
			"to": [-10, 10.25, 26],
			"rotation": {"angle": 0, "axis": "y", "origin": [-1, 16, 8]},
			"faces": {
				"north": {"uv": [16, 1, 14, 1.25], "texture": "#3"},
				"east": {"uv": [0, 12.5, 0.25, 7.5], "rotation": 90, "texture": "#3"},
				"south": {"uv": [14, 1.5, 12, 1.75], "texture": "#3"},
				"west": {"uv": [7.5, 0, 2.5, 0.25], "texture": "#3"},
				"up": {"uv": [6, 4, 4, 9], "texture": "#3"},
				"down": {"uv": [12.5, 3.5, 10.5, 8.5], "rotation": 180, "texture": "#3"}
			}
		},
		{
			"from": [14, 8, -4],
			"to": [18, 12, 26],
			"rotation": {"angle": 0, "axis": "y", "origin": [27, 16, 8]},
			"faces": {
				"north": {"uv": [8, 0, 10, 2], "texture": "#1"},
				"east": {"uv": [4, 0, 6, 15], "rotation": 90, "texture": "#1"},
				"south": {"uv": [8, 2, 10, 4], "texture": "#1"},
				"west": {"uv": [2, 0, 4, 15], "rotation": 270, "texture": "#1"},
				"up": {"uv": [0, 0, 2, 15], "texture": "#1"},
				"down": {"uv": [6, 0, 8, 15], "rotation": 180, "texture": "#1"}
			}
		},
		{
			"from": [14, 8, -4],
			"to": [18, 12, 26],
			"rotation": {"angle": 0, "axis": "y", "origin": [27, 16, 8]},
			"faces": {
				"north": {"uv": [8, 0, 10, 2], "texture": "#1"},
				"east": {"uv": [4, 0, 6, 15], "rotation": 90, "texture": "#1"},
				"south": {"uv": [8, 2, 10, 4], "texture": "#1"},
				"west": {"uv": [2, 0, 4, 15], "rotation": 270, "texture": "#1"},
				"up": {"uv": [0, 0, 2, 15], "texture": "#1"},
				"down": {"uv": [6, 0, 8, 15], "rotation": 180, "texture": "#1"}
			}
		},
		{
			"from": [0, 11.52027, 12.6976],
			"to": [2, 14.52027, 17.6976],
			"rotation": {"angle": 0, "axis": "y", "origin": [-11, 19.52027, 8.6976]},
			"faces": {
				"north": {"uv": [0.5, 0, 1, 0.75], "texture": "#1"},
				"east": {"uv": [1.25, 0, 2.5, 0.75], "texture": "#1"},
				"south": {"uv": [0.5, 0, 1, 0.75], "texture": "#1"},
				"west": {"uv": [12.5, 0, 15, 1.5], "texture": "#1"},
				"up": {"uv": [15, 2.5, 16, 5], "texture": "#1"},
				"down": {"uv": [0.5, 0, 1, 1.25], "texture": "#1"}
			}
		},
		{
			"from": [14, 11.52027, 12.6976],
			"to": [16, 14.52027, 17.6976],
			"rotation": {"angle": 0, "axis": "y", "origin": [27, 19.52027, 8.6976]},
			"faces": {
				"north": {"uv": [0, 0, 1, 1.5], "texture": "#1"},
				"east": {"uv": [13.5, 0, 16, 1.5], "texture": "#1"},
				"south": {"uv": [0, 0, 1, 1.5], "texture": "#1"},
				"west": {"uv": [0, 0, 2.5, 1.5], "texture": "#1"},
				"up": {"uv": [15, 0, 16, 2.5], "texture": "#1"},
				"down": {"uv": [0, 0, 0.5, 1.25], "texture": "#1"}
			}
		},
		{
			"from": [0, 9.13118, 10.92983],
			"to": [2, 12.13118, 14.92983],
			"rotation": {"angle": -45, "axis": "x", "origin": [1, 10.63118, 10.92983]},
			"faces": {
				"north": {"uv": [0.5, 0, 1, 0.75], "texture": "#1"},
				"east": {"uv": [1, 0, 2, 0.75], "texture": "#1"},
				"south": {"uv": [0.5, 0, 1, 0.75], "texture": "#1"},
				"west": {"uv": [13, 3, 15, 4.5], "texture": "#1"},
				"up": {"uv": [15, 0, 16, 2], "texture": "#1"},
				"down": {"uv": [0.5, 0, 1, 1], "texture": "#1"}
			}
		},
		{
			"from": [14, 9.13118, 10.92983],
			"to": [16, 12.13118, 14.92983],
			"rotation": {"angle": -45, "axis": "x", "origin": [15, 10.63118, 10.92983]},
			"faces": {
				"north": {"uv": [0, 0, 1, 1.5], "texture": "#1"},
				"east": {"uv": [14, 0, 16, 1.5], "texture": "#1"},
				"south": {"uv": [0, 0, 1, 1.5], "texture": "#1"},
				"west": {"uv": [0, 0, 2, 1.5], "texture": "#1"},
				"up": {"uv": [15, 0, 16, 2], "texture": "#1"},
				"down": {"uv": [0, 0, 0.5, 1], "texture": "#1"}
			}
		},
		{
			"from": [0, 10.60162, 17.31596],
			"to": [2, 13.60162, 24.31596],
			"rotation": {"angle": 22.5, "axis": "x", "origin": [0, 13.10162, 19.81596]},
			"faces": {
				"north": {"uv": [1, 0, 1.5, 0.75], "texture": "#1"},
				"east": {"uv": [3.75, 0, 5.5, 0.75], "texture": "#1"},
				"south": {"uv": [1, 0, 1.5, 0.75], "texture": "#1"},
				"west": {"uv": [12.5, 2, 16, 3.5], "texture": "#1"},
				"up": {"uv": [15, 5, 16, 8.5], "texture": "#1"},
				"down": {"uv": [0.5, 2, 1, 3.75], "texture": "#1"}
			}
		},
		{
			"from": [14, 10.60162, 17.31596],
			"to": [16, 13.60162, 24.31596],
			"rotation": {"angle": 22.5, "axis": "x", "origin": [16, 13.10162, 19.81596]},
			"faces": {
				"north": {"uv": [0.5, 0, 1.5, 1.5], "texture": "#1"},
				"east": {"uv": [12.5, 0, 16, 1.5], "texture": "#1"},
				"south": {"uv": [0.5, 0, 1.5, 1.5], "texture": "#1"},
				"west": {"uv": [2, 0, 5.5, 1.5], "texture": "#1"},
				"up": {"uv": [15, 0, 16, 3.5], "texture": "#1"},
				"down": {"uv": [0, 2, 0.5, 3.75], "texture": "#1"}
			}
		},
		{
			"from": [15, 9, -10],
			"to": [17, 11, -4],
			"rotation": {"angle": 0, "axis": "y", "origin": [27, 16, -1]},
			"faces": {
				"north": {"uv": [15, 15, 16, 16], "texture": "#1"},
				"east": {"uv": [15, 13, 16, 16], "rotation": 90, "texture": "#1"},
				"south": {"uv": [0, 0, 1, 1], "texture": "#1"},
				"west": {"uv": [15, 13, 16, 16], "rotation": 90, "texture": "#1"},
				"up": {"uv": [15, 13, 16, 16], "texture": "#1"},
				"down": {"uv": [15.5, 14.5, 16.5, 17.5], "texture": "#1"}
			}
		},
		{
			"from": [-1, 9, -10],
			"to": [1, 11, -4],
			"rotation": {"angle": 0, "axis": "y", "origin": [11, 16, -1]},
			"faces": {
				"north": {"uv": [15, 15, 16, 16], "texture": "#1"},
				"east": {"uv": [15, 13, 16, 16], "rotation": 90, "texture": "#1"},
				"south": {"uv": [0, 0, 0.5, 0.5], "texture": "#1"},
				"west": {"uv": [15, 13, 16, 16], "rotation": 90, "texture": "#1"},
				"up": {"uv": [15, 13, 16, 16], "texture": "#1"},
				"down": {"uv": [15, 13, 16, 16], "texture": "#1"}
			}
		},
		{
			"from": [15.5, 9.5, -16],
			"to": [16.5, 10.5, -10],
			"rotation": {"angle": 0, "axis": "y", "origin": [27, 16, -6]},
			"faces": {
				"north": {"uv": [15.5, 12.5, 16, 13], "texture": "#1"},
				"east": {"uv": [14.5, 13, 15, 16], "rotation": 90, "texture": "#1"},
				"south": {"uv": [0, 0, 0.5, 0.5], "texture": "#1"},
				"west": {"uv": [14.5, 13, 15, 16], "rotation": 270, "texture": "#1"},
				"up": {"uv": [14.5, 13, 15, 16], "texture": "#1"},
				"down": {"uv": [14.5, 13, 15, 16], "rotation": 180, "texture": "#1"}
			}
		},
		{
			"from": [-0.5, 9.5, -16],
			"to": [0.5, 10.5, -10],
			"rotation": {"angle": 0, "axis": "y", "origin": [11, 16, -6]},
			"faces": {
				"north": {"uv": [15.5, 12.5, 16, 13], "texture": "#1"},
				"east": {"uv": [14.5, 13, 15, 16], "rotation": 90, "texture": "#1"},
				"south": {"uv": [0, 0, 0.25, 0.25], "texture": "#1"},
				"west": {"uv": [14.5, 13, 15, 16], "rotation": 270, "texture": "#1"},
				"up": {"uv": [14.5, 13, 15, 16], "texture": "#1"},
				"down": {"uv": [14.5, 13, 15, 16], "rotation": 180, "texture": "#1"}
			}
		},
		{
			"from": [2, 11.44415, 12.31492],
			"to": [6, 15.44415, 30],
			"rotation": {"angle": 0, "axis": "x", "origin": [4, 14.94415, 19.31492]},
			"faces": {
				"north": {"uv": [0, 0, 1, 1], "texture": "#2"},
				"east": {"uv": [10, 0, 12, 9], "rotation": 90, "texture": "#2"},
				"south": {"uv": [9, 14, 11, 16], "texture": "#2"},
				"west": {"uv": [10, 0, 12, 9], "rotation": 270, "texture": "#2"},
				"up": {"uv": [14, 0, 16, 9], "texture": "#2"},
				"down": {"uv": [14, 0, 16, 9], "rotation": 180, "texture": "#2"}
			}
		},
		{
			"from": [10, 11.44415, 12.31492],
			"to": [14, 15.44415, 30],
			"rotation": {"angle": 0, "axis": "x", "origin": [12, 14.94415, 19.31492]},
			"faces": {
				"north": {"uv": [1, 0, 0, 1], "texture": "#2"},
				"east": {"uv": [10, 9, 12, 0], "rotation": 270, "texture": "#2"},
				"south": {"uv": [11, 14, 9, 16], "texture": "#2"},
				"west": {"uv": [10, 9, 12, 0], "rotation": 90, "texture": "#2"},
				"up": {"uv": [16, 0, 14, 9], "texture": "#2"},
				"down": {"uv": [16, 0, 14, 9], "rotation": 180, "texture": "#2"}
			}
		},
		{
			"from": [2.1, 8.65643, 24.07164],
			"to": [5.9, 11.65643, 27.75673],
			"rotation": {"angle": -45, "axis": "x", "origin": [4, 10.65643, 24.41418]},
			"faces": {
				"north": {"uv": [0, 0, 1, 0.75], "texture": "#2"},
				"east": {"uv": [12, 14.5, 14, 16], "texture": "#2"},
				"south": {"uv": [0, 0, 1, 0.75], "texture": "#2"},
				"west": {"uv": [12, 14.5, 13.8425, 16], "texture": "#2"},
				"up": {"uv": [0, 0, 1, 0.92127], "texture": "#2"},
				"down": {"uv": [10, 9, 12, 11], "rotation": 180, "texture": "#2"}
			}
		},
		{
			"from": [10.1, 8.65643, 24.07164],
			"to": [13.9, 11.65643, 27.75673],
			"rotation": {"angle": -45, "axis": "x", "origin": [12, 10.65643, 24.41418]},
			"faces": {
				"north": {"uv": [1, 0, 0, 0.75], "texture": "#2"},
				"east": {"uv": [13.8425, 14.5, 12, 16], "texture": "#2"},
				"south": {"uv": [1, 0, 0, 0.75], "texture": "#2"},
				"west": {"uv": [14, 14.5, 12, 16], "texture": "#2"},
				"up": {"uv": [1, 0, 0, 0.92127], "texture": "#2"},
				"down": {"uv": [12, 9, 10, 11], "rotation": 180, "texture": "#2"}
			}
		},
		{
			"from": [2, 11.44415, 30],
			"to": [3, 15.44415, 31.3],
			"rotation": {"angle": 0, "axis": "x", "origin": [4, 14.94415, 20.3]},
			"faces": {
				"north": {"uv": [0, 0, 0.25, 1], "texture": "#2"},
				"east": {"uv": [9, 14, 9.5, 16], "texture": "#2"},
				"south": {"uv": [8.5, 14, 9, 16], "texture": "#2"},
				"west": {"uv": [8.5, 14, 9, 16], "texture": "#2"},
				"up": {"uv": [10, 13.5, 10.25, 13.825], "texture": "#2"},
				"down": {"uv": [9.5, 13.5, 10, 14], "texture": "#2"}
			}
		},
		{
			"from": [13, 11.44415, 30],
			"to": [14, 15.44415, 31.3],
			"rotation": {"angle": 0, "axis": "x", "origin": [12, 14.94415, 20.3]},
			"faces": {
				"north": {"uv": [0.25, 0, 0, 1], "texture": "#2"},
				"east": {"uv": [9, 14, 8.5, 16], "texture": "#2"},
				"south": {"uv": [9, 14, 8.5, 16], "texture": "#2"},
				"west": {"uv": [9.5, 14, 9, 16], "texture": "#2"},
				"up": {"uv": [10.25, 13.5, 10, 13.825], "texture": "#2"},
				"down": {"uv": [10, 13.5, 9.5, 14], "texture": "#2"}
			}
		},
		{
			"from": [1, 8, 26],
			"to": [2, 12, 27.3],
			"rotation": {"angle": 0, "axis": "x", "origin": [0, 11.5, 16.3]},
			"faces": {
				"north": {"uv": [0.25, 0, 0, 1], "texture": "#2"},
				"east": {"uv": [9, 14, 8.5, 16], "texture": "#2"},
				"south": {"uv": [9, 14, 8.5, 16], "texture": "#2"},
				"west": {"uv": [9.5, 14, 9, 16], "texture": "#2"},
				"up": {"uv": [10.25, 13.5, 10, 13.825], "texture": "#2"},
				"down": {"uv": [10, 13.5, 9.5, 14], "texture": "#2"}
			}
		},
		{
			"from": [17, 8, 26],
			"to": [18, 12, 27.3],
			"rotation": {"angle": 0, "axis": "x", "origin": [16, 11.5, 16.3]},
			"faces": {
				"north": {"uv": [0.25, 0, 0, 1], "texture": "#2"},
				"east": {"uv": [9, 14, 8.5, 16], "texture": "#2"},
				"south": {"uv": [9, 14, 8.5, 16], "texture": "#2"},
				"west": {"uv": [9.5, 14, 9, 16], "texture": "#2"},
				"up": {"uv": [10.25, 13.5, 10, 13.825], "texture": "#2"},
				"down": {"uv": [10, 13.5, 9.5, 14], "texture": "#2"}
			}
		},
		{
			"from": [5, 11.44415, 30],
			"to": [6, 15.44415, 31.3],
			"rotation": {"angle": 0, "axis": "x", "origin": [7, 14.94415, 20.3]},
			"faces": {
				"north": {"uv": [0, 0, 0.25, 1], "texture": "#2"},
				"east": {"uv": [8.5, 14, 9, 16], "texture": "#2"},
				"south": {"uv": [11, 14, 11.5, 16], "texture": "#2"},
				"west": {"uv": [10.5, 14, 11, 16], "texture": "#2"},
				"up": {"uv": [10, 13.5, 10.25, 13.825], "texture": "#2"},
				"down": {"uv": [10, 13.5, 10.25, 13.825], "texture": "#2"}
			}
		},
		{
			"from": [10, 11.44415, 30],
			"to": [11, 15.44415, 31.3],
			"rotation": {"angle": 0, "axis": "x", "origin": [9, 14.94415, 20.3]},
			"faces": {
				"north": {"uv": [0.25, 0, 0, 1], "texture": "#2"},
				"east": {"uv": [11, 14, 10.5, 16], "texture": "#2"},
				"south": {"uv": [11.5, 14, 11, 16], "texture": "#2"},
				"west": {"uv": [9, 14, 8.5, 16], "texture": "#2"},
				"up": {"uv": [10.25, 13.5, 10, 13.825], "texture": "#2"},
				"down": {"uv": [10.25, 13.5, 10, 13.825], "texture": "#2"}
			}
		},
		{
			"from": [-2, 8, 26],
			"to": [-1, 12, 27.3],
			"rotation": {"angle": 0, "axis": "x", "origin": [-3, 11.5, 16.3]},
			"faces": {
				"north": {"uv": [0.25, 0, 0, 1], "texture": "#2"},
				"east": {"uv": [11, 14, 10.5, 16], "texture": "#2"},
				"south": {"uv": [11.5, 14, 11, 16], "texture": "#2"},
				"west": {"uv": [9, 14, 8.5, 16], "texture": "#2"},
				"up": {"uv": [10.25, 13.5, 10, 13.825], "texture": "#2"},
				"down": {"uv": [10.25, 13.5, 10, 13.825], "texture": "#2"}
			}
		},
		{
			"from": [14, 8, 26],
			"to": [15, 12, 27.3],
			"rotation": {"angle": 0, "axis": "x", "origin": [13, 11.5, 16.3]},
			"faces": {
				"north": {"uv": [0.25, 0, 0, 1], "texture": "#2"},
				"east": {"uv": [11, 14, 10.5, 16], "texture": "#2"},
				"south": {"uv": [11.5, 14, 11, 16], "texture": "#2"},
				"west": {"uv": [9, 14, 8.5, 16], "texture": "#2"},
				"up": {"uv": [10.25, 13.5, 10, 13.825], "texture": "#2"},
				"down": {"uv": [10.25, 13.5, 10, 13.825], "texture": "#2"}
			}
		},
		{
			"from": [3, 14.44415, 30],
			"to": [5, 15.44415, 31.3],
			"rotation": {"angle": 0, "axis": "z", "origin": [4, 14.94415, 30.65]},
			"faces": {
				"north": {"uv": [0, 0, 0.25, 0.5], "rotation": 270, "texture": "#2"},
				"east": {"uv": [0, 0, 0.25, 0.325], "rotation": 90, "texture": "#2"},
				"south": {"uv": [9.5, 13.5, 10.5, 14], "texture": "#2"},
				"west": {"uv": [0, 0, 0.25, 0.325], "rotation": 90, "texture": "#2"},
				"up": {"uv": [9.5, 13.5, 10.5, 14], "texture": "#2"},
				"down": {"uv": [9.5, 14, 10.5, 14.5], "texture": "#2"}
			}
		},
		{
			"from": [11, 14.44415, 30],
			"to": [13, 15.44415, 31.3],
			"rotation": {"angle": 0, "axis": "z", "origin": [12, 14.94415, 30.65]},
			"faces": {
				"north": {"uv": [0, 0.5, 0.25, 0], "rotation": 270, "texture": "#2"},
				"east": {"uv": [0, 0.325, 0.25, 0], "rotation": 90, "texture": "#2"},
				"south": {"uv": [10.5, 13.5, 9.5, 14], "texture": "#2"},
				"west": {"uv": [0, 0.325, 0.25, 0], "rotation": 90, "texture": "#2"},
				"up": {"uv": [10.5, 13.5, 9.5, 14], "texture": "#2"},
				"down": {"uv": [10.5, 14, 9.5, 14.5], "texture": "#2"}
			}
		},
		{
			"from": [-1, 11, 26],
			"to": [1, 12, 27.3],
			"rotation": {"angle": 0, "axis": "z", "origin": [0, 11.5, 26.65]},
			"faces": {
				"north": {"uv": [0, 0.5, 0.25, 0], "rotation": 270, "texture": "#2"},
				"east": {"uv": [0, 0.325, 0.25, 0], "rotation": 90, "texture": "#2"},
				"south": {"uv": [10.5, 13.5, 9.5, 14], "texture": "#2"},
				"west": {"uv": [0, 0.325, 0.25, 0], "rotation": 90, "texture": "#2"},
				"up": {"uv": [10.5, 13.5, 9.5, 14], "texture": "#2"},
				"down": {"uv": [10.5, 14, 9.5, 14.5], "texture": "#2"}
			}
		},
		{
			"from": [15, 11, 26],
			"to": [17, 12, 27.3],
			"rotation": {"angle": 0, "axis": "z", "origin": [16, 11.5, 26.65]},
			"faces": {
				"north": {"uv": [0, 0.5, 0.25, 0], "rotation": 270, "texture": "#2"},
				"east": {"uv": [0, 0.325, 0.25, 0], "rotation": 90, "texture": "#2"},
				"south": {"uv": [10.5, 13.5, 9.5, 14], "texture": "#2"},
				"west": {"uv": [0, 0.325, 0.25, 0], "rotation": 90, "texture": "#2"},
				"up": {"uv": [10.5, 13.5, 9.5, 14], "texture": "#2"},
				"down": {"uv": [10.5, 14, 9.5, 14.5], "texture": "#2"}
			}
		},
		{
			"from": [3, 11.44415, 30],
			"to": [5, 12.44415, 31.3],
			"rotation": {"angle": 0, "axis": "z", "origin": [4, 11.94415, 30.65]},
			"faces": {
				"north": {"uv": [0, 0, 0.25, 0.5], "rotation": 270, "texture": "#2"},
				"east": {"uv": [0, 0, 0.25, 0.325], "rotation": 90, "texture": "#2"},
				"south": {"uv": [9.5, 15.5, 10.5, 16], "texture": "#2"},
				"west": {"uv": [0, 0, 0.25, 0.325], "rotation": 90, "texture": "#2"},
				"up": {"uv": [9.5, 14, 10.5, 14.5], "texture": "#2"},
				"down": {"uv": [9.5, 13.5, 9.825, 14], "rotation": 90, "texture": "#2"}
			}
		},
		{
			"from": [11, 11.44415, 30],
			"to": [13, 12.44415, 31.3],
			"rotation": {"angle": 0, "axis": "z", "origin": [12, 11.94415, 30.65]},
			"faces": {
				"north": {"uv": [0, 0.5, 0.25, 0], "rotation": 270, "texture": "#2"},
				"east": {"uv": [0, 0.325, 0.25, 0], "rotation": 90, "texture": "#2"},
				"south": {"uv": [10.5, 15.5, 9.5, 16], "texture": "#2"},
				"west": {"uv": [0, 0.325, 0.25, 0], "rotation": 90, "texture": "#2"},
				"up": {"uv": [10.5, 14, 9.5, 14.5], "texture": "#2"},
				"down": {"uv": [9.5, 14, 9.825, 13.5], "rotation": 90, "texture": "#2"}
			}
		},
		{
			"from": [-1, 8, 26],
			"to": [1, 9, 27.3],
			"rotation": {"angle": 0, "axis": "z", "origin": [0, 8.5, 26.65]},
			"faces": {
				"north": {"uv": [0, 0.5, 0.25, 0], "rotation": 270, "texture": "#2"},
				"east": {"uv": [0, 0.325, 0.25, 0], "rotation": 90, "texture": "#2"},
				"south": {"uv": [10.5, 15.5, 9.5, 16], "texture": "#2"},
				"west": {"uv": [0, 0.325, 0.25, 0], "rotation": 90, "texture": "#2"},
				"up": {"uv": [10.5, 14, 9.5, 14.5], "texture": "#2"},
				"down": {"uv": [9.5, 14, 9.825, 13.5], "rotation": 90, "texture": "#2"}
			}
		},
		{
			"from": [15, 8, 26],
			"to": [17, 9, 27.3],
			"rotation": {"angle": 0, "axis": "z", "origin": [16, 8.5, 26.65]},
			"faces": {
				"north": {"uv": [0, 0.5, 0.25, 0], "rotation": 270, "texture": "#2"},
				"east": {"uv": [0, 0.325, 0.25, 0], "rotation": 90, "texture": "#2"},
				"south": {"uv": [10.5, 15.5, 9.5, 16], "texture": "#2"},
				"west": {"uv": [0, 0.325, 0.25, 0], "rotation": 90, "texture": "#2"},
				"up": {"uv": [10.5, 14, 9.5, 14.5], "texture": "#2"},
				"down": {"uv": [9.5, 14, 9.825, 13.5], "rotation": 90, "texture": "#2"}
			}
		},
		{
			"from": [2, 13.71684, -2.3415],
			"to": [6, 14.71684, 12.6585],
			"rotation": {"angle": -22.5, "axis": "x", "origin": [4, 14.21684, 10.6585]},
			"faces": {
				"north": {"uv": [12, 0, 14, 0.5], "texture": "#2"},
				"east": {"uv": [15.5, 9, 16, 16], "rotation": 90, "texture": "#2"},
				"south": {"uv": [1, 0, 2, 0.25], "texture": "#2"},
				"west": {"uv": [15.5, 9, 16, 16], "rotation": 270, "texture": "#2"},
				"up": {"uv": [14, 9, 16, 16], "texture": "#2"},
				"down": {"uv": [0, 0, 2, 7], "texture": "#2"}
			}
		},
		{
			"from": [10, 13.71684, -2.3415],
			"to": [14, 14.71684, 12.6585],
			"rotation": {"angle": -22.5, "axis": "x", "origin": [12, 14.21684, 10.6585]},
			"faces": {
				"north": {"uv": [14, 0, 12, 0.5], "texture": "#2"},
				"east": {"uv": [15.5, 16, 16, 9], "rotation": 270, "texture": "#2"},
				"south": {"uv": [2, 0, 1, 0.25], "texture": "#2"},
				"west": {"uv": [15.5, 16, 16, 9], "rotation": 90, "texture": "#2"},
				"up": {"uv": [16, 9, 14, 16], "texture": "#2"},
				"down": {"uv": [2, 0, 0, 7], "texture": "#2"}
			}
		},
		{
			"from": [2, 11.71684, 5.6585],
			"to": [6, 13.71684, 12.6585],
			"rotation": {"angle": -22.5, "axis": "x", "origin": [4, 13.21684, 10.6585]},
			"faces": {
				"north": {"uv": [1, 0, 2, 0.5], "texture": "#2"},
				"east": {"uv": [3.5, 0, 5.25, 0.5], "texture": "#2"},
				"south": {"uv": [1, 0, 2, 0.5], "texture": "#2"},
				"west": {"uv": [15.5, 10, 16, 13.5], "rotation": 270, "texture": "#2"},
				"up": {"uv": [1, 0, 2, 1.75], "texture": "#2"},
				"down": {"uv": [1, 0, 2, 1.75], "texture": "#2"}
			}
		},
		{
			"from": [10, 11.71684, 5.6585],
			"to": [14, 13.71684, 12.6585],
			"rotation": {"angle": -22.5, "axis": "x", "origin": [12, 13.21684, 10.6585]},
			"faces": {
				"north": {"uv": [2, 0, 1, 0.5], "texture": "#2"},
				"east": {"uv": [15.5, 13.5, 16, 10], "rotation": 270, "texture": "#2"},
				"south": {"uv": [2, 0, 1, 0.5], "texture": "#2"},
				"west": {"uv": [5.25, 0, 3.5, 0.5], "texture": "#2"},
				"up": {"uv": [2, 0, 1, 1.75], "texture": "#2"},
				"down": {"uv": [2, 0, 1, 1.75], "texture": "#2"}
			}
		},
		{
			"from": [6, 10.92484, 1.28113],
			"to": [10, 11.92484, 7.03113],
			"rotation": {"angle": 0, "axis": "y", "origin": [14, 17.92484, 8.03113]},
			"faces": {
				"north": {"uv": [0, 0, 1, 0.25], "texture": "#2"},
				"east": {"uv": [0, 10, 0.5, 13], "rotation": 270, "texture": "#2"},
				"south": {"uv": [0, 0, 1, 0.25], "texture": "#2"},
				"west": {"uv": [0, 10, 0.5, 13], "rotation": 90, "texture": "#2"},
				"up": {"uv": [0, 10, 2, 13], "rotation": 180, "texture": "#2"},
				"down": {"uv": [0, 0, 1, 1.4375], "texture": "#2"}
			}
		},
		{
			"from": [6, 12.5255, 4.69656],
			"to": [10, 13.5255, 12.69656],
			"rotation": {"angle": -22.5, "axis": "x", "origin": [8, 13.0255, 10.19656]},
			"faces": {
				"north": {"uv": [0, 0, 1, 0.25], "texture": "#2"},
				"east": {"uv": [0, 0, 2, 0.25], "texture": "#2"},
				"south": {"uv": [0, 0, 1, 0.25], "texture": "#2"},
				"west": {"uv": [0, 0, 2, 0.25], "texture": "#2"},
				"up": {"uv": [0, 7, 2, 10], "rotation": 180, "texture": "#2"},
				"down": {"uv": [0, 0, 1, 2], "texture": "#2"}
			}
		},
		{
			"from": [6, 10, -3.36836],
			"to": [10, 11, 1.63164],
			"rotation": {"angle": -22.5, "axis": "x", "origin": [8, 10.58135, -0.86836]},
			"faces": {
				"north": {"uv": [0, 15.5, 2, 16], "texture": "#2"},
				"east": {"uv": [0, 13.5, 0.5, 16], "texture": "#2"},
				"south": {"uv": [0, 0, 1, 0.25], "texture": "#2"},
				"west": {"uv": [0, 13.5, 0.5, 16], "texture": "#2"},
				"up": {"uv": [0, 13, 2, 15.5], "texture": "#2"},
				"down": {"uv": [0, 0, 1, 1.25], "texture": "#2"}
			}
		},
		{
			"from": [6, 9.09897, -1.98567],
			"to": [10, 10.09897, 2.01433],
			"rotation": {"angle": 22.5, "axis": "x", "origin": [8, 9.51762, -0.48567]},
			"faces": {
				"north": {"uv": [0, 0.25, 1, 0.5], "texture": "#2"},
				"east": {"uv": [0, 14, 0.5, 16], "texture": "#2"},
				"south": {"uv": [0, 0.25, 1, 0.5], "texture": "#2"},
				"west": {"uv": [0, 14, 0.5, 16], "rotation": 90, "texture": "#2"},
				"up": {"uv": [0, 1.25, 1, 2.25], "texture": "#2"},
				"down": {"uv": [0, 1.25, 1, 2.25], "texture": "#2"}
			}
		},
		{
			"from": [6, 8.09897, -2.98567],
			"to": [10, 9.09897, 2.01433],
			"rotation": {"angle": 22.5, "axis": "x", "origin": [8, 8.51762, -0.48567]},
			"faces": {
				"north": {"uv": [0, 0.25, 1, 0.5], "texture": "#2"},
				"east": {"uv": [0, 13.5, 0.5, 16], "rotation": 90, "texture": "#2"},
				"south": {"uv": [0, 0.25, 1, 0.5], "texture": "#2"},
				"west": {"uv": [0, 13.5, 0.5, 16], "rotation": 90, "texture": "#2"},
				"up": {"uv": [0, 1.25, 1, 2.5], "texture": "#2"},
				"down": {"uv": [2, 0, 4, 2.5], "texture": "#2"}
			}
		},
		{
			"from": [6, 13.44415, 12.31492],
			"to": [10, 14.44415, 26.31492],
			"rotation": {"angle": 0, "axis": "x", "origin": [8, 13.94415, 16.31492]},
			"faces": {
				"north": {"uv": [0, 0, 1, 0.25], "texture": "#2"},
				"east": {"uv": [0, 0, 3.5, 0.25], "texture": "#2"},
				"south": {"uv": [5, 14.5, 7, 15], "texture": "#2"},
				"west": {"uv": [0, 0, 3.5, 0.25], "texture": "#2"},
				"up": {"uv": [0, 0, 2, 7], "texture": "#2"},
				"down": {"uv": [0, 0, 1, 3.5], "texture": "#2"}
			}
		},
		{
			"from": [6, 7.17413, 1.66382],
			"to": [10, 9.17413, 20.1],
			"rotation": {"angle": 0, "axis": "x", "origin": [8, 7.67413, 5.66382]},
			"faces": {
				"north": {"uv": [0, 0, 1, 0.5], "texture": "#2"},
				"east": {"uv": [4, 0, 5, 9.5], "rotation": 270, "texture": "#2"},
				"south": {"uv": [0, 0, 1, 0.5], "texture": "#2"},
				"west": {"uv": [4, 0, 5, 9.5], "rotation": 90, "texture": "#2"},
				"up": {"uv": [0, 0, 1, 4.60905], "texture": "#2"},
				"down": {"uv": [5, 0.5, 7, 10], "texture": "#2"}
			}
		},
		{
			"from": [6, 8.78976, 18.57822],
			"to": [10, 9.78976, 27.4144],
			"rotation": {"angle": -45, "axis": "x", "origin": [8, 9.78976, 21.24631]},
			"faces": {
				"north": {"uv": [0, 0, 1, 0.25], "texture": "#2"},
				"east": {"uv": [4.5, 0, 5, 4.4175], "rotation": 270, "texture": "#2"},
				"south": {"uv": [0, 0, 1, 0.25], "texture": "#2"},
				"west": {"uv": [4.5, 0, 5, 4.41809], "rotation": 90, "texture": "#2"},
				"up": {"uv": [0, 0, 1, 2.20905], "texture": "#2"},
				"down": {"uv": [5, 10, 7, 14.4175], "texture": "#2"}
			}
		},
		{
			"from": [6.1, 8.78976, 17.57822],
			"to": [9.9, 9.78976, 26.4144],
			"rotation": {"angle": -45, "axis": "x", "origin": [8, 9.78976, 20.24631]},
			"faces": {
				"north": {"uv": [0, 0, 1, 0.25], "texture": "#2"},
				"east": {"uv": [4.5, 0, 5, 4.4175], "rotation": 90, "texture": "#2"},
				"south": {"uv": [0, 0, 1, 0.25], "texture": "#2"},
				"west": {"uv": [4.5, 0, 5, 4.4175], "rotation": 90, "texture": "#2"},
				"up": {"uv": [0, 0, 1, 2.20905], "texture": "#2"},
				"down": {"uv": [0, 0, 1, 2.20905], "texture": "#2"}
			}
		},
		{
			"from": [2, 9, -0.75],
			"to": [6, 10, 25.58618],
			"rotation": {"angle": 0, "axis": "x", "origin": [4, 9.5, 4.25]},
			"faces": {
				"north": {"uv": [0, 0, 1, 0.25], "texture": "#2"},
				"east": {"uv": [15.5, 2.5, 16, 15.5], "rotation": 90, "texture": "#2"},
				"south": {"uv": [10.5, 1.5, 11.5, 1.75], "texture": "#2"},
				"west": {"uv": [0, 0, 6.58405, 0.25], "texture": "#2"},
				"up": {"uv": [0, 0, 1, 6.58405], "texture": "#2"},
				"down": {"uv": [2, 2.5, 4, 16], "texture": "#2"}
			}
		},
		{
			"from": [10, 9, -0.75],
			"to": [14, 10, 25.58618],
			"rotation": {"angle": 0, "axis": "x", "origin": [12, 9.5, 4.25]},
			"faces": {
				"north": {"uv": [1, 0, 0, 0.25], "texture": "#2"},
				"east": {"uv": [6.58405, 0, 0, 0.25], "texture": "#2"},
				"south": {"uv": [11.5, 1.5, 10.5, 1.75], "texture": "#2"},
				"west": {"uv": [15.5, 15.5, 16, 2.5], "rotation": 90, "texture": "#2"},
				"up": {"uv": [1, 0, 0, 6.58405], "texture": "#2"},
				"down": {"uv": [4, 2.5, 2, 16], "texture": "#2"}
			}
		},
		{
			"from": [1.9, 10, 19.25],
			"to": [6, 11.5, 25.58618],
			"rotation": {"angle": 0, "axis": "x", "origin": [3.9, 10.5, 16.25]},
			"faces": {
				"north": {"uv": [0, 0, 1.025, 0.25], "texture": "#2"},
				"east": {"uv": [15.5, 12.5, 16, 15.5], "rotation": 90, "texture": "#2"},
				"south": {"uv": [14.5, 1, 15.25, 3.05], "texture": "#2"},
				"west": {"uv": [0, 0, 1.58405, 0.25], "texture": "#2"},
				"up": {"uv": [0, 0, 1.025, 1.58405], "texture": "#2"},
				"down": {"uv": [0, 0, 1.025, 1.58405], "texture": "#2"}
			}
		},
		{
			"from": [10, 10, 19.25],
			"to": [14.1, 11.5, 25.58618],
			"rotation": {"angle": 0, "axis": "x", "origin": [12.1, 10.5, 16.25]},
			"faces": {
				"north": {"uv": [1.025, 0, 0, 0.25], "texture": "#2"},
				"east": {"uv": [1.58405, 0, 0, 0.25], "texture": "#2"},
				"south": {"uv": [11.525, 1, 10.5, 1.25], "texture": "#2"},
				"west": {"uv": [15.5, 15.5, 16, 12.5], "rotation": 90, "texture": "#2"},
				"up": {"uv": [1.025, 0, 0, 1.58405], "texture": "#2"},
				"down": {"uv": [1.025, 0, 0, 1.58405], "texture": "#2"}
			}
		}
	],
	"display": {
		"thirdperson_righthand": {
			"rotation": [90, 0, -90],
			"translation": [1, 0, 1],
			"scale": [0.5, 0.5, 0.5]
		},
		"thirdperson_lefthand": {
			"rotation": [90, 0, -90],
			"translation": [1, 0, 1],
			"scale": [0.5, 0.5, 0.5]
		},
		"firstperson_righthand": {
			"rotation": [0, 0, -90]
		},
		"firstperson_lefthand": {
			"rotation": [0, 0, -90]
		},
		"ground": {
			"scale": [0.5, 0.5, 0.5]
		},
		"gui": {
			"rotation": [90, 0, 0],
			"scale": [0.4, 0.4, 0.4]
		},
		"head": {
			"translation": [0, -27.75, -14.75],
			"scale": [3, 3, 3]
		},
		"fixed": {
			"rotation": [-90, -180, 0],
			"translation": [0, 6, 0]
		}
	}
}