{
	"credit": "Made with Blockbench",
	"ambientocclusion": false,
	"texture_size": [32, 32],
	"textures": {
		"0": "expansion:armor/space_jetpack",
		"particle": "expansion:armor/space_jetpack"
	},
	"elements": [
		{
			"from": [2.3125, -3, 3],
			"to": [6.3125, 9, 13],
			"rotation": {"angle": 0, "axis": "y", "origin": [13.3125, 8, 10]},
			"faces": {
				"north": {"uv": [5.5, 1.5, 7.5, 7.5], "texture": "#0"},
				"east": {"uv": [0, 1.5, 5, 7.5], "texture": "#0"},
				"south": {"uv": [8, 10, 10, 16], "texture": "#0"},
				"west": {"uv": [0, 10, 5, 16], "texture": "#0"},
				"up": {"uv": [8, 2, 10, 7], "texture": "#0"},
				"down": {"uv": [5.5, 11, 7.5, 16], "texture": "#0"}
			}
		},
		{
			"from": [3.3125, -2, 13],
			"to": [4.3125, 8, 14],
			"rotation": {"angle": 0, "axis": "y", "origin": [11.3125, 8, 21]},
			"faces": {
				"north": {"uv": [0, 0, 0.5, 5], "texture": "#0"},
				"east": {"uv": [15.5, 5.5, 16, 10.5], "texture": "#0"},
				"south": {"uv": [15.5, 5.5, 16, 10.5], "texture": "#0"},
				"west": {"uv": [15.5, 5.5, 16, 10.5], "texture": "#0"},
				"up": {"uv": [15.5, 5, 16, 5.5], "texture": "#0"},
				"down": {"uv": [15.5, 5, 16, 5.5], "texture": "#0"}
			}
		},
		{
			"from": [3.3125, -2, 2],
			"to": [4.3125, 8, 3],
			"rotation": {"angle": 0, "axis": "y", "origin": [11.3125, 8, 10]},
			"faces": {
				"north": {"uv": [15.5, 5.5, 16, 10.5], "texture": "#0"},
				"east": {"uv": [15.5, 5.5, 16, 10.5], "texture": "#0"},
				"south": {"uv": [0, 0, 0.5, 5], "texture": "#0"},
				"west": {"uv": [15.5, 5.5, 16, 10.5], "texture": "#0"},
				"up": {"uv": [15.5, 5, 16, 5.5], "texture": "#0"},
				"down": {"uv": [15.5, 5, 16, 5.5], "texture": "#0"}
			}
		},
		{
			"from": [1.3125, -1, 4],
			"to": [2.3125, 8, 12],
			"rotation": {"angle": 0, "axis": "y", "origin": [9.3125, 10, 15]},
			"faces": {
				"north": {"uv": [15.5, 0, 16, 4.5], "texture": "#0"},
				"east": {"uv": [0, 0, 4, 4.5], "texture": "#0"},
				"south": {"uv": [14.5, 0, 15, 4.5], "texture": "#0"},
				"west": {"uv": [11.5, 11.5, 15.5, 16], "texture": "#0"},
				"up": {"uv": [15.5, 0, 16, 4], "texture": "#0"},
				"down": {"uv": [13, 0, 13.5, 4], "texture": "#0"}
			}
		},
		{
			"from": [2.5625, 9, 12.25],
			"to": [3.0625, 17, 12.75],
			"rotation": {"angle": 0, "axis": "y", "origin": [10.3125, 17, 20]},
			"faces": {
				"north": {"uv": [11.5, 0, 11.75, 4], "texture": "#0"},
				"east": {"uv": [11.5, 0, 11.75, 4], "texture": "#0"},
				"south": {"uv": [11.5, 0, 12, 4], "texture": "#0"},
				"west": {"uv": [11.5, 0, 11.75, 4], "texture": "#0"},
				"up": {"uv": [11.5, 0, 11.75, 0.25], "texture": "#0"},
				"down": {"uv": [0, 0, 0.25, 0.25], "texture": "#0"}
			}
		},
		{
			"from": [2.3125, 9, 12],
			"to": [3.3125, 11, 13],
			"rotation": {"angle": 0, "axis": "y", "origin": [10.3125, 17, 20]},
			"faces": {
				"north": {"uv": [0, 8, 0.5, 9], "texture": "#0"},
				"east": {"uv": [0, 8, 0.5, 9], "texture": "#0"},
				"south": {"uv": [0, 8, 0.5, 9], "texture": "#0"},
				"west": {"uv": [0, 8, 0.5, 9], "texture": "#0"},
				"up": {"uv": [0, 8.5, 0.5, 9], "texture": "#0"},
				"down": {"uv": [0, 0, 0.5, 0.5], "texture": "#0"}
			}
		},
		{
			"from": [4, 8, 4],
			"to": [12, 8, 12],
			"rotation": {"angle": 0, "axis": "y", "origin": [13, 16, 12]},
			"faces": {
				"north": {"uv": [0, 0, 4, 0], "texture": "#0"},
				"east": {"uv": [0, 0, 4, 0], "texture": "#0"},
				"south": {"uv": [0, 0, 4, 0], "texture": "#0"},
				"west": {"uv": [0, 0, 4, 0], "texture": "#0"},
				"up": {"uv": [11, 5.5, 15, 9.5], "texture": "#0"},
				"down": {"uv": [0.5, 10.5, 4.5, 14.5], "texture": "#0"}
			}
		},
		{
			"from": [4, 16, 4],
			"to": [12, 16, 12],
			"rotation": {"angle": 0, "axis": "y", "origin": [13, 24, 12]},
			"faces": {
				"north": {"uv": [0, 0, 4, 0], "texture": "#0"},
				"east": {"uv": [0, 0, 4, 0], "texture": "#0"},
				"south": {"uv": [0, 0, 4, 0], "texture": "#0"},
				"west": {"uv": [0, 0, 4, 0], "texture": "#0"},
				"up": {"uv": [0.5, 10.5, 4.5, 14.5], "texture": "#0"},
				"down": {"uv": [11, 5.5, 15, 9.5], "texture": "#0"}
			}
		},
		{
			"from": [4, 8, 4],
			"to": [12, 16, 4],
			"rotation": {"angle": 0, "axis": "y", "origin": [13, 8, 12]},
			"faces": {
				"north": {"uv": [0.5, 10.5, 4.5, 14.5], "rotation": 180, "texture": "#0"},
				"east": {"uv": [0, 0, 4, 0], "rotation": 270, "texture": "#0"},
				"south": {"uv": [11, 5.5, 15, 9.5], "texture": "#0"},
				"west": {"uv": [0, 0, 4, 0], "rotation": 90, "texture": "#0"},
				"up": {"uv": [0, 0, 4, 0], "rotation": 180, "texture": "#0"},
				"down": {"uv": [0, 0, 4, 0], "texture": "#0"}
			}
		},
		{
			"from": [12, 8, 4],
			"to": [12, 16, 12],
			"rotation": {"angle": 0, "axis": "y", "origin": [4, 8, 13]},
			"faces": {
				"north": {"uv": [0, 0, 4, 0], "rotation": 90, "texture": "#0"},
				"east": {"uv": [0.5, 10.5, 4.5, 14.5], "rotation": 180, "texture": "#0"},
				"south": {"uv": [0, 0, 4, 0], "rotation": 270, "texture": "#0"},
				"west": {"uv": [11, 5.5, 15, 9.5], "texture": "#0"},
				"up": {"uv": [0, 0, 4, 0], "rotation": 270, "texture": "#0"},
				"down": {"uv": [0, 0, 4, 0], "rotation": 270, "texture": "#0"}
			}
		},
		{
			"from": [4, 8, 4],
			"to": [4, 16, 12],
			"rotation": {"angle": 0, "axis": "y", "origin": [-4, 8, 13]},
			"faces": {
				"north": {"uv": [0, 0, 4, 0], "rotation": 90, "texture": "#0"},
				"east": {"uv": [11, 5.5, 15, 9.5], "rotation": 180, "texture": "#0"},
				"south": {"uv": [0, 0, 4, 0], "rotation": 270, "texture": "#0"},
				"west": {"uv": [0.5, 10.5, 4.5, 14.5], "texture": "#0"},
				"up": {"uv": [0, 0, 4, 0], "rotation": 270, "texture": "#0"},
				"down": {"uv": [0.5, 9, 4.5, 9], "rotation": 270, "texture": "#0"}
			}
		},
		{
			"from": [4, 8, 12],
			"to": [12, 16, 12],
			"rotation": {"angle": 0, "axis": "y", "origin": [13, 8, 20]},
			"faces": {
				"north": {"uv": [11, 5.5, 15, 9.5], "rotation": 180, "texture": "#0"},
				"east": {"uv": [0, 0, 4, 0], "rotation": 270, "texture": "#0"},
				"south": {"uv": [0.5, 10.5, 4.5, 14.5], "texture": "#0"},
				"west": {"uv": [0, 0, 4, 0], "rotation": 90, "texture": "#0"},
				"up": {"uv": [0, 0, 4, 0], "rotation": 180, "texture": "#0"},
				"down": {"uv": [0, 0, 4, 0], "texture": "#0"}
			}
		}
	],
	"display": {
		"thirdperson_righthand": {
			"translation": [5, 0, 0],
			"scale": [1.13, 1.13, 1.13]
		},
		"thirdperson_lefthand": {
			"translation": [-5, 0, 0],
			"scale": [1.13, 1.13, 1.13]
		},
		"ground": {
			"rotation": [-90, 0, 0]
		},
		"gui": {
			"rotation": [0, 90, 0],
			"translation": [0, 1.5, 0]
		},
		"head": {
			"rotation": [0, 90, 0],
			"translation": [0, -7.5, 0],
			"scale": [1.86, 1.84, 1.86]
		},
		"fixed": {
			"rotation": [0, -90, 0],
			"translation": [0, 1.5, 2.5]
		}
	}
}