{
	"credit": "Made with Blockbench",
	"textures": {
		"0": "expansion:blocks/planetarium/planetarium_top",
		"1": "expansion:blocks/planetarium/planetarium_side",
		"particle": "expansion:blocks/planetarium/planetarium_top"
	},
	"elements": [
		{
			"from": [0, 0, 0],
			"to": [16, 16, 16],
			"faces": {
				"north": {"uv": [0, 0, 16, 16], "texture": "#1"},
				"east": {"uv": [0, 0, 16, 16], "texture": "#1"},
				"south": {"uv": [0, 0, 16, 16], "texture": "#1"},
				"west": {"uv": [0, 0, 16, 16], "texture": "#1"},
				"up": {"uv": [0, 0, 16, 16], "texture": "#0"},
				"down": {"uv": [0, 0, 16, 16], "texture": "#0"}
			}
		}
	],
	"display": {
		"thirdperson_righthand": {
			"rotation": [70, 45, 0],
			"translation": [0, 2.25, -0.75],
			"scale": [0.3, 0.3, 0.3]
		},
		"thirdperson_lefthand": {
			"rotation": [70, 45, 0],
			"translation": [0, 2.25, -0.75],
			"scale": [0.3, 0.3, 0.3]
		},
		"firstperson_righthand": {
			"rotation": [0, -27, 0],
			"translation": [-1.5, 0.5, 0.75],
			"scale": [0.4, 0.4, 0.4]
		},
		"firstperson_lefthand": {
			"rotation": [0, -27, 0],
			"translation": [-1.5, 0.5, 0.75],
			"scale": [0.4, 0.4, 0.4]
		},
		"ground": {
			"scale": [0.3, 0.3, 0.3]
		},
		"gui": {
			"rotation": [30, -45, 0],
			"scale": [0.61, 0.61, 0.61]
		},
		"head": {
			"translation": [0, -30.5, 0],
			"scale": [1.602, 1.61, 1.602]
		},
		"fixed": {
			"scale": [0.6, 0.6, 0.6]
		}
	}
}