{
	"credit": "Made with Blockbench",
	"texture_size": [32, 32],
	"textures": {
		"0": "expansion:tools/ice_dispenser",
		"particle": "expansion:tools/ice_dispenser"
	},
	"elements": [
		{
			"from": [7, 8, -1.25],
			"to": [9, 10, 0],
			"rotation": {"angle": 0, "axis": "y", "origin": [15, 16, 6]},
			"faces": {
				"north": {"uv": [4.5, 0, 5.5, 1], "texture": "#0"},
				"east": {"uv": [4.5, 0, 5.5, 0.625], "rotation": 90, "texture": "#0"},
				"south": {"uv": [4.5, 0, 5.5, 1], "texture": "#0"},
				"west": {"uv": [4.5, 0, 5.5, 0.625], "rotation": 90, "texture": "#0"},
				"up": {"uv": [4.5, 0, 5.5, 0.625], "texture": "#0"},
				"down": {"uv": [4.5, 0, 5.5, 0.625], "texture": "#0"}
			}
		},
		{
			"from": [6.5, 7.5, 9],
			"to": [9.5, 10.5, 16.25],
			"rotation": {"angle": 0, "axis": "y", "origin": [15, 16, 16.25]},
			"faces": {
				"north": {"uv": [0, 8.5, 1.5, 10], "texture": "#0"},
				"east": {"uv": [8, 0, 16, 3], "texture": "#0"},
				"south": {"uv": [3.5, 8.5, 5, 10], "texture": "#0"},
				"west": {"uv": [8, 3, 16, 0], "rotation": 180, "texture": "#0"},
				"up": {"uv": [8, 3, 16, 6], "rotation": 90, "texture": "#0"},
				"down": {"uv": [8, 3, 16, 6], "rotation": 90, "texture": "#0"}
			}
		},
		{
			"from": [6.25, 10.25, 8.75],
			"to": [6.75, 10.75, 16.5],
			"rotation": {"angle": 0, "axis": "y", "origin": [13.5, 17.5, 16.25]},
			"faces": {
				"north": {"uv": [0, 10.5, 0.25, 10.75], "texture": "#0"},
				"east": {"uv": [0, 10.5, 3.875, 10.75], "texture": "#0"},
				"south": {"uv": [0, 10.5, 0.25, 10.75], "texture": "#0"},
				"west": {"uv": [0, 10.5, 3.875, 10.75], "texture": "#0"},
				"up": {"uv": [0, 10.5, 3.875, 10.75], "rotation": 90, "texture": "#0"},
				"down": {"uv": [0, 10.5, 3.875, 10.75], "rotation": 90, "texture": "#0"}
			}
		},
		{
			"from": [9.25, 10.25, 8.75],
			"to": [9.75, 10.75, 16.5],
			"rotation": {"angle": 0, "axis": "y", "origin": [16.5, 17.5, 16.25]},
			"faces": {
				"north": {"uv": [0, 10.5, 0.25, 10.75], "texture": "#0"},
				"east": {"uv": [0, 10.5, 3.875, 10.75], "texture": "#0"},
				"south": {"uv": [0, 10.5, 0.25, 10.75], "texture": "#0"},
				"west": {"uv": [0, 10.5, 3.875, 10.75], "texture": "#0"},
				"up": {"uv": [0, 10.5, 3.875, 10.75], "rotation": 90, "texture": "#0"},
				"down": {"uv": [0, 10.5, 3.875, 10.75], "rotation": 90, "texture": "#0"}
			}
		},
		{
			"from": [6.75, 10.25, 8.75],
			"to": [9.25, 10.75, 9.25],
			"rotation": {"angle": 0, "axis": "y", "origin": [14, 17.5, 16.25]},
			"faces": {
				"north": {"uv": [0, 10.5, 1.25, 10.75], "texture": "#0"},
				"east": {"uv": [0, 10, 0.25, 10.25], "texture": "#0"},
				"south": {"uv": [0, 10.5, 1.25, 10.75], "texture": "#0"},
				"west": {"uv": [0, 0, 0.25, 0.25], "texture": "#0"},
				"up": {"uv": [0, 10.5, 1.25, 10.75], "texture": "#0"},
				"down": {"uv": [0, 0, 1.25, 0.25], "texture": "#0"}
			}
		},
		{
			"from": [6.75, 7.25, 8.75],
			"to": [9.25, 7.75, 9.25],
			"rotation": {"angle": 0, "axis": "y", "origin": [14, 14.5, 16.25]},
			"faces": {
				"north": {"uv": [0, 10.5, 1.25, 10.75], "texture": "#0"},
				"east": {"uv": [0, 10, 0.25, 10.25], "texture": "#0"},
				"south": {"uv": [0, 10.5, 1.25, 10.75], "texture": "#0"},
				"west": {"uv": [0, 0, 0.25, 0.25], "texture": "#0"},
				"up": {"uv": [0, 10, 1.25, 10.25], "texture": "#0"},
				"down": {"uv": [0, 10.5, 1.25, 10.75], "texture": "#0"}
			}
		},
		{
			"from": [6.75, 7.25, 16],
			"to": [9.25, 7.75, 16.5],
			"rotation": {"angle": 0, "axis": "y", "origin": [14, 14.5, 23.5]},
			"faces": {
				"north": {"uv": [0, 10.5, 1.25, 10.75], "texture": "#0"},
				"east": {"uv": [0, 10, 0.25, 10.25], "texture": "#0"},
				"south": {"uv": [0, 10.5, 1.25, 10.75], "texture": "#0"},
				"west": {"uv": [0, 0, 0.25, 0.25], "texture": "#0"},
				"up": {"uv": [0, 10.5, 1.25, 10.75], "texture": "#0"},
				"down": {"uv": [0, 10.5, 1.25, 10.75], "texture": "#0"}
			}
		},
		{
			"from": [6.75, 10.25, 16],
			"to": [9.25, 10.75, 16.5],
			"rotation": {"angle": 0, "axis": "y", "origin": [14, 17.5, 23.5]},
			"faces": {
				"north": {"uv": [0, 10.5, 1.25, 10.75], "texture": "#0"},
				"east": {"uv": [0, 10, 0.25, 10.25], "texture": "#0"},
				"south": {"uv": [0, 10.5, 1.25, 10.75], "texture": "#0"},
				"west": {"uv": [0, 0, 0.25, 0.25], "texture": "#0"},
				"up": {"uv": [0, 10.5, 1.25, 10.75], "texture": "#0"},
				"down": {"uv": [0, 10.5, 1.25, 10.75], "texture": "#0"}
			}
		},
		{
			"from": [6.25, 7.75, 8.75],
			"to": [6.75, 10.25, 9.25],
			"rotation": {"angle": 0, "axis": "z", "origin": [6.5, 9, 9]},
			"faces": {
				"north": {"uv": [0, 10.5, 1.25, 10.75], "rotation": 270, "texture": "#0"},
				"east": {"uv": [0, 0, 1.25, 0.25], "rotation": 90, "texture": "#0"},
				"south": {"uv": [0, 10.5, 1.25, 10.75], "rotation": 90, "texture": "#0"},
				"west": {"uv": [0, 10.5, 1.25, 10.75], "rotation": 90, "texture": "#0"},
				"up": {"uv": [0, 0, 0.25, 0.25], "rotation": 90, "texture": "#0"},
				"down": {"uv": [0, 0, 0.25, 0.25], "rotation": 90, "texture": "#0"}
			}
		},
		{
			"from": [9.25, 7.75, 8.75],
			"to": [9.75, 10.25, 9.25],
			"rotation": {"angle": 0, "axis": "z", "origin": [9.5, 9, 9]},
			"faces": {
				"north": {"uv": [0, 10.5, 1.25, 10.75], "rotation": 270, "texture": "#0"},
				"east": {"uv": [0, 10.5, 1.25, 10.75], "rotation": 90, "texture": "#0"},
				"south": {"uv": [0, 10.5, 1.25, 10.75], "rotation": 90, "texture": "#0"},
				"west": {"uv": [0, 10.5, 1.25, 10.75], "rotation": 90, "texture": "#0"},
				"up": {"uv": [0, 0, 0.25, 0.25], "rotation": 90, "texture": "#0"},
				"down": {"uv": [0, 0, 0.25, 0.25], "rotation": 90, "texture": "#0"}
			}
		},
		{
			"from": [6.25, 7.75, 16],
			"to": [6.75, 10.25, 16.5],
			"rotation": {"angle": 0, "axis": "z", "origin": [6.5, 9, 16.25]},
			"faces": {
				"north": {"uv": [0, 10.5, 1.25, 10.75], "rotation": 270, "texture": "#0"},
				"east": {"uv": [0, 10.5, 1.25, 10.75], "rotation": 90, "texture": "#0"},
				"south": {"uv": [0, 10.5, 1.25, 10.75], "rotation": 90, "texture": "#0"},
				"west": {"uv": [0, 10.5, 1.25, 10.75], "rotation": 90, "texture": "#0"},
				"up": {"uv": [0, 0, 0.25, 0.25], "rotation": 90, "texture": "#0"},
				"down": {"uv": [0, 0, 0.25, 0.25], "rotation": 90, "texture": "#0"}
			}
		},
		{
			"from": [9.25, 7.75, 16],
			"to": [9.75, 10.25, 16.5],
			"rotation": {"angle": 0, "axis": "z", "origin": [9.5, 9, 16.25]},
			"faces": {
				"north": {"uv": [0, 10.5, 1.25, 10.75], "rotation": 270, "texture": "#0"},
				"east": {"uv": [0, 10.5, 1.25, 10.75], "rotation": 90, "texture": "#0"},
				"south": {"uv": [0, 10.5, 1.25, 10.75], "rotation": 90, "texture": "#0"},
				"west": {"uv": [0, 10.5, 1.25, 10.75], "rotation": 90, "texture": "#0"},
				"up": {"uv": [0, 0, 0.25, 0.25], "rotation": 90, "texture": "#0"},
				"down": {"uv": [0, 0, 0.25, 0.25], "rotation": 90, "texture": "#0"}
			}
		},
		{
			"from": [6.25, 7.25, 8.75],
			"to": [6.75, 7.75, 16.5],
			"rotation": {"angle": 0, "axis": "y", "origin": [13.5, 14.5, 16.25]},
			"faces": {
				"north": {"uv": [0, 10.5, 0.25, 10.75], "texture": "#0"},
				"east": {"uv": [0, 10, 3.875, 10.25], "texture": "#0"},
				"south": {"uv": [0, 10.5, 0.25, 10.75], "texture": "#0"},
				"west": {"uv": [0, 10.5, 3.875, 10.75], "texture": "#0"},
				"up": {"uv": [0, 10.5, 3.875, 10.75], "rotation": 90, "texture": "#0"},
				"down": {"uv": [0, 10.5, 3.875, 10.75], "rotation": 90, "texture": "#0"}
			}
		},
		{
			"from": [9.25, 7.25, 8.75],
			"to": [9.75, 7.75, 16.5],
			"rotation": {"angle": 0, "axis": "y", "origin": [16.5, 14.5, 16.25]},
			"faces": {
				"north": {"uv": [0, 10.5, 0.25, 10.75], "texture": "#0"},
				"east": {"uv": [0, 10.5, 3.875, 10.75], "texture": "#0"},
				"south": {"uv": [0, 10.5, 0.25, 10.75], "texture": "#0"},
				"west": {"uv": [0, 10.5, 3.875, 10.75], "texture": "#0"},
				"up": {"uv": [0, 10.5, 3.875, 10.75], "rotation": 90, "texture": "#0"},
				"down": {"uv": [0, 10.5, 3.875, 10.75], "rotation": 90, "texture": "#0"}
			}
		},
		{
			"from": [7.5, 11.30866, 10.96194],
			"to": [8.5, 12.30866, 15.21194],
			"rotation": {"angle": 45, "axis": "x", "origin": [8, 11.80866, 12.08694]},
			"faces": {
				"north": {"uv": [0, 0, 0.5, 0.5], "texture": "#0"},
				"east": {"uv": [2, 0, 4.125, 0.5], "texture": "#0"},
				"south": {"uv": [0, 0, 0.5, 0.5], "texture": "#0"},
				"west": {"uv": [2, 0, 4.125, 0.5], "texture": "#0"},
				"up": {"uv": [2, 0, 4.125, 0.5], "rotation": 90, "texture": "#0"},
				"down": {"uv": [2, 0, 4.125, 0.5], "rotation": 90, "texture": "#0"}
			}
		},
		{
			"from": [7.5, 11.95771, 8.395],
			"to": [8.5, 12.95771, 11.645],
			"rotation": {"angle": 0, "axis": "x", "origin": [8, 12.45771, 9.52]},
			"faces": {
				"north": {"uv": [2, 0, 2.5, 0.5], "texture": "#0"},
				"east": {"uv": [2, 0, 4.125, 0.5], "texture": "#0"},
				"south": {"uv": [0, 0, 0.5, 0.5], "texture": "#0"},
				"west": {"uv": [2, 0, 4.125, 0.5], "texture": "#0"},
				"up": {"uv": [2, 0, 4.125, 0.5], "rotation": 90, "texture": "#0"},
				"down": {"uv": [2, 0, 4.125, 0.5], "rotation": 90, "texture": "#0"}
			}
		},
		{
			"from": [9.59738, 8.75, -3.25],
			"to": [10.09738, 9.25, -0.25],
			"rotation": {"angle": -22.5, "axis": "y", "origin": [9.84738, 9, -3.56891]},
			"faces": {
				"north": {"uv": [0, 0.25, 0.25, 0.5], "rotation": 90, "texture": "#0"},
				"east": {"uv": [0, 1, 0.25, 2.5], "rotation": 270, "texture": "#0"},
				"south": {"uv": [0, 0.25, 0.25, 0.5], "rotation": 270, "texture": "#0"},
				"west": {"uv": [0, 1, 0.25, 2.5], "rotation": 270, "texture": "#0"},
				"up": {"uv": [0, 0.25, 0.25, 1.75], "rotation": 90, "texture": "#0"},
				"down": {"uv": [0, 0.25, 1.5, 0.5], "rotation": 270, "texture": "#0"}
			}
		},
		{
			"from": [5.90262, 8.75, -3.25],
			"to": [6.40262, 9.25, -0.25],
			"rotation": {"angle": 22.5, "axis": "y", "origin": [6.15262, 9, -3.56891]},
			"faces": {
				"north": {"uv": [0, 0.5, 0.25, 0.75], "rotation": 90, "texture": "#0"},
				"east": {"uv": [0, 3.5, 0.25, 5], "rotation": 270, "texture": "#0"},
				"south": {"uv": [0, 0.5, 0.25, 0.75], "rotation": 270, "texture": "#0"},
				"west": {"uv": [0, 3.5, 0.25, 5], "rotation": 270, "texture": "#0"},
				"up": {"uv": [0, 0.5, 0.25, 2], "rotation": 90, "texture": "#0"},
				"down": {"uv": [0, 0.5, 1.5, 0.75], "rotation": 270, "texture": "#0"}
			}
		},
		{
			"from": [9.284, 8.75, -4.04487],
			"to": [9.784, 9.25, -3.04487],
			"rotation": {"angle": 22.5, "axis": "y", "origin": [9.534, 9, -3.54487]},
			"faces": {
				"north": {"uv": [0, 0.25, 0.25, 0.5], "rotation": 90, "texture": "#0"},
				"east": {"uv": [0, 0.5, 0.25, 1], "rotation": 270, "texture": "#0"},
				"south": {"uv": [0, 0.25, 0.25, 0.5], "rotation": 270, "texture": "#0"},
				"west": {"uv": [0, 0.5, 0.25, 1], "rotation": 270, "texture": "#0"},
				"up": {"uv": [0, 0.25, 0.5, 0.5], "rotation": 270, "texture": "#0"},
				"down": {"uv": [0, 0.25, 0.5, 0.5], "rotation": 270, "texture": "#0"}
			}
		},
		{
			"from": [6.216, 8.75, -4.04487],
			"to": [6.716, 9.25, -3.04487],
			"rotation": {"angle": -22.5, "axis": "y", "origin": [6.466, 9, -3.54487]},
			"faces": {
				"north": {"uv": [0, 0.5, 0.25, 0.75], "rotation": 90, "texture": "#0"},
				"east": {"uv": [0, 1, 0.25, 1.5], "rotation": 270, "texture": "#0"},
				"south": {"uv": [0, 0.5, 0.25, 0.75], "rotation": 270, "texture": "#0"},
				"west": {"uv": [0, 1, 0.25, 1.5], "rotation": 270, "texture": "#0"},
				"up": {"uv": [0, 0.5, 0.5, 0.75], "rotation": 270, "texture": "#0"},
				"down": {"uv": [0, 0.5, 0.5, 0.75], "rotation": 270, "texture": "#0"}
			}
		},
		{
			"from": [7.75, 11, -3.75],
			"to": [8.25, 11.5, -0.75],
			"rotation": {"angle": 22.5, "axis": "x", "origin": [8, 10.75592, -4.59281]},
			"faces": {
				"north": {"uv": [0, 0, 0.25, 0.25], "texture": "#0"},
				"east": {"uv": [0, 0, 0.25, 1.5], "rotation": 90, "texture": "#0"},
				"south": {"uv": [0, 0, 0.25, 0.25], "texture": "#0"},
				"west": {"uv": [0, 0, 0.25, 1.5], "rotation": 90, "texture": "#0"},
				"up": {"uv": [0, 0, 0.25, 1.5], "texture": "#0"},
				"down": {"uv": [0, 0, 0.25, 1.5], "texture": "#0"}
			}
		},
		{
			"from": [7.75, 6.5, -3.75],
			"to": [8.25, 7, -0.75],
			"rotation": {"angle": -22.5, "axis": "x", "origin": [8, 7.24408, -4.59281]},
			"faces": {
				"north": {"uv": [0, 0.25, 0.25, 0.5], "texture": "#0"},
				"east": {"uv": [0, 0.25, 0.25, 1.75], "rotation": 90, "texture": "#0"},
				"south": {"uv": [0, 0.25, 0.25, 0.5], "texture": "#0"},
				"west": {"uv": [0, 0.25, 0.25, 1.75], "rotation": 90, "texture": "#0"},
				"up": {"uv": [0, 2.5, 0.25, 4], "texture": "#0"},
				"down": {"uv": [0, 2.5, 0.25, 4], "texture": "#0"}
			}
		},
		{
			"from": [7.75, 10.86324, -4.10712],
			"to": [8.25, 11.36324, -3.10712],
			"rotation": {"angle": -22.5, "axis": "x", "origin": [8, 10.18054, -2.70894]},
			"faces": {
				"north": {"uv": [0, 0, 0.25, 0.25], "texture": "#0"},
				"east": {"uv": [0, 0, 0.5, 0.25], "texture": "#0"},
				"south": {"uv": [0, 0, 0.25, 0.25], "texture": "#0"},
				"west": {"uv": [0, 0, 0.5, 0.25], "texture": "#0"},
				"up": {"uv": [0, 0, 0.25, 0.5], "texture": "#0"},
				"down": {"uv": [0, 0, 0.25, 0.5], "texture": "#0"}
			}
		},
		{
			"from": [7.75, 6.63676, -4.10712],
			"to": [8.25, 7.13676, -3.10712],
			"rotation": {"angle": 22.5, "axis": "x", "origin": [8, 7.81946, -2.70894]},
			"faces": {
				"north": {"uv": [0, 0.25, 0.25, 0.5], "texture": "#0"},
				"east": {"uv": [0, 0.25, 0.5, 0.5], "texture": "#0"},
				"south": {"uv": [0, 0.25, 0.25, 0.5], "texture": "#0"},
				"west": {"uv": [0, 0.25, 0.5, 0.5], "texture": "#0"},
				"up": {"uv": [0, 0.5, 0.25, 1], "texture": "#0"},
				"down": {"uv": [0, 0.5, 0.25, 1], "texture": "#0"}
			}
		},
		{
			"from": [7.75, 9.75, -1],
			"to": [8.25, 10.25, 6.5],
			"rotation": {"angle": 0, "axis": "y", "origin": [15.5, 17.25, 6.5]},
			"faces": {
				"north": {"uv": [0, 0, 0.25, 0.25], "texture": "#0"},
				"east": {"uv": [0, 0, 0.25, 3.75], "rotation": 90, "texture": "#0"},
				"south": {"uv": [0, 0, 0.25, 0.25], "texture": "#0"},
				"west": {"uv": [0, 0, 0.25, 3.75], "rotation": 90, "texture": "#0"},
				"up": {"uv": [0, 0, 0.25, 3.75], "texture": "#0"},
				"down": {"uv": [0, 0, 0.25, 3.75], "texture": "#0"}
			}
		},
		{
			"from": [7.75, 7.75, -1],
			"to": [8.25, 8.25, 6.5],
			"rotation": {"angle": 0, "axis": "y", "origin": [15.5, 15.25, 6.5]},
			"faces": {
				"north": {"uv": [0, 0, 0.25, 0.25], "texture": "#0"},
				"east": {"uv": [0, 0, 0.25, 3.75], "rotation": 90, "texture": "#0"},
				"south": {"uv": [0, 0, 0.25, 0.25], "texture": "#0"},
				"west": {"uv": [0, 0, 0.25, 3.75], "rotation": 90, "texture": "#0"},
				"up": {"uv": [0, 0, 0.25, 3.75], "texture": "#0"},
				"down": {"uv": [0, 0, 0.25, 3.75], "texture": "#0"}
			}
		},
		{
			"from": [7.5, 8.5, -2],
			"to": [8.5, 9.5, 9],
			"rotation": {"angle": 0, "axis": "y", "origin": [15.5, 16.25, 6.5]},
			"faces": {
				"north": {"uv": [5, 11.5, 5.5, 12], "texture": "#0"},
				"east": {"uv": [0, 11.5, 5.5, 12], "texture": "#0"},
				"south": {"uv": [0, 0, 0.5, 0.5], "texture": "#0"},
				"west": {"uv": [0, 11.5, 5.5, 12], "texture": "#0"},
				"up": {"uv": [0, 11.5, 5.5, 12], "rotation": 90, "texture": "#0"},
				"down": {"uv": [0, 11.5, 5.5, 12], "rotation": 90, "texture": "#0"}
			}
		},
		{
			"from": [6.75, 8.75, -1],
			"to": [7.25, 9.25, 6.5],
			"rotation": {"angle": 0, "axis": "y", "origin": [14.5, 16.25, 6.5]},
			"faces": {
				"north": {"uv": [0, 0, 0.25, 0.25], "texture": "#0"},
				"east": {"uv": [0, 0, 3.75, 0.25], "texture": "#0"},
				"south": {"uv": [0, 0, 0.25, 0.25], "texture": "#0"},
				"west": {"uv": [0, 0, 0.25, 3.75], "rotation": 90, "texture": "#0"},
				"up": {"uv": [0, 0, 0.25, 3.75], "texture": "#0"},
				"down": {"uv": [0, 0, 0.25, 3.75], "texture": "#0"}
			}
		},
		{
			"from": [6.75, 7.75, 2.5],
			"to": [7.25, 10.25, 3],
			"rotation": {"angle": 0, "axis": "y", "origin": [14.5, 16.25, 10.5]},
			"faces": {
				"north": {"uv": [0, 0, 0.25, 1.25], "texture": "#0"},
				"east": {"uv": [0, 0, 0.25, 1.25], "texture": "#0"},
				"south": {"uv": [0, 0, 0.25, 1.25], "texture": "#0"},
				"west": {"uv": [0, 0, 0.25, 1.25], "rotation": 90, "texture": "#0"},
				"up": {"uv": [0, 0, 0.25, 0.25], "texture": "#0"},
				"down": {"uv": [0, 0, 0.25, 3.75], "texture": "#0"}
			}
		},
		{
			"from": [6.75, 7.75, -1.5],
			"to": [7.25, 10.25, -1],
			"rotation": {"angle": 0, "axis": "y", "origin": [14.5, 16.25, 6.5]},
			"faces": {
				"north": {"uv": [0, 0, 0.25, 1.25], "texture": "#0"},
				"east": {"uv": [0, 0, 0.25, 1.25], "texture": "#0"},
				"south": {"uv": [0, 0, 0.25, 1.25], "texture": "#0"},
				"west": {"uv": [0, 0, 0.25, 1.25], "rotation": 90, "texture": "#0"},
				"up": {"uv": [0, 0, 0.25, 0.25], "texture": "#0"},
				"down": {"uv": [0, 0, 0.25, 3.75], "texture": "#0"}
			}
		},
		{
			"from": [8.75, 7.75, 2.5],
			"to": [9.25, 10.25, 3],
			"rotation": {"angle": 0, "axis": "y", "origin": [16.5, 16.25, 10.5]},
			"faces": {
				"north": {"uv": [0, 0, 0.25, 1.25], "texture": "#0"},
				"east": {"uv": [0, 0, 0.25, 1.25], "texture": "#0"},
				"south": {"uv": [0, 0, 0.25, 1.25], "texture": "#0"},
				"west": {"uv": [0, 0, 1.25, 0.25], "rotation": 90, "texture": "#0"},
				"up": {"uv": [0, 0, 0.25, 0.25], "texture": "#0"},
				"down": {"uv": [0, 0, 0.25, 3.75], "texture": "#0"}
			}
		},
		{
			"from": [6.75, 7.75, 6.5],
			"to": [9.25, 10.25, 9],
			"rotation": {"angle": 0, "axis": "y", "origin": [16.5, 16.25, 14.5]},
			"faces": {
				"north": {"uv": [1, 1, 3.5, 3.5], "texture": "#0"},
				"east": {"uv": [1, 1, 3.5, 3.5], "texture": "#0"},
				"south": {"uv": [0, 0, 1.25, 1.25], "texture": "#0"},
				"west": {"uv": [1, 1, 3.5, 3.5], "texture": "#0"},
				"up": {"uv": [1, 1, 3.5, 3.5], "texture": "#0"},
				"down": {"uv": [1, 1, 3.5, 3.5], "texture": "#0"}
			}
		},
		{
			"from": [8.75, 7.75, -1.5],
			"to": [9.25, 10.25, -1],
			"rotation": {"angle": 0, "axis": "y", "origin": [16.5, 16.25, 6.5]},
			"faces": {
				"north": {"uv": [0, 0, 0.25, 1.25], "texture": "#0"},
				"east": {"uv": [0, 0, 0.25, 1.25], "texture": "#0"},
				"south": {"uv": [0, 0, 0.25, 1.25], "texture": "#0"},
				"west": {"uv": [0, 0, 1.25, 0.25], "rotation": 90, "texture": "#0"},
				"up": {"uv": [0, 0, 0.25, 0.25], "texture": "#0"},
				"down": {"uv": [0, 0, 0.25, 3.75], "texture": "#0"}
			}
		},
		{
			"from": [7.25, 9.75, 2.5],
			"to": [8.75, 10.25, 3],
			"rotation": {"angle": 0, "axis": "z", "origin": [8, 10, 2.75]},
			"faces": {
				"north": {"uv": [0, 0, 0.25, 0.75], "rotation": 270, "texture": "#0"},
				"east": {"uv": [0, 0, 0.25, 0.25], "rotation": 90, "texture": "#0"},
				"south": {"uv": [0, 0, 0.25, 0.75], "rotation": 90, "texture": "#0"},
				"west": {"uv": [0, 0, 0.25, 0.25], "rotation": 90, "texture": "#0"},
				"up": {"uv": [0, 0, 0.25, 0.75], "rotation": 90, "texture": "#0"},
				"down": {"uv": [0, 0, 0.25, 3.75], "rotation": 90, "texture": "#0"}
			}
		},
		{
			"from": [7.25, 9.75, -1.5],
			"to": [8.75, 10.25, -1],
			"rotation": {"angle": 0, "axis": "z", "origin": [8, 10, -1.25]},
			"faces": {
				"north": {"uv": [0, 0, 0.25, 0.75], "rotation": 270, "texture": "#0"},
				"east": {"uv": [0, 0, 0.25, 0.25], "rotation": 90, "texture": "#0"},
				"south": {"uv": [0, 0, 0.25, 0.75], "rotation": 90, "texture": "#0"},
				"west": {"uv": [0, 0, 0.25, 0.25], "rotation": 90, "texture": "#0"},
				"up": {"uv": [0, 0, 0.25, 0.75], "rotation": 90, "texture": "#0"},
				"down": {"uv": [0, 0, 0.25, 3.75], "rotation": 90, "texture": "#0"}
			}
		},
		{
			"from": [7.25, 7.75, 2.5],
			"to": [8.75, 8.25, 3],
			"rotation": {"angle": 0, "axis": "z", "origin": [8, 8, 2.75]},
			"faces": {
				"north": {"uv": [0, 0, 0.25, 0.75], "rotation": 270, "texture": "#0"},
				"east": {"uv": [0, 0, 0.25, 0.25], "rotation": 90, "texture": "#0"},
				"south": {"uv": [0, 0, 0.25, 0.75], "rotation": 90, "texture": "#0"},
				"west": {"uv": [0, 0, 0.25, 0.25], "rotation": 90, "texture": "#0"},
				"up": {"uv": [0, 0, 0.25, 0.75], "rotation": 90, "texture": "#0"},
				"down": {"uv": [0, 0, 0.25, 3.75], "rotation": 90, "texture": "#0"}
			}
		},
		{
			"from": [7.25, 7.75, -1.5],
			"to": [8.75, 8.25, -1],
			"rotation": {"angle": 0, "axis": "z", "origin": [8, 8, -1.25]},
			"faces": {
				"north": {"uv": [0, 0, 0.25, 0.75], "rotation": 270, "texture": "#0"},
				"east": {"uv": [0, 0, 0.25, 0.25], "rotation": 90, "texture": "#0"},
				"south": {"uv": [0, 0, 0.25, 0.75], "rotation": 90, "texture": "#0"},
				"west": {"uv": [0, 0, 0.25, 0.25], "rotation": 90, "texture": "#0"},
				"up": {"uv": [0, 0, 0.25, 0.75], "rotation": 90, "texture": "#0"},
				"down": {"uv": [0, 0, 0.25, 3.75], "rotation": 90, "texture": "#0"}
			}
		},
		{
			"from": [8.75, 8.75, -1],
			"to": [9.25, 9.25, 6.5],
			"rotation": {"angle": 0, "axis": "y", "origin": [16.5, 16.25, 6.5]},
			"faces": {
				"north": {"uv": [0, 0, 0.25, 0.25], "texture": "#0"},
				"east": {"uv": [0, 0, 0.25, 3.75], "rotation": 90, "texture": "#0"},
				"south": {"uv": [0, 0, 0.25, 0.25], "texture": "#0"},
				"west": {"uv": [0, 0, 0.25, 3.75], "rotation": 90, "texture": "#0"},
				"up": {"uv": [0, 0, 0.25, 3.75], "texture": "#0"},
				"down": {"uv": [0, 0, 0.25, 3.75], "texture": "#0"}
			}
		},
		{
			"from": [9.41421, 5.26777, 7],
			"to": [10.41421, 7.26777, 17.75],
			"rotation": {"angle": 45, "axis": "z", "origin": [9.63388, 5.59099, 10.5]},
			"faces": {
				"north": {"uv": [0, 0, 1, 0.5], "rotation": 90, "texture": "#0"},
				"east": {"uv": [6, 0, 8, 10], "rotation": 270, "texture": "#0"},
				"south": {"uv": [0, 0, 1, 0.5], "rotation": 270, "texture": "#0"},
				"west": {"uv": [0, 0, 1, 5.375], "rotation": 270, "texture": "#0"},
				"up": {"uv": [0, 0, 5.375, 0.5], "rotation": 270, "texture": "#0"},
				"down": {"uv": [0, 0, 5.375, 0.5], "rotation": 270, "texture": "#0"}
			}
		},
		{
			"from": [5.58579, 5.26777, 7],
			"to": [6.58579, 7.26777, 17.75],
			"rotation": {"angle": -45, "axis": "z", "origin": [6.36612, 5.59099, 10.5]},
			"faces": {
				"north": {"uv": [0, 0.5, 1, 0], "rotation": 90, "texture": "#0"},
				"east": {"uv": [0, 5.375, 1, 0], "rotation": 270, "texture": "#0"},
				"south": {"uv": [0, 0.5, 1, 0], "rotation": 270, "texture": "#0"},
				"west": {"uv": [6, 10, 8, 0], "rotation": 270, "texture": "#0"},
				"up": {"uv": [0, 0.5, 5.375, 0], "rotation": 270, "texture": "#0"},
				"down": {"uv": [0, 0.5, 5.375, 0], "rotation": 270, "texture": "#0"}
			}
		},
		{
			"from": [7, 2.5, 7],
			"to": [9, 3.5, 17.75],
			"rotation": {"angle": 0, "axis": "z", "origin": [8, 3, 12.375]},
			"faces": {
				"north": {"uv": [0, 0.5, 1, 0], "rotation": 180, "texture": "#0"},
				"east": {"uv": [0, 0.5, 5.375, 0], "rotation": 180, "texture": "#0"},
				"south": {"uv": [0, 0.5, 1, 0], "rotation": 180, "texture": "#0"},
				"west": {"uv": [0, 0.5, 5.375, 0], "rotation": 180, "texture": "#0"},
				"up": {"uv": [0, 5.375, 1, 0], "rotation": 180, "texture": "#0"},
				"down": {"uv": [6, 10, 8, 0], "rotation": 180, "texture": "#0"}
			}
		},
		{
			"from": [7, 6.32843, 7],
			"to": [9, 7.32843, 17.75],
			"rotation": {"angle": 0, "axis": "z", "origin": [8, 6.82843, 12.375]},
			"faces": {
				"north": {"uv": [0, 0.5, 1, 0], "texture": "#0"},
				"east": {"uv": [0, 0.5, 5.375, 0], "texture": "#0"},
				"south": {"uv": [0, 0.5, 1, 0], "texture": "#0"},
				"west": {"uv": [0, 0.5, 5.375, 0], "texture": "#0"},
				"up": {"uv": [6, 10, 8, 0], "texture": "#0"},
				"down": {"uv": [0, 5.375, 1, 0], "texture": "#0"}
			}
		},
		{
			"from": [5.58579, 3.91421, 7],
			"to": [6.58579, 5.91421, 17.75],
			"rotation": {"angle": 0, "axis": "z", "origin": [6.08579, 4.91421, 12.375]},
			"faces": {
				"north": {"uv": [0, 0, 1, 0.5], "rotation": 270, "texture": "#0"},
				"east": {"uv": [0, 0, 1, 5.375], "rotation": 90, "texture": "#0"},
				"south": {"uv": [0, 0, 1, 0.5], "rotation": 90, "texture": "#0"},
				"west": {"uv": [6, 0, 8, 10], "rotation": 90, "texture": "#0"},
				"up": {"uv": [0, 0, 5.375, 0.5], "rotation": 90, "texture": "#0"},
				"down": {"uv": [0, 0, 5.375, 0.5], "rotation": 90, "texture": "#0"}
			}
		},
		{
			"from": [9.41421, 3.91421, 7],
			"to": [10.41421, 5.91421, 17.75],
			"rotation": {"angle": 0, "axis": "z", "origin": [9.91421, 4.91421, 12.375]},
			"faces": {
				"north": {"uv": [0, 0.5, 1, 0], "rotation": 270, "texture": "#0"},
				"east": {"uv": [6, 10, 8, 0], "rotation": 90, "texture": "#0"},
				"south": {"uv": [0, 0.5, 1, 0], "rotation": 90, "texture": "#0"},
				"west": {"uv": [0, 5.375, 1, 0], "rotation": 90, "texture": "#0"},
				"up": {"uv": [0, 0.5, 5.375, 0], "rotation": 90, "texture": "#0"},
				"down": {"uv": [0, 0.5, 5.375, 0], "rotation": 90, "texture": "#0"}
			}
		},
		{
			"from": [5.58579, 2.56066, 7],
			"to": [6.58579, 4.56066, 17.75],
			"rotation": {"angle": 45, "axis": "z", "origin": [6.36612, 4.23744, 10.5]},
			"faces": {
				"north": {"uv": [1, 0.5, 0, 0], "rotation": 90, "texture": "#0"},
				"east": {"uv": [1, 5.375, 0, 0], "rotation": 270, "texture": "#0"},
				"south": {"uv": [1, 0.5, 0, 0], "rotation": 270, "texture": "#0"},
				"west": {"uv": [8, 10, 6, 0], "rotation": 270, "texture": "#0"},
				"up": {"uv": [5.375, 0.5, 0, 0], "rotation": 270, "texture": "#0"},
				"down": {"uv": [5.375, 0.5, 0, 0], "rotation": 270, "texture": "#0"}
			}
		},
		{
			"from": [9.41421, 2.56066, 7],
			"to": [10.41421, 4.56066, 17.75],
			"rotation": {"angle": -45, "axis": "z", "origin": [9.63388, 4.23744, 10.5]},
			"faces": {
				"north": {"uv": [1, 0, 0, 0.5], "rotation": 90, "texture": "#0"},
				"east": {"uv": [8, 0, 6, 10], "rotation": 270, "texture": "#0"},
				"south": {"uv": [1, 0, 0, 0.5], "rotation": 270, "texture": "#0"},
				"west": {"uv": [1, 0, 0, 5.375], "rotation": 270, "texture": "#0"},
				"up": {"uv": [5.375, 0, 0, 0.5], "rotation": 270, "texture": "#0"},
				"down": {"uv": [5.375, 0, 0, 0.5], "rotation": 270, "texture": "#0"}
			}
		},
		{
			"from": [6.5, 3.5, 7.25],
			"to": [9.5, 6.4, 8.25],
			"rotation": {"angle": 0, "axis": "y", "origin": [16, 11.5, 15.25]},
			"faces": {
				"north": {"uv": [0, 5.5, 1.5, 6.95], "texture": "#0"},
				"east": {"uv": [0, 0, 0.5, 1.45], "texture": "#0"},
				"south": {"uv": [0, 0, 1.5, 1.45], "texture": "#0"},
				"west": {"uv": [0, 0, 0.5, 1.45], "texture": "#0"},
				"up": {"uv": [0, 0, 1.5, 0.5], "texture": "#0"},
				"down": {"uv": [0, 0, 1.5, 0.5], "texture": "#0"}
			}
		},
		{
			"from": [6.5, 3.5, 16.5],
			"to": [9.5, 6.4, 17.5],
			"rotation": {"angle": 0, "axis": "y", "origin": [16, 11.5, 24.5]},
			"faces": {
				"north": {"uv": [0, 0, 1.5, 1.45], "texture": "#0"},
				"east": {"uv": [0, 0, 0.5, 1.45], "texture": "#0"},
				"south": {"uv": [0, 7, 1.5, 8.45], "texture": "#0"},
				"west": {"uv": [0, 0, 0.5, 1.45], "texture": "#0"},
				"up": {"uv": [0, 0, 1.5, 0.5], "texture": "#0"},
				"down": {"uv": [0, 0, 1.5, 0.5], "texture": "#0"}
			}
		},
		{
			"from": [7.5, 4.4, 17],
			"to": [8.5, 5.4, 18.25],
			"rotation": {"angle": 0, "axis": "x", "origin": [8, 4.9, 18]},
			"faces": {
				"north": {"uv": [0, 0, 0.5, 0.5], "texture": "#0"},
				"east": {"uv": [1, 0, 1.625, 0.5], "texture": "#0"},
				"south": {"uv": [1, 0, 1.5, 0.5], "texture": "#0"},
				"west": {"uv": [1, 0, 1.875, 0.5], "texture": "#0"},
				"up": {"uv": [1, 0, 1.5, 0.875], "texture": "#0"},
				"down": {"uv": [1, 0, 1.5, 0.625], "texture": "#0"}
			}
		},
		{
			"from": [7.5, 8.67392, 15.95095],
			"to": [8.5, 9.67392, 17.20095],
			"rotation": {"angle": 0, "axis": "x", "origin": [8, 9.17392, 16.95095]},
			"faces": {
				"north": {"uv": [0, 0, 0.5, 0.5], "texture": "#0"},
				"east": {"uv": [1, 0, 1.625, 0.5], "texture": "#0"},
				"south": {"uv": [1, 0, 1.5, 0.5], "texture": "#0"},
				"west": {"uv": [1, 0, 1.875, 0.5], "texture": "#0"},
				"up": {"uv": [1, 0, 1.5, 0.875], "texture": "#0"},
				"down": {"uv": [1, 0, 1.5, 0.625], "texture": "#0"}
			}
		},
		{
			"from": [7.5, 4.87227, 17.64017],
			"to": [8.5, 5.87227, 19.39017],
			"rotation": {"angle": -45, "axis": "x", "origin": [8, 5.37227, 18.51517]},
			"faces": {
				"north": {"uv": [0, 0, 0.5, 0.5], "texture": "#0"},
				"east": {"uv": [1, 0, 1.625, 0.5], "texture": "#0"},
				"south": {"uv": [1, 0, 1.5, 0.5], "texture": "#0"},
				"west": {"uv": [1, 0, 1.875, 0.5], "texture": "#0"},
				"up": {"uv": [1, 0, 1.5, 0.875], "texture": "#0"},
				"down": {"uv": [1, 0, 1.5, 0.625], "texture": "#0"}
			}
		},
		{
			"from": [7.5, 6.99573, 17.99046],
			"to": [8.5, 8.74573, 18.99046],
			"rotation": {"angle": -22.5, "axis": "x", "origin": [8, 8.44081, 18.25433]},
			"faces": {
				"north": {"uv": [0, 0, 0.5, 0.875], "rotation": 180, "texture": "#0"},
				"east": {"uv": [1, 0, 1.625, 0.5], "rotation": 90, "texture": "#0"},
				"south": {"uv": [1, 0, 1.5, 0.5], "texture": "#0"},
				"west": {"uv": [1, 0, 1.875, 0.5], "rotation": 270, "texture": "#0"},
				"up": {"uv": [1, 0, 1.5, 0.875], "texture": "#0"},
				"down": {"uv": [1, 0, 1.5, 0.625], "rotation": 180, "texture": "#0"}
			}
		},
		{
			"from": [7.5, 5.63744, 18.48744],
			"to": [8.5, 7.38744, 19.48744],
			"rotation": {"angle": 0, "axis": "x", "origin": [8, 6.51244, 18.98744]},
			"faces": {
				"north": {"uv": [0, 0, 0.5, 0.875], "rotation": 180, "texture": "#0"},
				"east": {"uv": [1, 0, 1.625, 0.5], "rotation": 90, "texture": "#0"},
				"south": {"uv": [1, 0, 1.5, 0.5], "texture": "#0"},
				"west": {"uv": [1, 0, 1.875, 0.5], "rotation": 270, "texture": "#0"},
				"up": {"uv": [1, 0, 1.5, 0.875], "texture": "#0"},
				"down": {"uv": [1, 0, 1.5, 0.625], "rotation": 180, "texture": "#0"}
			}
		},
		{
			"from": [7.5, 8.17695, 16.80924],
			"to": [8.5, 9.17695, 18.55924],
			"rotation": {"angle": 22.5, "axis": "x", "origin": [8, 8.44081, 18.25433]},
			"faces": {
				"north": {"uv": [0, 0, 0.5, 0.5], "rotation": 180, "texture": "#0"},
				"east": {"uv": [1, 0, 1.625, 0.5], "rotation": 180, "texture": "#0"},
				"south": {"uv": [1, 0, 1.5, 0.5], "rotation": 180, "texture": "#0"},
				"west": {"uv": [1, 0, 1.875, 0.5], "rotation": 180, "texture": "#0"},
				"up": {"uv": [1, 0, 1.5, 0.875], "texture": "#0"},
				"down": {"uv": [1, 0, 1.5, 0.625], "texture": "#0"}
			}
		}
	],
	"display": {
		"thirdperson_righthand": {
			"rotation": [76, 0, 0],
			"translation": [0, 1, -4],
			"scale": [1.5, 1.5, 1.5]
		},
		"thirdperson_lefthand": {
			"rotation": [76, 0, 0],
			"translation": [0, 1, -4],
			"scale": [1.5, 1.5, 1.5]
		},
		"firstperson_righthand": {
			"rotation": [14, 7, 0],
			"translation": [-2.5, -9.75, 0],
			"scale": [2, 2, 2]
		},
		"firstperson_lefthand": {
			"rotation": [14, 7, 0],
			"translation": [-2.5, -9.75, 0],
			"scale": [2, 2, 2]
		},
		"ground": {
			"translation": [0, 3, 0]
		},
		"gui": {
			"rotation": [90, -45, 90],
			"translation": [-0.75, 0, 0],
			"scale": [0.8, 0.8, 0.8]
		},
		"head": {
			"rotation": [0, 0, -180],
			"translation": [0, 17.25, -7.5],
			"scale": [4, 4, 4]
		},
		"fixed": {
			"rotation": [90, 45, -90],
			"translation": [0.25, 0, 0]
		}
	}
}