{
	"credit": "Made with Blockbench",
	"ambientocclusion": false,
	"texture_size": [16, 16],
	"textures": {
		"0": "expansion:tools/jetpack_controller",
		"particle": "expansion:tools/jetpack_controller"
	},
	"elements": [
		{
			"from": [2, 0, 7],
			"to": [3, 3, 8],
			"rotation": {"angle": 0, "axis": "y", "origin": [10, 8, 15]},
			"faces": {
				"north": {"uv": [1, 0, 2, 3], "texture": "#0"},
				"east": {"uv": [1, 0, 2, 3], "texture": "#0"},
				"south": {"uv": [1, 0, 2, 3], "texture": "#0"},
				"west": {"uv": [1, 0, 2, 3], "texture": "#0"},
				"up": {"uv": [0, 0, 1, 1], "texture": "#0"},
				"down": {"uv": [1, 0, 2, 1], "texture": "#0"}
			}
		},
		{
			"from": [13, 0, 7],
			"to": [14, 3, 8],
			"rotation": {"angle": 0, "axis": "y", "origin": [21, 8, 15]},
			"faces": {
				"north": {"uv": [1, 0, 2, 3], "texture": "#0"},
				"east": {"uv": [1, 0, 2, 3], "texture": "#0"},
				"south": {"uv": [1, 0, 2, 3], "texture": "#0"},
				"west": {"uv": [1, 0, 2, 3], "texture": "#0"},
				"up": {"uv": [0, 0, 1, 1], "texture": "#0"},
				"down": {"uv": [1, 0, 2, 1], "texture": "#0"}
			}
		},
		{
			"from": [1.8125, 3, 6.8125],
			"to": [3.1875, 3.75, 8.1875],
			"rotation": {"angle": 0, "axis": "y", "origin": [10, 11, 15]},
			"faces": {
				"north": {"uv": [2, 0, 3.375, 0.75], "texture": "#0"},
				"east": {"uv": [2, 0, 3.375, 0.75], "texture": "#0"},
				"south": {"uv": [2, 0, 3.375, 0.75], "texture": "#0"},
				"west": {"uv": [2, 0, 3.375, 0.75], "texture": "#0"},
				"up": {"uv": [3, 0, 4.375, 1.375], "texture": "#0"},
				"down": {"uv": [3, 0, 4.375, 1.375], "texture": "#0"}
			}
		},
		{
			"from": [12.8125, 3, 6.8125],
			"to": [14.1875, 3.75, 8.1875],
			"rotation": {"angle": 0, "axis": "y", "origin": [21, 11, 15]},
			"faces": {
				"north": {"uv": [2, 0, 3.375, 0.75], "texture": "#0"},
				"east": {"uv": [2, 0, 3.375, 0.75], "texture": "#0"},
				"south": {"uv": [2, 0, 3.375, 0.75], "texture": "#0"},
				"west": {"uv": [2, 0, 3.375, 0.75], "texture": "#0"},
				"up": {"uv": [3, 0, 4.375, 1.375], "texture": "#0"},
				"down": {"uv": [3, 0, 4.375, 1.375], "texture": "#0"}
			}
		},
		{
			"from": [2.125, 3, 7.125],
			"to": [2.875, 4, 7.875],
			"rotation": {"angle": 0, "axis": "y", "origin": [10, 11, 15]},
			"faces": {
				"north": {"uv": [0, 0, 0.75, 1], "texture": "#0"},
				"east": {"uv": [0, 0, 0.75, 1], "texture": "#0"},
				"south": {"uv": [0, 0, 0.75, 1], "texture": "#0"},
				"west": {"uv": [0, 0, 0.75, 1], "texture": "#0"},
				"up": {"uv": [0, 0, 0.75, 0.75], "texture": "#0"},
				"down": {"uv": [0, 0, 0.75, 0.75], "texture": "#0"}
			}
		},
		{
			"from": [13.125, 3, 7.125],
			"to": [13.875, 4, 7.875],
			"rotation": {"angle": 0, "axis": "y", "origin": [21, 11, 15]},
			"faces": {
				"north": {"uv": [0, 0, 0.75, 1], "texture": "#0"},
				"east": {"uv": [0, 0, 0.75, 1], "texture": "#0"},
				"south": {"uv": [0, 0, 0.75, 1], "texture": "#0"},
				"west": {"uv": [0, 0, 0.75, 1], "texture": "#0"},
				"up": {"uv": [0, 0, 0.75, 0.75], "texture": "#0"},
				"down": {"uv": [0, 0, 0.75, 0.75], "texture": "#0"}
			}
		}
	],
	"display": {
		"thirdperson_righthand": {
			"translation": [-6, 5.5, 2]
		},
		"thirdperson_lefthand": {
			"translation": [-6, 5.5, 2]
		},
		"firstperson_righthand": {
			"translation": [-8.5, 10.5, 0],
			"scale": [1.71, 1.71, 1.71]
		},
		"firstperson_lefthand": {
			"translation": [-8.5, 10.5, 0],
			"scale": [1.71, 1.71, 1.71]
		},
		"ground": {
			"translation": [0, 3.25, 0]
		},
		"gui": {
			"translation": [0, 6, 0]
		},
		"fixed": {
			"rotation": [0, 0, 44],
			"translation": [-4.25, 4, 0]
		}
	}
}