{
	"credit": "Made with Blockbench",
	"textures": {
		"0": "expansion:tools/wrench",
		"particle": "expansion:tools/wrench"
	},
	"elements": [
		{
			"from": [0, 7, 2],
			"to": [1, 8, 4],
			"rotation": {"angle": 0, "axis": "y", "origin": [8, 8, 10]},
			"faces": {
				"north": {"uv": [0, 0, 1, 1], "texture": "#0"},
				"east": {"uv": [0, 0, 2, 1], "texture": "#0"},
				"south": {"uv": [0, 0, 1, 1], "texture": "#0"},
				"west": {"uv": [0, 0, 2, 1], "texture": "#0"},
				"up": {"uv": [0, 0, 1, 2], "texture": "#0"},
				"down": {"uv": [0, 0, 1, 2], "texture": "#0"}
			}
		},
		{
			"from": [15, 7, 12],
			"to": [16, 8, 14],
			"rotation": {"angle": 0, "axis": "y", "origin": [13, 0.5, 13.25]},
			"faces": {
				"north": {"uv": [0, 0, 1, 1], "texture": "#0"},
				"east": {"uv": [0, 0, 2, 1], "texture": "#0"},
				"south": {"uv": [0, 0, 1, 1], "texture": "#0"},
				"west": {"uv": [0, 0, 2, 1], "texture": "#0"},
				"up": {"uv": [0, 0, 1, 2], "rotation": 180, "texture": "#0"},
				"down": {"uv": [0, 0, 1, 2], "rotation": 180, "texture": "#0"}
			}
		},
		{
			"from": [3, 7, 1],
			"to": [5, 8, 4],
			"rotation": {"angle": 0, "axis": "y", "origin": [11, 8, 9]},
			"faces": {
				"north": {"uv": [0, 0, 2, 1], "texture": "#0"},
				"east": {"uv": [0, 0, 3, 1], "texture": "#0"},
				"south": {"uv": [0, 0, 2, 1], "texture": "#0"},
				"west": {"uv": [0, 0, 3, 1], "texture": "#0"},
				"up": {"uv": [0, 0, 2, 3], "texture": "#0"},
				"down": {"uv": [5, 0, 7, 3], "texture": "#0"}
			}
		},
		{
			"from": [11, 7, 12],
			"to": [13, 8, 15],
			"rotation": {"angle": 0, "axis": "y", "origin": [13, 0.5, 13.25]},
			"faces": {
				"north": {"uv": [0, 0, 2, 1], "texture": "#0"},
				"east": {"uv": [0, 0, 3, 1], "texture": "#0"},
				"south": {"uv": [0, 0, 2, 1], "texture": "#0"},
				"west": {"uv": [0, 0, 3, 1], "texture": "#0"},
				"up": {"uv": [0, 0, 2, 3], "rotation": 180, "texture": "#0"},
				"down": {"uv": [5, 0, 7, 3], "rotation": 180, "texture": "#0"}
			}
		},
		{
			"from": [2, 7, 0],
			"to": [4, 8, 1],
			"rotation": {"angle": 0, "axis": "y", "origin": [10, 8, 8]},
			"faces": {
				"north": {"uv": [0, 0, 2, 1], "texture": "#0"},
				"east": {"uv": [0, 0, 1, 1], "texture": "#0"},
				"south": {"uv": [0, 0, 2, 1], "texture": "#0"},
				"west": {"uv": [0, 0, 1, 1], "texture": "#0"},
				"up": {"uv": [0, 0, 2, 1], "texture": "#0"},
				"down": {"uv": [0, 0, 2, 1], "texture": "#0"}
			}
		},
		{
			"from": [12, 7, 15],
			"to": [14, 8, 16],
			"rotation": {"angle": 0, "axis": "y", "origin": [13, 0.5, 13.25]},
			"faces": {
				"north": {"uv": [0, 0, 2, 1], "texture": "#0"},
				"east": {"uv": [0, 0, 1, 1], "texture": "#0"},
				"south": {"uv": [0, 0, 2, 1], "texture": "#0"},
				"west": {"uv": [0, 0, 1, 1], "texture": "#0"},
				"up": {"uv": [0, 0, 2, 1], "rotation": 180, "texture": "#0"},
				"down": {"uv": [0, 0, 2, 1], "rotation": 180, "texture": "#0"}
			}
		},
		{
			"from": [1, 7, 3],
			"to": [3, 8, 4],
			"rotation": {"angle": 0, "axis": "y", "origin": [9, 8, 11]},
			"faces": {
				"north": {"uv": [0, 0, 2, 1], "texture": "#0"},
				"east": {"uv": [0, 0, 1, 1], "texture": "#0"},
				"south": {"uv": [0, 0, 2, 1], "texture": "#0"},
				"west": {"uv": [0, 0, 1, 1], "texture": "#0"},
				"up": {"uv": [0, 0, 2, 1], "texture": "#0"},
				"down": {"uv": [0, 0, 2, 1], "texture": "#0"}
			}
		},
		{
			"from": [13, 7, 12],
			"to": [15, 8, 13],
			"rotation": {"angle": 0, "axis": "y", "origin": [13, 0.5, 13.25]},
			"faces": {
				"north": {"uv": [0, 0, 2, 1], "texture": "#0"},
				"east": {"uv": [0, 0, 1, 1], "texture": "#0"},
				"south": {"uv": [0, 0, 2, 1], "texture": "#0"},
				"west": {"uv": [0, 0, 1, 1], "texture": "#0"},
				"up": {"uv": [0, 0, 2, 1], "rotation": 180, "texture": "#0"},
				"down": {"uv": [0, 0, 2, 1], "rotation": 180, "texture": "#0"}
			}
		},
		{
			"from": [1, 7, 4],
			"to": [6, 8, 5],
			"rotation": {"angle": 0, "axis": "y", "origin": [9, 8, 12]},
			"faces": {
				"north": {"uv": [0, 15, 5, 16], "texture": "#0"},
				"east": {"uv": [0, 15, 1, 16], "texture": "#0"},
				"south": {"uv": [0, 13, 5, 14], "texture": "#0"},
				"west": {"uv": [0, 12, 1, 13], "texture": "#0"},
				"up": {"uv": [0, 14, 5, 15], "texture": "#0"},
				"down": {"uv": [0, 14, 5, 15], "texture": "#0"}
			}
		},
		{
			"from": [10, 7, 11],
			"to": [15, 8, 12],
			"rotation": {"angle": 0, "axis": "y", "origin": [13, 0.5, 13.25]},
			"faces": {
				"north": {"uv": [0, 13, 5, 14], "texture": "#0"},
				"east": {"uv": [0, 12, 1, 13], "texture": "#0"},
				"south": {"uv": [0, 15, 3, 16], "texture": "#0"},
				"west": {"uv": [0, 15, 1, 16], "texture": "#0"},
				"up": {"uv": [0, 14, 5, 15], "rotation": 180, "texture": "#0"},
				"down": {"uv": [0, 14, 5, 15], "rotation": 180, "texture": "#0"}
			}
		},
		{
			"from": [4, 7, 5],
			"to": [7, 8, 6],
			"rotation": {"angle": 0, "axis": "y", "origin": [12, 8, 13]},
			"faces": {
				"north": {"uv": [0, 15, 5, 16], "texture": "#0"},
				"east": {"uv": [0, 15, 1, 16], "texture": "#0"},
				"south": {"uv": [0, 15, 3, 16], "texture": "#0"},
				"west": {"uv": [0, 15, 1, 16], "texture": "#0"},
				"up": {"uv": [0, 15, 5, 16], "texture": "#0"},
				"down": {"uv": [0, 15, 5, 16], "texture": "#0"}
			}
		},
		{
			"from": [5, 7, 6],
			"to": [8, 8, 7],
			"rotation": {"angle": 0, "axis": "y", "origin": [13, 8, 14]},
			"faces": {
				"north": {"uv": [0, 15, 5, 16], "texture": "#0"},
				"east": {"uv": [0, 15, 1, 16], "texture": "#0"},
				"south": {"uv": [0, 15, 3, 16], "texture": "#0"},
				"west": {"uv": [0, 15, 1, 16], "texture": "#0"},
				"up": {"uv": [0, 15, 5, 16], "texture": "#0"},
				"down": {"uv": [0, 15, 5, 16], "texture": "#0"}
			}
		},
		{
			"from": [6, 7, 7],
			"to": [9, 8, 8],
			"rotation": {"angle": 0, "axis": "y", "origin": [14, 8, 15]},
			"faces": {
				"north": {"uv": [0, 15, 5, 16], "texture": "#0"},
				"east": {"uv": [0, 15, 1, 16], "texture": "#0"},
				"south": {"uv": [0, 15, 3, 16], "texture": "#0"},
				"west": {"uv": [0, 15, 1, 16], "texture": "#0"},
				"up": {"uv": [0, 15, 5, 16], "texture": "#0"},
				"down": {"uv": [0, 15, 5, 16], "texture": "#0"}
			}
		},
		{
			"from": [7, 7, 8],
			"to": [10, 8, 9],
			"rotation": {"angle": 0, "axis": "y", "origin": [15, 8, 16]},
			"faces": {
				"north": {"uv": [0, 15, 5, 16], "texture": "#0"},
				"east": {"uv": [0, 15, 1, 16], "texture": "#0"},
				"south": {"uv": [0, 15, 3, 16], "texture": "#0"},
				"west": {"uv": [0, 15, 1, 16], "texture": "#0"},
				"up": {"uv": [0, 15, 5, 16], "texture": "#0"},
				"down": {"uv": [0, 15, 5, 16], "texture": "#0"}
			}
		},
		{
			"from": [8, 7, 9],
			"to": [11, 8, 10],
			"rotation": {"angle": 0, "axis": "y", "origin": [16, 8, 17]},
			"faces": {
				"north": {"uv": [0, 15, 5, 16], "texture": "#0"},
				"east": {"uv": [0, 15, 1, 16], "texture": "#0"},
				"south": {"uv": [0, 15, 3, 16], "texture": "#0"},
				"west": {"uv": [0, 15, 1, 16], "texture": "#0"},
				"up": {"uv": [0, 15, 5, 16], "texture": "#0"},
				"down": {"uv": [0, 15, 5, 16], "texture": "#0"}
			}
		},
		{
			"from": [9, 7, 10],
			"to": [12, 8, 11],
			"rotation": {"angle": 0, "axis": "y", "origin": [17, 8, 18]},
			"faces": {
				"north": {"uv": [0, 15, 5, 16], "texture": "#0"},
				"east": {"uv": [0, 15, 1, 16], "texture": "#0"},
				"south": {"uv": [0, 15, 3, 16], "texture": "#0"},
				"west": {"uv": [0, 15, 1, 16], "texture": "#0"},
				"up": {"uv": [0, 15, 5, 16], "texture": "#0"},
				"down": {"uv": [0, 15, 5, 16], "texture": "#0"}
			}
		}
	],
	"display": {
		"thirdperson_righthand": {
			"rotation": [90, -45, 0],
			"translation": [0, -2, 1.75]
		},
		"thirdperson_lefthand": {
			"rotation": [90, 45, 0],
			"translation": [0, -2, 1.75]
		},
		"firstperson_righthand": {
			"rotation": [45, -45, 0]
		},
		"firstperson_lefthand": {
			"rotation": [45, 45, 0]
		},
		"ground": {
			"rotation": [90, 0, 0],
			"translation": [0, 4, 0],
			"scale": [0.6, 0.6, 0.6]
		},
		"gui": {
			"rotation": [-90, 0, 0]
		},
		"fixed": {
			"rotation": [90, 0, 0]
		}
	}
}