{
	"credit": "Made with Blockbench",
	"textures": {
		"0": "expansion:items/ancient_engine",
		"particle": "expansion:items/ancient_engine"
	},
	"elements": [
		{
			"from": [7, 2, 2],
			"to": [9, 16, 3],
			"rotation": {"angle": 0, "axis": "y", "origin": [16, 8, 10]},
			"faces": {
				"north": {"uv": [0, 0, 2, 14], "texture": "#0"},
				"east": {"uv": [0, 0, 1, 14], "texture": "#0"},
				"south": {"uv": [0, 0, 2, 14], "texture": "#0"},
				"west": {"uv": [0, 0, 1, 14], "texture": "#0"},
				"up": {"uv": [0, 0, 2, 1], "texture": "#0"},
				"down": {"uv": [0, 0, 2, 1], "texture": "#0"}
			}
		},
		{
			"from": [7, 2, 13],
			"to": [9, 16, 14],
			"rotation": {"angle": 0, "axis": "y", "origin": [16, 8, 22]},
			"faces": {
				"north": {"uv": [0, 0, 2, 14], "texture": "#0"},
				"east": {"uv": [0, 0, 1, 14], "texture": "#0"},
				"south": {"uv": [0, 0, 2, 14], "texture": "#0"},
				"west": {"uv": [0, 0, 1, 14], "texture": "#0"},
				"up": {"uv": [0, 0, 2, 1], "texture": "#0"},
				"down": {"uv": [0, 0, 2, 1], "texture": "#0"}
			}
		},
		{
			"from": [2, 2, 7],
			"to": [3, 16, 9],
			"rotation": {"angle": 0, "axis": "y", "origin": [10, 8, 16]},
			"faces": {
				"north": {"uv": [0, 0, 1, 14], "texture": "#0"},
				"east": {"uv": [0, 0, 2, 14], "texture": "#0"},
				"south": {"uv": [0, 0, 1, 14], "texture": "#0"},
				"west": {"uv": [0, 0, 2, 14], "texture": "#0"},
				"up": {"uv": [0, 0, 1, 2], "texture": "#0"},
				"down": {"uv": [0, 0, 1, 2], "texture": "#0"}
			}
		},
		{
			"from": [13, 2, 7],
			"to": [14, 16, 9],
			"rotation": {"angle": 0, "axis": "y", "origin": [22, 8, 16]},
			"faces": {
				"north": {"uv": [0, 0, 1, 14], "texture": "#0"},
				"east": {"uv": [0, 0, 2, 14], "texture": "#0"},
				"south": {"uv": [0, 0, 1, 14], "texture": "#0"},
				"west": {"uv": [0, 0, 2, 14], "texture": "#0"},
				"up": {"uv": [0, 0, 1, 2], "texture": "#0"},
				"down": {"uv": [0, 0, 1, 2], "texture": "#0"}
			}
		},
		{
			"from": [6.75, 2, 2.5],
			"to": [7.75, 16, 4.5],
			"rotation": {"angle": 45, "axis": "y", "origin": [15.75, 8, 11.5]},
			"faces": {
				"north": {"uv": [0, 0, 1, 14], "texture": "#0"},
				"east": {"uv": [0, 0, 2, 14], "texture": "#0"},
				"south": {"uv": [0, 0, 1, 14], "texture": "#0"},
				"west": {"uv": [0, 0, 2, 14], "texture": "#0"},
				"up": {"uv": [0, 0, 1, 2], "texture": "#0"},
				"down": {"uv": [0, 0, 1, 2], "texture": "#0"}
			}
		},
		{
			"from": [8.25, 2, 2.5],
			"to": [9.25, 16, 4.5],
			"rotation": {"angle": -45, "axis": "y", "origin": [0.25, 8, 11.5]},
			"faces": {
				"north": {"uv": [1, 0, 2, 14], "texture": "#0"},
				"east": {"uv": [0, 0, 2, 14], "texture": "#0"},
				"south": {"uv": [1, 0, 2, 14], "texture": "#0"},
				"west": {"uv": [0, 0, 2, 14], "texture": "#0"},
				"up": {"uv": [1, 0, 2, 2], "texture": "#0"},
				"down": {"uv": [1, 0, 2, 2], "texture": "#0"}
			}
		},
		{
			"from": [9.25, 16.25, 2.75],
			"to": [9.5, 17.75, 4.25],
			"rotation": {"angle": -45, "axis": "y", "origin": [0.25, 10, 11.5]},
			"faces": {
				"north": {"uv": [4.25, 12, 4, 13.5], "texture": "#0"},
				"east": {"uv": [2, 12, 3.5, 13.5], "texture": "#0"},
				"south": {"uv": [4.25, 12, 4, 13.5], "texture": "#0"},
				"west": {"uv": [3.5, 12, 2, 13.5], "texture": "#0"},
				"up": {"uv": [4.25, 12, 4, 13.5], "texture": "#0"},
				"down": {"uv": [4.25, 13.5, 4, 12], "texture": "#0"}
			}
		},
		{
			"from": [9.25, 0.25, 2.75],
			"to": [9.5, 1.75, 4.25],
			"rotation": {"angle": -45, "axis": "y", "origin": [0.25, 8, 11.5]},
			"faces": {
				"north": {"uv": [4.25, 13.5, 4, 12], "texture": "#0"},
				"east": {"uv": [2, 13.5, 3.5, 12], "texture": "#0"},
				"south": {"uv": [4.25, 13.5, 4, 12], "texture": "#0"},
				"west": {"uv": [3.5, 13.5, 2, 12], "texture": "#0"},
				"up": {"uv": [4.25, 12, 4, 13.5], "texture": "#0"},
				"down": {"uv": [4.25, 13.5, 4, 12], "texture": "#0"}
			}
		},
		{
			"from": [6.5, 16.25, 2.75],
			"to": [6.75, 17.75, 4.25],
			"rotation": {"angle": 45, "axis": "y", "origin": [15.75, 10, 11.5]},
			"faces": {
				"north": {"uv": [4.25, 12, 4, 13.5], "texture": "#0"},
				"east": {"uv": [3.5, 0, 2, 1.5], "texture": "#0"},
				"south": {"uv": [4.25, 12, 4, 13.5], "texture": "#0"},
				"west": {"uv": [3.5, 12, 2, 13.5], "texture": "#0"},
				"up": {"uv": [4.25, 12, 4, 13.5], "texture": "#0"},
				"down": {"uv": [4.25, 13.5, 4, 12], "texture": "#0"}
			}
		},
		{
			"from": [6.5, 0.25, 2.75],
			"to": [6.75, 1.75, 4.25],
			"rotation": {"angle": 45, "axis": "y", "origin": [15.75, 8, 11.5]},
			"faces": {
				"north": {"uv": [4.25, 13.5, 4, 12], "texture": "#0"},
				"east": {"uv": [3.5, 1.5, 2, 0], "texture": "#0"},
				"south": {"uv": [4.25, 13.5, 4, 12], "texture": "#0"},
				"west": {"uv": [3.5, 13.5, 2, 12], "texture": "#0"},
				"up": {"uv": [4.25, 12, 4, 13.5], "texture": "#0"},
				"down": {"uv": [4.25, 13.5, 4, 12], "texture": "#0"}
			}
		},
		{
			"from": [6.5, 16.25, 11.75],
			"to": [6.75, 17.75, 13.25],
			"rotation": {"angle": -45, "axis": "y", "origin": [15.75, 10, 4.5]},
			"faces": {
				"north": {"uv": [4.25, 12, 4, 13.5], "texture": "#0"},
				"east": {"uv": [2, 0, 3.5, 1.5], "texture": "#0"},
				"south": {"uv": [4.25, 12, 4, 13.5], "texture": "#0"},
				"west": {"uv": [3.5, 12, 2, 13.5], "texture": "#0"},
				"up": {"uv": [4.25, 12, 4, 13.5], "texture": "#0"},
				"down": {"uv": [4.25, 13.5, 4, 12], "texture": "#0"}
			}
		},
		{
			"from": [6.5, 0.25, 11.75],
			"to": [6.75, 1.75, 13.25],
			"rotation": {"angle": -45, "axis": "y", "origin": [15.75, 8, 4.5]},
			"faces": {
				"north": {"uv": [4.25, 13.5, 4, 12], "texture": "#0"},
				"east": {"uv": [2, 1.5, 3.5, 0], "texture": "#0"},
				"south": {"uv": [4.25, 13.5, 4, 12], "texture": "#0"},
				"west": {"uv": [3.5, 13.5, 2, 12], "texture": "#0"},
				"up": {"uv": [4.25, 12, 4, 13.5], "texture": "#0"},
				"down": {"uv": [4.25, 13.5, 4, 12], "texture": "#0"}
			}
		},
		{
			"from": [7.25, 16.25, 1.75],
			"to": [8.75, 17.75, 2],
			"rotation": {"angle": 0, "axis": "y", "origin": [8.2408, 17, 2.4545]},
			"faces": {
				"north": {"uv": [3.5, 12, 2, 13.5], "texture": "#0"},
				"east": {"uv": [4.25, 12, 4, 13.5], "texture": "#0"},
				"south": {"uv": [2, 0, 3.5, 1.5], "texture": "#0"},
				"west": {"uv": [4.25, 12, 4, 13.5], "texture": "#0"},
				"up": {"uv": [4.25, 12, 4, 13.5], "rotation": 90, "texture": "#0"},
				"down": {"uv": [4.25, 13.5, 4, 12], "rotation": 270, "texture": "#0"}
			}
		},
		{
			"from": [7.25, 0.25, 1.75],
			"to": [8.75, 1.75, 2],
			"rotation": {"angle": 0, "axis": "y", "origin": [8.2408, 1, 2.4545]},
			"faces": {
				"north": {"uv": [3.5, 13.5, 2, 12], "texture": "#0"},
				"east": {"uv": [4.25, 13.5, 4, 12], "texture": "#0"},
				"south": {"uv": [2, 1.5, 3.5, 0], "texture": "#0"},
				"west": {"uv": [4.25, 13.5, 4, 12], "texture": "#0"},
				"up": {"uv": [4, 13.5, 4.25, 12], "rotation": 270, "texture": "#0"},
				"down": {"uv": [4, 12, 4.25, 13.5], "rotation": 90, "texture": "#0"}
			}
		},
		{
			"from": [7.25, 16.25, 14],
			"to": [8.75, 17.75, 14.25],
			"rotation": {"angle": 0, "axis": "y", "origin": [8.2408, 17, 13.5455]},
			"faces": {
				"north": {"uv": [3.5, 0, 2, 1.5], "texture": "#0"},
				"east": {"uv": [4, 12, 4.25, 13.5], "texture": "#0"},
				"south": {"uv": [2, 12, 3.5, 13.5], "texture": "#0"},
				"west": {"uv": [4, 12, 4.25, 13.5], "texture": "#0"},
				"up": {"uv": [4, 12, 4.25, 13.5], "rotation": 90, "texture": "#0"},
				"down": {"uv": [4, 13.5, 4.25, 12], "rotation": 270, "texture": "#0"}
			}
		},
		{
			"from": [7.25, 0.25, 14],
			"to": [8.75, 1.75, 14.25],
			"rotation": {"angle": 0, "axis": "y", "origin": [8.2408, 1, 13.5455]},
			"faces": {
				"north": {"uv": [3.5, 1.5, 2, 0], "texture": "#0"},
				"east": {"uv": [4, 13.5, 4.25, 12], "texture": "#0"},
				"south": {"uv": [2, 13.5, 3.5, 12], "texture": "#0"},
				"west": {"uv": [4, 13.5, 4.25, 12], "texture": "#0"},
				"up": {"uv": [4.25, 13.5, 4, 12], "rotation": 270, "texture": "#0"},
				"down": {"uv": [4.25, 12, 4, 13.5], "rotation": 90, "texture": "#0"}
			}
		},
		{
			"from": [1.75, 16.25, 7.25],
			"to": [2, 17.75, 8.75],
			"rotation": {"angle": 0, "axis": "y", "origin": [1.75, 17, 8.375]},
			"faces": {
				"north": {"uv": [4, 12, 4.25, 13.5], "texture": "#0"},
				"east": {"uv": [3.5, 0, 2, 1.5], "texture": "#0"},
				"south": {"uv": [4, 12, 4.25, 13.5], "texture": "#0"},
				"west": {"uv": [2, 12, 3.5, 13.5], "texture": "#0"},
				"up": {"uv": [4, 12, 4.25, 13.5], "rotation": 180, "texture": "#0"},
				"down": {"uv": [4, 13.5, 4.25, 12], "rotation": 180, "texture": "#0"}
			}
		},
		{
			"from": [1.75, 0.25, 7.25],
			"to": [2, 1.75, 8.75],
			"rotation": {"angle": 0, "axis": "y", "origin": [1.75, 1, 8.375]},
			"faces": {
				"north": {"uv": [4, 13.5, 4.25, 12], "texture": "#0"},
				"east": {"uv": [3.5, 1.5, 2, 0], "texture": "#0"},
				"south": {"uv": [4, 13.5, 4.25, 12], "texture": "#0"},
				"west": {"uv": [2, 13.5, 3.5, 12], "texture": "#0"},
				"up": {"uv": [4, 12, 4.25, 13.5], "rotation": 180, "texture": "#0"},
				"down": {"uv": [4, 13.5, 4.25, 12], "rotation": 180, "texture": "#0"}
			}
		},
		{
			"from": [14, 16.25, 7.25],
			"to": [14.25, 17.75, 8.75],
			"rotation": {"angle": 0, "axis": "y", "origin": [14.25, 17, 8.375]},
			"faces": {
				"north": {"uv": [4.25, 12, 4, 13.5], "texture": "#0"},
				"east": {"uv": [3.5, 12, 2, 13.5], "texture": "#0"},
				"south": {"uv": [4.25, 12, 4, 13.5], "texture": "#0"},
				"west": {"uv": [2, 0, 3.5, 1.5], "texture": "#0"},
				"up": {"uv": [4.25, 12, 4, 13.5], "rotation": 180, "texture": "#0"},
				"down": {"uv": [4.25, 13.5, 4, 12], "rotation": 180, "texture": "#0"}
			}
		},
		{
			"from": [14, 0.25, 7.25],
			"to": [14.25, 1.75, 8.75],
			"rotation": {"angle": 0, "axis": "y", "origin": [14.25, 1, 8.375]},
			"faces": {
				"north": {"uv": [4.25, 13.5, 4, 12], "texture": "#0"},
				"east": {"uv": [3.5, 13.5, 2, 12], "texture": "#0"},
				"south": {"uv": [4.25, 13.5, 4, 12], "texture": "#0"},
				"west": {"uv": [2, 1.5, 3.5, 0], "texture": "#0"},
				"up": {"uv": [4.25, 12, 4, 13.5], "rotation": 180, "texture": "#0"},
				"down": {"uv": [4.25, 13.5, 4, 12], "rotation": 180, "texture": "#0"}
			}
		},
		{
			"from": [9.25, 16.25, 11.75],
			"to": [9.5, 17.75, 13.25],
			"rotation": {"angle": 45, "axis": "y", "origin": [0.25, 10, 4.5]},
			"faces": {
				"north": {"uv": [4.25, 12, 4, 13.5], "texture": "#0"},
				"east": {"uv": [3.5, 12, 2, 13.5], "texture": "#0"},
				"south": {"uv": [4.25, 12, 4, 13.5], "texture": "#0"},
				"west": {"uv": [3.5, 12, 2, 13.5], "texture": "#0"},
				"up": {"uv": [4.25, 12, 4, 13.5], "texture": "#0"},
				"down": {"uv": [4.25, 13.5, 4, 12], "texture": "#0"}
			}
		},
		{
			"from": [9.25, 0.25, 11.75],
			"to": [9.5, 1.75, 13.25],
			"rotation": {"angle": 45, "axis": "y", "origin": [0.25, 8, 4.5]},
			"faces": {
				"north": {"uv": [4.25, 13.5, 4, 12], "texture": "#0"},
				"east": {"uv": [3.5, 13.5, 2, 12], "texture": "#0"},
				"south": {"uv": [4.25, 13.5, 4, 12], "texture": "#0"},
				"west": {"uv": [3.5, 13.5, 2, 12], "texture": "#0"},
				"up": {"uv": [4.25, 12, 4, 13.5], "texture": "#0"},
				"down": {"uv": [4.25, 13.5, 4, 12], "texture": "#0"}
			}
		},
		{
			"from": [6.75, 2, 11.5],
			"to": [7.75, 16, 13.5],
			"rotation": {"angle": -45, "axis": "y", "origin": [15.75, 8, 4.5]},
			"faces": {
				"north": {"uv": [1, 0, 2, 14], "texture": "#0"},
				"east": {"uv": [0, 0, 2, 14], "texture": "#0"},
				"south": {"uv": [1, 0, 2, 14], "texture": "#0"},
				"west": {"uv": [0, 0, 2, 14], "texture": "#0"},
				"up": {"uv": [0, 2, 1, 4], "texture": "#0"},
				"down": {"uv": [0, 2, 1, 4], "texture": "#0"}
			}
		},
		{
			"from": [8.25, 2, 11.5],
			"to": [9.25, 16, 13.5],
			"rotation": {"angle": 45, "axis": "y", "origin": [0.25, 8, 4.5]},
			"faces": {
				"north": {"uv": [0, 0, 1, 14], "texture": "#0"},
				"east": {"uv": [0, 0, 2, 14], "texture": "#0"},
				"south": {"uv": [0, 0, 1, 14], "texture": "#0"},
				"west": {"uv": [0, 0, 2, 14], "texture": "#0"},
				"up": {"uv": [1, 2, 2, 4], "texture": "#0"},
				"down": {"uv": [1, 2, 2, 4], "texture": "#0"}
			}
		},
		{
			"from": [2.25, 18, 7.5],
			"to": [13.75, 19.75, 8.5],
			"rotation": {"angle": 45, "axis": "y", "origin": [8, 19, 8]},
			"faces": {
				"north": {"uv": [8, 0, 10, 12], "rotation": 90, "texture": "#0"},
				"east": {"uv": [10, 0, 11, 2], "texture": "#0"},
				"south": {"uv": [8, 0, 10, 12], "rotation": 90, "texture": "#0"},
				"west": {"uv": [10, 0, 11, 2], "texture": "#0"},
				"up": {"uv": [8, 0, 9, 12], "rotation": 90, "texture": "#0"},
				"down": {"uv": [0, 0, 1, 12], "rotation": 270, "texture": "#0"}
			}
		},
		{
			"from": [2.25, -1.75, 7.5],
			"to": [13.75, 0, 8.5],
			"rotation": {"angle": 45, "axis": "y", "origin": [8, -1, 8]},
			"faces": {
				"north": {"uv": [10, 0, 8, 12], "rotation": 90, "texture": "#0"},
				"east": {"uv": [10, 2, 11, 0], "texture": "#0"},
				"south": {"uv": [10, 0, 8, 12], "rotation": 90, "texture": "#0"},
				"west": {"uv": [10, 2, 11, 0], "texture": "#0"},
				"up": {"uv": [1, 0, 0, 12], "rotation": 270, "texture": "#0"},
				"down": {"uv": [9, 0, 8, 12], "rotation": 90, "texture": "#0"}
			}
		},
		{
			"from": [7.5, 18, 2.25],
			"to": [8.5, 19.75, 13.75],
			"rotation": {"angle": 0, "axis": "y", "origin": [8, 19, 8]},
			"faces": {
				"north": {"uv": [10, 0, 11, 2], "texture": "#0"},
				"east": {"uv": [8, 0, 10, 12], "rotation": 90, "texture": "#0"},
				"south": {"uv": [10, 0, 11, 2], "texture": "#0"},
				"west": {"uv": [8, 0, 10, 12], "rotation": 90, "texture": "#0"},
				"up": {"uv": [8, 0, 9, 12], "rotation": 180, "texture": "#0"},
				"down": {"uv": [0, 0, 1, 12], "rotation": 180, "texture": "#0"}
			}
		},
		{
			"from": [7.5, -1.75, 2.25],
			"to": [8.5, 0, 13.75],
			"rotation": {"angle": 0, "axis": "y", "origin": [8, -1, 8]},
			"faces": {
				"north": {"uv": [10, 2, 11, 0], "texture": "#0"},
				"east": {"uv": [10, 0, 8, 12], "rotation": 90, "texture": "#0"},
				"south": {"uv": [10, 2, 11, 0], "texture": "#0"},
				"west": {"uv": [10, 0, 8, 12], "rotation": 90, "texture": "#0"},
				"up": {"uv": [0, 12, 1, 0], "rotation": 180, "texture": "#0"},
				"down": {"uv": [8, 12, 9, 0], "rotation": 180, "texture": "#0"}
			}
		},
		{
			"from": [7.5, 18, 2.25],
			"to": [8.5, 19.75, 13.75],
			"rotation": {"angle": 45, "axis": "y", "origin": [8, 19, 8]},
			"faces": {
				"north": {"uv": [10, 0, 11, 2], "texture": "#0"},
				"east": {"uv": [8, 0, 10, 12], "rotation": 90, "texture": "#0"},
				"south": {"uv": [10, 0, 11, 2], "texture": "#0"},
				"west": {"uv": [8, 0, 10, 12], "rotation": 90, "texture": "#0"},
				"up": {"uv": [8, 0, 9, 12], "rotation": 180, "texture": "#0"},
				"down": {"uv": [0, 0, 1, 12], "rotation": 180, "texture": "#0"}
			}
		},
		{
			"from": [7.5, -1.75, 2.25],
			"to": [8.5, 0, 13.75],
			"rotation": {"angle": 45, "axis": "y", "origin": [8, -1, 8]},
			"faces": {
				"north": {"uv": [10, 2, 11, 0], "texture": "#0"},
				"east": {"uv": [10, 0, 8, 12], "rotation": 90, "texture": "#0"},
				"south": {"uv": [10, 2, 11, 0], "texture": "#0"},
				"west": {"uv": [10, 0, 8, 12], "rotation": 90, "texture": "#0"},
				"up": {"uv": [0, 12, 1, 0], "rotation": 180, "texture": "#0"},
				"down": {"uv": [8, 12, 9, 0], "rotation": 180, "texture": "#0"}
			}
		},
		{
			"from": [2.25, 18, 7.5],
			"to": [13.75, 19.75, 8.5],
			"rotation": {"angle": 0, "axis": "y", "origin": [8, 19, 8]},
			"faces": {
				"north": {"uv": [8, 0, 10, 12], "rotation": 90, "texture": "#0"},
				"east": {"uv": [10, 0, 11, 2], "texture": "#0"},
				"south": {"uv": [8, 0, 10, 12], "rotation": 90, "texture": "#0"},
				"west": {"uv": [10, 0, 11, 2], "texture": "#0"},
				"up": {"uv": [8, 0, 9, 12], "rotation": 90, "texture": "#0"},
				"down": {"uv": [0, 0, 1, 12], "rotation": 270, "texture": "#0"}
			}
		},
		{
			"from": [2.25, -1.75, 7.5],
			"to": [13.75, 0, 8.5],
			"rotation": {"angle": 0, "axis": "y", "origin": [8, -1, 8]},
			"faces": {
				"north": {"uv": [10, 0, 8, 12], "rotation": 90, "texture": "#0"},
				"east": {"uv": [10, 2, 11, 0], "texture": "#0"},
				"south": {"uv": [10, 0, 8, 12], "rotation": 90, "texture": "#0"},
				"west": {"uv": [10, 2, 11, 0], "texture": "#0"},
				"up": {"uv": [1, 0, 0, 12], "rotation": 270, "texture": "#0"},
				"down": {"uv": [9, 0, 8, 12], "rotation": 90, "texture": "#0"}
			}
		},
		{
			"name": "octagon",
			"from": [5.51472, 16, 2],
			"to": [10.48528, 18, 14],
			"rotation": {"angle": 45, "axis": "y", "origin": [8, 16.5, 8]},
			"faces": {
				"north": {"uv": [11, 5, 15.97, 7], "texture": "#0"},
				"east": {"uv": [4, 0, 16, 2], "texture": "#0"},
				"south": {"uv": [11, 5, 15.97, 7], "texture": "#0"},
				"west": {"uv": [4, 3, 8.97, 5], "texture": "#0"},
				"up": {"uv": [2, 0, 6.97, 12], "texture": "#0"},
				"down": {"uv": [2, 0, 6.97, 12], "texture": "#0"}
			}
		},
		{
			"name": "octagon",
			"from": [5.51472, 0, 2],
			"to": [10.48528, 2, 14],
			"rotation": {"angle": 45, "axis": "y", "origin": [8, 1.5, 8]},
			"faces": {
				"north": {"uv": [11, 7, 15.97, 5], "texture": "#0"},
				"east": {"uv": [4, 2, 16, 0], "texture": "#0"},
				"south": {"uv": [11, 7, 15.97, 5], "texture": "#0"},
				"west": {"uv": [4, 5, 8.97, 3], "texture": "#0"},
				"up": {"uv": [2, 12, 6.97, 0], "texture": "#0"},
				"down": {"uv": [2, 12, 6.97, 0], "texture": "#0"}
			}
		},
		{
			"name": "octagon",
			"from": [5.51472, 16, 2],
			"to": [10.48528, 18, 14],
			"rotation": {"angle": 0, "axis": "y", "origin": [8, 16.5, 8]},
			"faces": {
				"north": {"uv": [11, 5, 15.97, 7], "texture": "#0"},
				"east": {"uv": [4, 0, 16, 2], "texture": "#0"},
				"south": {"uv": [11, 5, 15.97, 7], "texture": "#0"},
				"west": {"uv": [4, 3, 8.97, 5], "texture": "#0"},
				"up": {"uv": [2, 0, 6.97, 12], "texture": "#0"},
				"down": {"uv": [2, 0, 6.97, 12], "texture": "#0"}
			}
		},
		{
			"name": "octagon",
			"from": [5.51472, 0, 2],
			"to": [10.48528, 2, 14],
			"rotation": {"angle": 0, "axis": "y", "origin": [8, 1.5, 8]},
			"faces": {
				"north": {"uv": [11, 7, 15.97, 5], "texture": "#0"},
				"east": {"uv": [4, 2, 16, 0], "texture": "#0"},
				"south": {"uv": [11, 7, 15.97, 5], "texture": "#0"},
				"west": {"uv": [4, 5, 8.97, 3], "texture": "#0"},
				"up": {"uv": [2, 12, 6.97, 0], "texture": "#0"},
				"down": {"uv": [2, 12, 6.97, 0], "texture": "#0"}
			}
		},
		{
			"name": "octagon",
			"from": [2, 16, 5.51472],
			"to": [14, 18, 10.48528],
			"rotation": {"angle": 45, "axis": "y", "origin": [8, 16.5, 8]},
			"faces": {
				"north": {"uv": [3, 5, 15, 7], "texture": "#0"},
				"east": {"uv": [11, 5, 15.97, 7], "texture": "#0"},
				"south": {"uv": [0, 0, 1, 1], "texture": "#0"},
				"west": {"uv": [11, 5, 15.97, 7], "texture": "#0"},
				"up": {"uv": [2, 0, 6.97, 12], "rotation": 90, "texture": "#0"},
				"down": {"uv": [2, 0, 6.97, 12], "texture": "#0"}
			}
		},
		{
			"name": "octagon",
			"from": [2, 0, 5.51472],
			"to": [14, 2, 10.48528],
			"rotation": {"angle": 45, "axis": "y", "origin": [8, 1.5, 8]},
			"faces": {
				"north": {"uv": [3, 7, 15, 5], "texture": "#0"},
				"east": {"uv": [11, 7, 15.97, 5], "texture": "#0"},
				"south": {"uv": [0, 1, 1, 0], "texture": "#0"},
				"west": {"uv": [11, 7, 15.97, 5], "texture": "#0"},
				"up": {"uv": [2, 12, 6.97, 0], "texture": "#0"},
				"down": {"uv": [6.97, 0, 2, 12], "rotation": 90, "texture": "#0"}
			}
		},
		{
			"name": "octagon",
			"from": [2, 16, 5.51472],
			"to": [14, 18, 10.48528],
			"rotation": {"angle": 0, "axis": "y", "origin": [8, 16.5, 8]},
			"faces": {
				"north": {"uv": [3, 5, 15, 7], "texture": "#0"},
				"east": {"uv": [11, 5, 15.97, 7], "texture": "#0"},
				"south": {"uv": [0, 0, 1, 1], "texture": "#0"},
				"west": {"uv": [11, 5, 15.97, 7], "texture": "#0"},
				"up": {"uv": [2, 0, 6.97, 12], "rotation": 90, "texture": "#0"},
				"down": {"uv": [2, 0, 6.97, 12], "texture": "#0"}
			}
		},
		{
			"name": "octagon",
			"from": [2, 0, 5.51472],
			"to": [14, 2, 10.48528],
			"rotation": {"angle": 0, "axis": "y", "origin": [8, 1.5, 8]},
			"faces": {
				"north": {"uv": [3, 7, 15, 5], "texture": "#0"},
				"east": {"uv": [11, 7, 15.97, 5], "texture": "#0"},
				"south": {"uv": [0, 1, 1, 0], "texture": "#0"},
				"west": {"uv": [11, 7, 15.97, 5], "texture": "#0"},
				"up": {"uv": [2, 12, 6.97, 0], "texture": "#0"},
				"down": {"uv": [6.97, 0, 2, 12], "rotation": 90, "texture": "#0"}
			}
		},
		{
			"name": "octagon",
			"from": [5.92893, 18, 3],
			"to": [10.07107, 19, 13],
			"rotation": {"angle": 45, "axis": "y", "origin": [8, 18.5, 8]},
			"faces": {
				"north": {"uv": [0, 0, 1, 1], "texture": "#0"},
				"east": {"uv": [0, 0, 1, 1], "texture": "#0"},
				"south": {"uv": [0, 0, 1, 1], "texture": "#0"},
				"west": {"uv": [0, 0, 1, 1], "texture": "#0"},
				"up": {"uv": [0, 0, 1, 1], "texture": "#0"},
				"down": {"uv": [0, 0, 1, 1], "texture": "#0"}
			}
		},
		{
			"name": "octagon",
			"from": [5.92893, -1, 3],
			"to": [10.07107, 0, 13],
			"rotation": {"angle": 45, "axis": "y", "origin": [8, -0.5, 8]},
			"faces": {
				"north": {"uv": [0, 1, 1, 0], "texture": "#0"},
				"east": {"uv": [0, 1, 1, 0], "texture": "#0"},
				"south": {"uv": [0, 1, 1, 0], "texture": "#0"},
				"west": {"uv": [0, 1, 1, 0], "texture": "#0"},
				"up": {"uv": [0, 1, 1, 0], "texture": "#0"},
				"down": {"uv": [0, 1, 1, 0], "texture": "#0"}
			}
		},
		{
			"name": "octagon",
			"from": [5.92893, 18, 3],
			"to": [10.07107, 19, 13],
			"rotation": {"angle": 0, "axis": "y", "origin": [8, 18.5, 8]},
			"faces": {
				"north": {"uv": [0, 0, 1, 1], "texture": "#0"},
				"east": {"uv": [0, 0, 1, 1], "texture": "#0"},
				"south": {"uv": [0, 0, 1, 1], "texture": "#0"},
				"west": {"uv": [0, 0, 1, 1], "texture": "#0"},
				"up": {"uv": [0, 0, 1, 1], "texture": "#0"},
				"down": {"uv": [0, 0, 1, 1], "texture": "#0"}
			}
		},
		{
			"name": "octagon",
			"from": [5.92893, -1, 3],
			"to": [10.07107, 0, 13],
			"rotation": {"angle": 0, "axis": "y", "origin": [8, -0.5, 8]},
			"faces": {
				"north": {"uv": [0, 1, 1, 0], "texture": "#0"},
				"east": {"uv": [0, 1, 1, 0], "texture": "#0"},
				"south": {"uv": [0, 1, 1, 0], "texture": "#0"},
				"west": {"uv": [0, 1, 1, 0], "texture": "#0"},
				"up": {"uv": [0, 1, 1, 0], "texture": "#0"},
				"down": {"uv": [0, 1, 1, 0], "texture": "#0"}
			}
		},
		{
			"name": "octagon",
			"from": [3, 18, 5.92893],
			"to": [13, 19, 10.07107],
			"rotation": {"angle": 45, "axis": "y", "origin": [8, 18.5, 8]},
			"faces": {
				"north": {"uv": [0, 0, 1, 1], "texture": "#0"},
				"east": {"uv": [0, 0, 1, 1], "texture": "#0"},
				"south": {"uv": [0, 0, 1, 1], "texture": "#0"},
				"west": {"uv": [0, 0, 1, 1], "texture": "#0"},
				"up": {"uv": [0, 0, 1, 1], "texture": "#0"},
				"down": {"uv": [0, 0, 1, 1], "texture": "#0"}
			}
		},
		{
			"name": "octagon",
			"from": [3, -1, 5.92893],
			"to": [13, 0, 10.07107],
			"rotation": {"angle": 45, "axis": "y", "origin": [8, -0.5, 8]},
			"faces": {
				"north": {"uv": [0, 1, 1, 0], "texture": "#0"},
				"east": {"uv": [0, 1, 1, 0], "texture": "#0"},
				"south": {"uv": [0, 1, 1, 0], "texture": "#0"},
				"west": {"uv": [0, 1, 1, 0], "texture": "#0"},
				"up": {"uv": [0, 1, 1, 0], "texture": "#0"},
				"down": {"uv": [0, 1, 1, 0], "texture": "#0"}
			}
		},
		{
			"name": "octagon",
			"from": [3, 18, 5.92893],
			"to": [13, 19, 10.07107],
			"rotation": {"angle": 0, "axis": "y", "origin": [8, 18.5, 8]},
			"faces": {
				"north": {"uv": [0, 0, 1, 1], "texture": "#0"},
				"east": {"uv": [0, 0, 1, 1], "texture": "#0"},
				"south": {"uv": [0, 0, 1, 1], "texture": "#0"},
				"west": {"uv": [0, 0, 1, 1], "texture": "#0"},
				"up": {"uv": [0, 0, 1, 1], "texture": "#0"},
				"down": {"uv": [0, 0, 1, 1], "texture": "#0"}
			}
		},
		{
			"name": "octagon",
			"from": [3, -1, 5.92893],
			"to": [13, 0, 10.07107],
			"rotation": {"angle": 0, "axis": "y", "origin": [8, -0.5, 8]},
			"faces": {
				"north": {"uv": [0, 1, 1, 0], "texture": "#0"},
				"east": {"uv": [0, 1, 1, 0], "texture": "#0"},
				"south": {"uv": [0, 1, 1, 0], "texture": "#0"},
				"west": {"uv": [0, 1, 1, 0], "texture": "#0"},
				"up": {"uv": [0, 1, 1, 0], "texture": "#0"},
				"down": {"uv": [0, 1, 1, 0], "texture": "#0"}
			}
		},
		{
			"name": "octagon",
			"from": [6.96447, 18.75, 5.5],
			"to": [9.03553, 20.25, 10.5],
			"rotation": {"angle": 45, "axis": "y", "origin": [8, 19.25, 8]},
			"faces": {
				"north": {"uv": [0, 0, 1, 1], "texture": "#0"},
				"east": {"uv": [0, 0, 1, 1], "texture": "#0"},
				"south": {"uv": [0, 0, 1, 1], "texture": "#0"},
				"west": {"uv": [0, 0, 1, 1], "texture": "#0"},
				"up": {"uv": [0, 0, 1, 1], "texture": "#0"},
				"down": {"uv": [0, 0, 1, 1], "texture": "#0"}
			}
		},
		{
			"name": "octagon",
			"from": [6.96447, -2.25, 5.5],
			"to": [9.03553, -0.75, 10.5],
			"rotation": {"angle": 45, "axis": "y", "origin": [8, -1.25, 8]},
			"faces": {
				"north": {"uv": [0, 1, 1, 0], "texture": "#0"},
				"east": {"uv": [0, 1, 1, 0], "texture": "#0"},
				"south": {"uv": [0, 1, 1, 0], "texture": "#0"},
				"west": {"uv": [0, 1, 1, 0], "texture": "#0"},
				"up": {"uv": [0, 1, 1, 0], "texture": "#0"},
				"down": {"uv": [0, 1, 1, 0], "texture": "#0"}
			}
		},
		{
			"name": "octagon",
			"from": [6.96447, 18.75, 5.5],
			"to": [9.03553, 20.25, 10.5],
			"rotation": {"angle": 0, "axis": "y", "origin": [8, 19.25, 8]},
			"faces": {
				"north": {"uv": [0, 0, 1, 1], "texture": "#0"},
				"east": {"uv": [0, 0, 1, 1], "texture": "#0"},
				"south": {"uv": [0, 0, 1, 1], "texture": "#0"},
				"west": {"uv": [0, 0, 1, 1], "texture": "#0"},
				"up": {"uv": [0, 0, 1, 1], "texture": "#0"},
				"down": {"uv": [0, 0, 1, 1], "texture": "#0"}
			}
		},
		{
			"name": "octagon",
			"from": [6.96447, -2.25, 5.5],
			"to": [9.03553, -0.75, 10.5],
			"rotation": {"angle": 0, "axis": "y", "origin": [8, -1.25, 8]},
			"faces": {
				"north": {"uv": [0, 1, 1, 0], "texture": "#0"},
				"east": {"uv": [0, 1, 1, 0], "texture": "#0"},
				"south": {"uv": [0, 1, 1, 0], "texture": "#0"},
				"west": {"uv": [0, 1, 1, 0], "texture": "#0"},
				"up": {"uv": [0, 1, 1, 0], "texture": "#0"},
				"down": {"uv": [0, 1, 1, 0], "texture": "#0"}
			}
		},
		{
			"name": "octagon",
			"from": [5.5, 18.75, 6.96447],
			"to": [10.5, 20.25, 9.03553],
			"rotation": {"angle": 45, "axis": "y", "origin": [8, 19.25, 8]},
			"faces": {
				"north": {"uv": [0, 0, 1, 1], "texture": "#0"},
				"east": {"uv": [0, 0, 1, 1], "texture": "#0"},
				"south": {"uv": [0, 0, 1, 1], "texture": "#0"},
				"west": {"uv": [0, 0, 1, 1], "texture": "#0"},
				"up": {"uv": [0, 0, 1, 1], "texture": "#0"},
				"down": {"uv": [0, 0, 1, 1], "texture": "#0"}
			}
		},
		{
			"name": "octagon",
			"from": [5.5, -2.25, 6.96447],
			"to": [10.5, -0.75, 9.03553],
			"rotation": {"angle": 45, "axis": "y", "origin": [8, -1.25, 8]},
			"faces": {
				"north": {"uv": [0, 1, 1, 0], "texture": "#0"},
				"east": {"uv": [0, 1, 1, 0], "texture": "#0"},
				"south": {"uv": [0, 1, 1, 0], "texture": "#0"},
				"west": {"uv": [0, 1, 1, 0], "texture": "#0"},
				"up": {"uv": [0, 1, 1, 0], "texture": "#0"},
				"down": {"uv": [0, 1, 1, 0], "texture": "#0"}
			}
		},
		{
			"name": "octagon",
			"from": [5.5, 18.75, 6.96447],
			"to": [10.5, 20.25, 9.03553],
			"rotation": {"angle": 0, "axis": "y", "origin": [8, 19.25, 8]},
			"faces": {
				"north": {"uv": [0, 0, 1, 1], "texture": "#0"},
				"east": {"uv": [0, 0, 1, 1], "texture": "#0"},
				"south": {"uv": [0, 0, 1, 1], "texture": "#0"},
				"west": {"uv": [0, 0, 1, 1], "texture": "#0"},
				"up": {"uv": [0, 0, 1, 1], "texture": "#0"},
				"down": {"uv": [0, 0, 1, 1], "texture": "#0"}
			}
		},
		{
			"name": "octagon",
			"from": [5.5, -2.25, 6.96447],
			"to": [10.5, -0.75, 9.03553],
			"rotation": {"angle": 0, "axis": "y", "origin": [8, -1.25, 8]},
			"faces": {
				"north": {"uv": [0, 1, 1, 0], "texture": "#0"},
				"east": {"uv": [0, 1, 1, 0], "texture": "#0"},
				"south": {"uv": [0, 1, 1, 0], "texture": "#0"},
				"west": {"uv": [0, 1, 1, 0], "texture": "#0"},
				"up": {"uv": [0, 1, 1, 0], "texture": "#0"},
				"down": {"uv": [0, 1, 1, 0], "texture": "#0"}
			}
		},
		{
			"from": [5.5, 6.5, 5.5],
			"to": [10.5, 11.5, 10.5],
			"rotation": {"angle": 0, "axis": "y", "origin": [16, 16.5, 15]},
			"faces": {
				"north": {"uv": [11, 5, 16, 0], "texture": "#0"},
				"east": {"uv": [11, 0, 16, 5], "texture": "#0"},
				"south": {"uv": [11, 0, 16, 5], "texture": "#0"},
				"west": {"uv": [11, 0, 16, 5], "texture": "#0"},
				"up": {"uv": [11, 0, 16, 5], "texture": "#0"},
				"down": {"uv": [11, 0, 16, 5], "texture": "#0"}
			}
		}
	],
	"display": {
		"thirdperson_righthand": {
			"translation": [0, -2, -3.5]
		},
		"thirdperson_lefthand": {
			"translation": [0, -2, -3.5]
		},
		"firstperson_righthand": {
			"translation": [0.5, 0, 0],
			"scale": [0.5, 0.5, 0.5]
		},
		"firstperson_lefthand": {
			"translation": [0.5, 0, 0],
			"scale": [0.5, 0.5, 0.5]
		},
		"ground": {
			"rotation": [0, 0, 90],
			"translation": [0.75, 4, 0]
		},
		"gui": {
			"translation": [0.75, -1, 0],
			"scale": [0.75, 0.75, 0.75]
		},
		"head": {
			"rotation": [0, 0, 90],
			"translation": [1, 0, 0]
		},
		"fixed": {
			"rotation": [90, 0, 0],
			"translation": [0.75, 0, -34],
			"scale": [3, 3, 3]
		}
	},
	"groups": [0, 1, 2, 3, 4, 5, 6, 7, 8, 9, 10, 11, 12, 13, 14, 15, 16, 17, 18, 19, 20, 21, 22, 23, 24, 25, 26, 27, 28, 29, 30, 31,
		{
			"name": "octagon",
			"origin": [8, 8, 8],
			"children": [32, 33, 34, 35, 36, 37, 38, 39]
		},
		{
			"name": "octagon",
			"origin": [8, 8, 8],
			"children": [40, 41, 42, 43, 44, 45, 46, 47]
		},
		{
			"name": "octagon",
			"origin": [8, 8, 8],
			"children": [48, 49, 50, 51, 52, 53, 54, 55]
		}, 56]
}