{
	"credit": "Made with Blockbench",
	"textures": {
		"0": "expansion:items/buggy_wheel",
		"particle": "expansion:items/buggy_wheel"
	},
	"elements": [
		{
			"from": [6, 0, 7],
			"to": [10, 1, 9],
			"rotation": {"angle": 0, "axis": "y", "origin": [16, 8, 15]},
			"faces": {
				"north": {"uv": [0, 0, 4, 1], "texture": "#0"},
				"east": {"uv": [0, 0, 2, 1], "texture": "#0"},
				"south": {"uv": [0, 0, 4, 1], "texture": "#0"},
				"west": {"uv": [0, 0, 2, 1], "texture": "#0"},
				"up": {"uv": [0, 0, 4, 2], "texture": "#0"},
				"down": {"uv": [0, 0, 4, 2], "texture": "#0"}
			}
		},
		{
			"from": [6, 8.65685, 7],
			"to": [10, 9.65685, 9],
			"rotation": {"angle": 0, "axis": "z", "origin": [10.61244, 5.91053, 8]},
			"faces": {
				"north": {"uv": [0, 0, 4, 1], "rotation": 180, "texture": "#0"},
				"east": {"uv": [0, 0, 2, 1], "rotation": 180, "texture": "#0"},
				"south": {"uv": [0, 0, 4, 1], "rotation": 180, "texture": "#0"},
				"west": {"uv": [0, 0, 2, 1], "rotation": 180, "texture": "#0"},
				"up": {"uv": [0, 0, 4, 2], "rotation": 180, "texture": "#0"},
				"down": {"uv": [0, 0, 4, 2], "rotation": 180, "texture": "#0"}
			}
		},
		{
			"from": [6, 0.65685, 7.5],
			"to": [10, 8.65685, 8.5],
			"rotation": {"angle": 0, "axis": "z", "origin": [10.61244, 4.91053, 8]},
			"faces": {
				"north": {"uv": [4, 0, 8, 8], "rotation": 180, "texture": "#0"},
				"east": {"uv": [0, 0, 1, 8], "rotation": 180, "texture": "#0"},
				"south": {"uv": [4, 0, 8, 8], "rotation": 180, "texture": "#0"},
				"west": {"uv": [0, 0, 1, 8], "rotation": 180, "texture": "#0"},
				"up": {"uv": [0, 0, 4, 1], "rotation": 180, "texture": "#0"},
				"down": {"uv": [0, 0, 4, 1], "rotation": 180, "texture": "#0"}
			}
		},
		{
			"from": [6, 0.65685, 7.5],
			"to": [10, 8.65685, 8.5],
			"rotation": {"angle": 45, "axis": "z", "origin": [8, 4.65685, 8]},
			"faces": {
				"north": {"uv": [4, 0, 8, 8], "rotation": 180, "texture": "#0"},
				"east": {"uv": [0, 0, 1, 8], "rotation": 180, "texture": "#0"},
				"south": {"uv": [4, 0, 8, 8], "rotation": 180, "texture": "#0"},
				"west": {"uv": [0, 0, 1, 8], "rotation": 180, "texture": "#0"},
				"up": {"uv": [0, 0, 4, 1], "rotation": 180, "texture": "#0"},
				"down": {"uv": [0, 0, 4, 1], "rotation": 180, "texture": "#0"}
			}
		},
		{
			"from": [4, 2.65685, 7.5],
			"to": [12, 6.65685, 8.5],
			"rotation": {"angle": 45, "axis": "z", "origin": [8, 4.65685, 8]},
			"faces": {
				"north": {"uv": [4, 0, 8, 8], "rotation": 270, "texture": "#0"},
				"east": {"uv": [0, 0, 4, 1], "rotation": 90, "texture": "#0"},
				"south": {"uv": [4, 0, 8, 8], "rotation": 90, "texture": "#0"},
				"west": {"uv": [0, 0, 4, 1], "rotation": 90, "texture": "#0"},
				"up": {"uv": [0, 0, 1, 8], "rotation": 90, "texture": "#0"},
				"down": {"uv": [0, 0, 1, 8], "rotation": 90, "texture": "#0"}
			}
		},
		{
			"from": [4, 2.65685, 7.5],
			"to": [12, 6.65685, 8.5],
			"rotation": {"angle": 0, "axis": "z", "origin": [8, 4.65685, 8]},
			"faces": {
				"north": {"uv": [4, 0, 8, 8], "rotation": 270, "texture": "#0"},
				"east": {"uv": [0, 0, 4, 1], "rotation": 90, "texture": "#0"},
				"south": {"uv": [4, 0, 8, 8], "rotation": 90, "texture": "#0"},
				"west": {"uv": [0, 0, 4, 1], "rotation": 90, "texture": "#0"},
				"up": {"uv": [0, 0, 1, 8], "rotation": 90, "texture": "#0"},
				"down": {"uv": [0, 0, 1, 8], "rotation": 90, "texture": "#0"}
			}
		},
		{
			"from": [3.17157, 2.82843, 7],
			"to": [4.17157, 6.82843, 9],
			"rotation": {"angle": 0, "axis": "z", "origin": [4.30546, 6.35876, 8]},
			"faces": {
				"north": {"uv": [0, 0, 4, 1], "rotation": 270, "texture": "#0"},
				"east": {"uv": [0, 0, 4, 2], "rotation": 90, "texture": "#0"},
				"south": {"uv": [0, 0, 4, 1], "rotation": 90, "texture": "#0"},
				"west": {"uv": [0, 0, 4, 2], "rotation": 90, "texture": "#0"},
				"up": {"uv": [0, 0, 2, 1], "rotation": 90, "texture": "#0"},
				"down": {"uv": [0, 0, 2, 1], "rotation": 90, "texture": "#0"}
			}
		},
		{
			"from": [11.82843, 2.82843, 7],
			"to": [12.82843, 6.82843, 9],
			"rotation": {"angle": 0, "axis": "z", "origin": [10.61244, 5.91053, 8]},
			"faces": {
				"north": {"uv": [0, 0, 4, 1], "rotation": 90, "texture": "#0"},
				"east": {"uv": [0, 0, 4, 2], "rotation": 270, "texture": "#0"},
				"south": {"uv": [0, 0, 4, 1], "rotation": 270, "texture": "#0"},
				"west": {"uv": [0, 0, 4, 2], "rotation": 270, "texture": "#0"},
				"up": {"uv": [0, 0, 2, 1], "rotation": 270, "texture": "#0"},
				"down": {"uv": [0, 0, 2, 1], "rotation": 270, "texture": "#0"}
			}
		},
		{
			"from": [7, 3.82843, 7.25],
			"to": [9, 5.82843, 8.75],
			"rotation": {"angle": -45, "axis": "z", "origin": [8, 4.82843, 8]},
			"faces": {
				"north": {"uv": [0, 0, 2, 2], "rotation": 90, "texture": "#0"},
				"east": {"uv": [0, 0, 2, 1.5], "rotation": 270, "texture": "#0"},
				"south": {"uv": [0, 0, 2, 2], "rotation": 270, "texture": "#0"},
				"west": {"uv": [0, 0, 2, 1.5], "rotation": 270, "texture": "#0"},
				"up": {"uv": [0, 0, 1.5, 2], "rotation": 270, "texture": "#0"},
				"down": {"uv": [0, 0, 1.5, 2], "rotation": 270, "texture": "#0"}
			}
		},
		{
			"from": [7, 3.82843, 7.25],
			"to": [9, 5.82843, 8.75],
			"rotation": {"angle": 0, "axis": "z", "origin": [8, 4.82843, 8]},
			"faces": {
				"north": {"uv": [0, 0, 2, 2], "texture": "#0"},
				"east": {"uv": [0, 0, 1.5, 2], "texture": "#0"},
				"south": {"uv": [0, 0, 2, 2], "texture": "#0"},
				"west": {"uv": [0, 0, 1.5, 2], "texture": "#0"},
				"up": {"uv": [0, 0, 2, 1.5], "texture": "#0"},
				"down": {"uv": [0, 0, 2, 1.5], "texture": "#0"}
			}
		},
		{
			"from": [2.93934, 1.26777, 7],
			"to": [6.93934, 2.26777, 9],
			"rotation": {"angle": -45, "axis": "z", "origin": [4.93934, 1.76777, 8]},
			"faces": {
				"north": {"uv": [0, 0, 4, 1], "texture": "#0"},
				"east": {"uv": [0, 0, 2, 1], "texture": "#0"},
				"south": {"uv": [0, 0, 4, 1], "texture": "#0"},
				"west": {"uv": [0, 0, 2, 1], "texture": "#0"},
				"up": {"uv": [0, 0, 4, 2], "texture": "#0"},
				"down": {"uv": [0, 0, 4, 2], "texture": "#0"}
			}
		},
		{
			"from": [7.53033, 7.12652, 7],
			"to": [11.53033, 8.12652, 9],
			"rotation": {"angle": -45, "axis": "z", "origin": [10.61244, 5.91053, 8]},
			"faces": {
				"north": {"uv": [0, 0, 4, 1], "rotation": 180, "texture": "#0"},
				"east": {"uv": [0, 0, 2, 1], "rotation": 180, "texture": "#0"},
				"south": {"uv": [0, 0, 4, 1], "rotation": 180, "texture": "#0"},
				"west": {"uv": [0, 0, 2, 1], "rotation": 180, "texture": "#0"},
				"up": {"uv": [0, 0, 4, 2], "rotation": 180, "texture": "#0"},
				"down": {"uv": [0, 0, 4, 2], "rotation": 180, "texture": "#0"}
			}
		},
		{
			"from": [3.17157, 5.88909, 7],
			"to": [4.17157, 9.88909, 9],
			"rotation": {"angle": -45, "axis": "z", "origin": [4.30546, 6.35876, 8]},
			"faces": {
				"north": {"uv": [0, 0, 4, 1], "rotation": 270, "texture": "#0"},
				"east": {"uv": [0, 0, 4, 2], "rotation": 90, "texture": "#0"},
				"south": {"uv": [0, 0, 4, 1], "rotation": 90, "texture": "#0"},
				"west": {"uv": [0, 0, 4, 2], "rotation": 90, "texture": "#0"},
				"up": {"uv": [0, 0, 2, 1], "rotation": 90, "texture": "#0"},
				"down": {"uv": [0, 0, 2, 1], "rotation": 90, "texture": "#0"}
			}
		},
		{
			"from": [13.35876, 1.2981, 7],
			"to": [14.35876, 5.2981, 9],
			"rotation": {"angle": -45, "axis": "z", "origin": [10.61244, 5.91053, 8]},
			"faces": {
				"north": {"uv": [0, 0, 4, 1], "rotation": 90, "texture": "#0"},
				"east": {"uv": [0, 0, 4, 2], "rotation": 270, "texture": "#0"},
				"south": {"uv": [0, 0, 4, 1], "rotation": 270, "texture": "#0"},
				"west": {"uv": [0, 0, 4, 2], "rotation": 270, "texture": "#0"},
				"up": {"uv": [0, 0, 2, 1], "rotation": 270, "texture": "#0"},
				"down": {"uv": [0, 0, 2, 1], "rotation": 270, "texture": "#0"}
			}
		}
	],
	"display": {
		"thirdperson_righthand": {
			"rotation": [90, 90, 0],
			"translation": [0, -2, 0]
		},
		"thirdperson_lefthand": {
			"rotation": [90, 90, 0],
			"translation": [0, -2, 0]
		},
		"firstperson_righthand": {
			"rotation": [90, 90, 0]
		},
		"firstperson_lefthand": {
			"rotation": [90, 90, 0]
		},
		"ground": {
			"translation": [0, 7, 0]
		},
		"gui": {
			"translation": [0, 4.5, 0],
			"scale": [1.25, 1.25, 1.25]
		},
		"fixed": {
			"translation": [0, 4.75, 0],
			"scale": [1.5, 1.5, 1.5]
		}
	}
}