{
	"credit": "Made with Blockbench",
	"textures": {
		"0": "expansion:items/oxygen_tank",
		"particle": "expansion:items/oxygen_tank"
	},
	"elements": [
		{
			"name": "octagon",
			"from": [6.96447, 0, 5.5],
			"to": [9.03553, 13, 10.5],
			"rotation": {"angle": 45, "axis": "y", "origin": [8, 8.5, 8]},
			"faces": {
				"north": {"uv": [0, 0, 2.07107, 13], "texture": "#0"},
				"east": {"uv": [0, 0, 5, 13], "texture": "#0"},
				"south": {"uv": [0, 0, 2.07107, 13], "texture": "#0"},
				"west": {"uv": [0, 0, 5, 13], "texture": "#0"},
				"up": {"uv": [3, 0, 4, 1], "texture": "#0"},
				"down": {"uv": [0, 0, 1, 1], "texture": "#0"}
			}
		},
		{
			"name": "octagon",
			"from": [6.96447, 0, 5.5],
			"to": [9.03553, 13, 10.5],
			"rotation": {"angle": 0, "axis": "y", "origin": [8, 8.5, 8]},
			"faces": {
				"north": {"uv": [0, 0, 2.07107, 13], "texture": "#0"},
				"east": {"uv": [0, 0, 5, 13], "texture": "#0"},
				"south": {"uv": [0, 0, 2.07107, 13], "texture": "#0"},
				"west": {"uv": [0, 0, 5, 13], "texture": "#0"},
				"up": {"uv": [0, 0, 1, 1], "texture": "#0"},
				"down": {"uv": [0, 0, 1, 1], "texture": "#0"}
			}
		},
		{
			"name": "octagon",
			"from": [5.5, 0, 6.96447],
			"to": [10.5, 13, 9.03553],
			"rotation": {"angle": 45, "axis": "y", "origin": [8, 8.5, 8]},
			"faces": {
				"north": {"uv": [0, 0, 5, 13], "texture": "#0"},
				"east": {"uv": [0, 0, 2.07107, 13], "texture": "#0"},
				"south": {"uv": [0, 0, 5, 13], "texture": "#0"},
				"west": {"uv": [0, 0, 2.07107, 13], "texture": "#0"},
				"up": {"uv": [3, 0, 4, 1], "texture": "#0"},
				"down": {"uv": [0, 0, 1, 1], "texture": "#0"}
			}
		},
		{
			"name": "octagon",
			"from": [5.5, 0, 6.96447],
			"to": [10.5, 13, 9.03553],
			"rotation": {"angle": 0, "axis": "y", "origin": [8, 6.5, 8]},
			"faces": {
				"north": {"uv": [0, 0, 5, 13], "texture": "#0"},
				"east": {"uv": [0, 0, 2.07107, 13], "texture": "#0"},
				"south": {"uv": [0, 0, 5, 13], "texture": "#0"},
				"west": {"uv": [0, 0, 2.07107, 13], "texture": "#0"},
				"up": {"uv": [0, 0, 1, 1], "texture": "#0"},
				"down": {"uv": [0, 0, 1, 1], "texture": "#0"}
			}
		},
		{
			"from": [6.9, 13, 6.9],
			"to": [9.1, 15.2, 9.1],
			"rotation": {"angle": 0, "axis": "y", "origin": [15, 21, 16]},
			"faces": {
				"north": {"uv": [3, 3, 5.2, 5.2], "texture": "#0"},
				"east": {"uv": [3, 3, 5.2, 5.2], "texture": "#0"},
				"south": {"uv": [3, 3, 5.2, 5.2], "texture": "#0"},
				"west": {"uv": [3, 3, 5.2, 5.2], "texture": "#0"},
				"up": {"uv": [3, 3, 5.2, 5.2], "texture": "#0"},
				"down": {"uv": [0, 0, 2.2, 2.2], "texture": "#0"}
			}
		},
		{
			"from": [7.75, 15, 7.75],
			"to": [8.25, 16, 8.25],
			"rotation": {"angle": 0, "axis": "y", "origin": [15.5, 23, 16]},
			"faces": {
				"north": {"uv": [6, 0, 6.5, 1], "texture": "#0"},
				"east": {"uv": [6, 0, 6.5, 1], "texture": "#0"},
				"south": {"uv": [6, 0, 6.5, 1], "texture": "#0"},
				"west": {"uv": [6, 0, 6.5, 1], "texture": "#0"},
				"up": {"uv": [0, 0, 0.5, 0.5], "texture": "#0"},
				"down": {"uv": [0, 0, 0.5, 0.5], "texture": "#0"}
			}
		},
		{
			"from": [7, 16, 7.5],
			"to": [9, 16.25, 8.5],
			"rotation": {"angle": 0, "axis": "y", "origin": [15.5, 24, 16]},
			"faces": {
				"north": {"uv": [6, 0, 7, 0.25], "texture": "#0"},
				"east": {"uv": [6, 0, 8, 0.25], "texture": "#0"},
				"south": {"uv": [6, 0, 8, 0.25], "texture": "#0"},
				"west": {"uv": [6, 0, 7, 0.25], "texture": "#0"},
				"up": {"uv": [6, 0, 8, 1], "texture": "#0"},
				"down": {"uv": [6, 0, 8, 1], "texture": "#0"}
			}
		},
		{
			"from": [7.5, 16, 7],
			"to": [8.5, 16.25, 9],
			"rotation": {"angle": 0, "axis": "y", "origin": [8, 16.125, 8]},
			"faces": {
				"north": {"uv": [6, 0, 7, 0.25], "texture": "#0"},
				"east": {"uv": [6, 0, 8, 0.25], "texture": "#0"},
				"south": {"uv": [6, 0, 8, 0.25], "texture": "#0"},
				"west": {"uv": [6, 0, 7, 0.25], "texture": "#0"},
				"up": {"uv": [6, 0, 8, 1], "rotation": 270, "texture": "#0"},
				"down": {"uv": [6, 0, 8, 1], "rotation": 90, "texture": "#0"}
			}
		},
		{
			"from": [8.58579, 12.20711, 6.96443],
			"to": [9.58579, 15.20711, 9.03553],
			"rotation": {"angle": 45, "axis": "z", "origin": [9.08579, 13.70711, 7.99998]},
			"faces": {
				"north": {"uv": [3, 0, 4, 3], "texture": "#0"},
				"east": {"uv": [3, 0, 5.071, 3], "texture": "#0"},
				"south": {"uv": [3, 0, 4, 3], "texture": "#0"},
				"west": {"uv": [0, 0, 2.0711, 3], "texture": "#0"},
				"up": {"uv": [0, 0, 1, 2.0711], "texture": "#0"},
				"down": {"uv": [0, 0, 1, 2.0711], "texture": "#0"}
			}
		},
		{
			"from": [6.41421, 12.20711, 6.96443],
			"to": [7.41421, 15.20711, 9.03553],
			"rotation": {"angle": -45, "axis": "z", "origin": [6.91421, 13.70711, 7.99998]},
			"faces": {
				"north": {"uv": [4, 0, 3, 3], "texture": "#0"},
				"east": {"uv": [2.0711, 0, 0, 3], "texture": "#0"},
				"south": {"uv": [4, 0, 3, 3], "texture": "#0"},
				"west": {"uv": [5.071, 0, 3, 3], "texture": "#0"},
				"up": {"uv": [1, 0, 0, 2.0711], "texture": "#0"},
				"down": {"uv": [1, 0, 0, 2.0711], "texture": "#0"}
			}
		},
		{
			"from": [6.96447, 12.06066, 6.76777],
			"to": [9.03557, 15.06066, 7.76777],
			"rotation": {"angle": 45, "axis": "x", "origin": [7.96447, 14.06066, 7.26777]},
			"faces": {
				"north": {"uv": [3, 0, 5.071, 3], "texture": "#0"},
				"east": {"uv": [3, 0, 4, 3], "texture": "#0"},
				"south": {"uv": [0, 0, 2.0711, 3], "texture": "#0"},
				"west": {"uv": [3, 0, 4, 3], "texture": "#0"},
				"up": {"uv": [0, 0, 2.0711, 1], "texture": "#0"},
				"down": {"uv": [0, 0, 2.0711, 1], "texture": "#0"}
			}
		},
		{
			"from": [6.96447, 12.20711, 8.58579],
			"to": [9.03557, 15.20711, 9.58579],
			"rotation": {"angle": -45, "axis": "x", "origin": [8.00002, 13.70711, 9.08579]},
			"faces": {
				"north": {"uv": [2.0711, 0, 4.1422, 3], "texture": "#0"},
				"east": {"uv": [3, 0, 4, 3], "texture": "#0"},
				"south": {"uv": [3, 0, 5.071, 3], "texture": "#0"},
				"west": {"uv": [3, 0, 4, 3], "texture": "#0"},
				"up": {"uv": [0, 1, 2.0711, 2], "texture": "#0"},
				"down": {"uv": [0, 1, 2.0711, 2], "texture": "#0"}
			}
		}
	],
	"display": {
		"ground": {
			"translation": [0, 7, 0]
		},
		"gui": {
			"rotation": [0, 0, -45],
			"translation": [0.25, 1, 0]
		},
		"head": {
			"translation": [0, -13.25, 0],
			"scale": [4, 4, 4]
		},
		"fixed": {
			"rotation": [-90, 0, 0],
			"translation": [0, 0, -16],
			"scale": [2, 2, 2]
		}
	},
	"groups": [
		{
			"name": "octagon",
			"origin": [8, 8, 8],
			"children": [0, 1, 2, 3]
		}, 4, 5, 6, 7, 8, 9, 10, 11]
}