{
	"credit": "Made with Blockbench",
	"textures": {
		"0": "expansion:items/processing_unit",
		"particle": "expansion:items/processing_unit"
	},
	"elements": [
		{
			"from": [0, 7, 4],
			"to": [16, 8, 12],
			"rotation": {"angle": 0, "axis": "y", "origin": [8, 15, 12]},
			"faces": {
				"north": {"uv": [0, 8, 16, 9], "texture": "#0"},
				"east": {"uv": [0, 8, 8, 9], "texture": "#0"},
				"south": {"uv": [0, 8, 16, 9], "texture": "#0"},
				"west": {"uv": [0, 8, 8, 9], "texture": "#0"},
				"up": {"uv": [0, 0, 16, 8], "texture": "#0"},
				"down": {"uv": [0, 0, 16, 8], "texture": "#0"}
			}
		}
	],
	"display": {
		"thirdperson_righthand": {
			"rotation": [90, 90, 0],
			"translation": [0, 2, 0.75],
			"scale": [0.3, 0.3, 0.3]
		},
		"thirdperson_lefthand": {
			"rotation": [90, 90, 0],
			"translation": [0, 2, 0.75],
			"scale": [0.3, 0.3, 0.3]
		},
		"firstperson_righthand": {
			"rotation": [90, 0, 90]
		},
		"firstperson_lefthand": {
			"rotation": [90, 0, 90]
		},
		"ground": {
			"rotation": [90, 0, 0],
			"scale": [0.6, 0.6, 0.6]
		},
		"gui": {
			"rotation": [90, 0, 0]
		},
		"fixed": {
			"rotation": [90, 0, 0],
			"scale": [0.6, 0.6, 0.6]
		}
	}
}