{
	"credit": "Made with Blockbench",
	"textures": {
		"0": "expansion:items/rocket_top",
		"particle": "expansion:items/rocket_top"
	},
	"elements": [
		{
			"from": [0, 7, 11],
			"to": [16, 8, 16],
			"rotation": {"angle": 0, "axis": "y", "origin": [8, 8, 6]},
			"faces": {
				"north": {"uv": [0, 0, 16, 1], "texture": "#0"},
				"east": {"uv": [0, 0, 5, 1], "texture": "#0"},
				"south": {"uv": [7, 0, 16, 1], "texture": "#0"},
				"west": {"uv": [1, 0, 6, 1], "texture": "#0"},
				"up": {"uv": [0, 0, 5, 16], "rotation": 270, "texture": "#0"},
				"down": {"uv": [0, 0, 5, 16], "rotation": 90, "texture": "#0"}
			}
		},
		{
			"from": [1, 7, 9],
			"to": [15, 8, 11],
			"rotation": {"angle": 0, "axis": "y", "origin": [8, 8, 6]},
			"faces": {
				"north": {"uv": [0, 0, 14, 1], "texture": "#0"},
				"east": {"uv": [0, 0, 2, 1], "texture": "#0"},
				"south": {"uv": [0, 0, 14, 1], "texture": "#0"},
				"west": {"uv": [0, 0, 2, 1], "texture": "#0"},
				"up": {"uv": [5, 0, 7, 14], "rotation": 270, "texture": "#0"},
				"down": {"uv": [5, 0, 7, 14], "rotation": 90, "texture": "#0"}
			}
		},
		{
			"from": [2, 7, 7],
			"to": [14, 8, 9],
			"rotation": {"angle": 0, "axis": "y", "origin": [8, 8, 6]},
			"faces": {
				"north": {"uv": [0, 0, 12, 1], "texture": "#0"},
				"east": {"uv": [0, 0, 2, 1], "texture": "#0"},
				"south": {"uv": [0, 0, 12, 1], "texture": "#0"},
				"west": {"uv": [0, 0, 2, 1], "texture": "#0"},
				"up": {"uv": [7, 0, 9, 12], "rotation": 270, "texture": "#0"},
				"down": {"uv": [7, 0, 9, 12], "rotation": 90, "texture": "#0"}
			}
		},
		{
			"from": [3, 7, 5],
			"to": [13, 8, 7],
			"rotation": {"angle": 0, "axis": "y", "origin": [8, 8, 6]},
			"faces": {
				"north": {"uv": [0, 0, 10, 1], "texture": "#0"},
				"east": {"uv": [0, 0, 2, 1], "texture": "#0"},
				"south": {"uv": [0, 0, 10, 1], "texture": "#0"},
				"west": {"uv": [0, 0, 2, 1], "texture": "#0"},
				"up": {"uv": [9, 0, 11, 10], "rotation": 270, "texture": "#0"},
				"down": {"uv": [9, 0, 11, 10], "rotation": 90, "texture": "#0"}
			}
		},
		{
			"from": [4, 7, 3],
			"to": [12, 8, 5],
			"rotation": {"angle": 0, "axis": "y", "origin": [8, 8, 6]},
			"faces": {
				"north": {"uv": [0, 0, 8, 1], "texture": "#0"},
				"east": {"uv": [0, 0, 2, 1], "texture": "#0"},
				"south": {"uv": [0, 0, 8, 1], "texture": "#0"},
				"west": {"uv": [0, 0, 2, 1], "texture": "#0"},
				"up": {"uv": [12, 0, 14, 8], "rotation": 270, "texture": "#0"},
				"down": {"uv": [12, 0, 14, 8], "rotation": 90, "texture": "#0"}
			}
		},
		{
			"from": [5, 7, 1],
			"to": [11, 8, 3],
			"rotation": {"angle": 0, "axis": "y", "origin": [8, 8, 6]},
			"faces": {
				"north": {"uv": [0, 0, 6, 1], "texture": "#0"},
				"east": {"uv": [0, 0, 2, 1], "texture": "#0"},
				"south": {"uv": [0, 0, 6, 1], "texture": "#0"},
				"west": {"uv": [0, 0, 2, 1], "texture": "#0"},
				"up": {"uv": [14, 0, 16, 6], "rotation": 270, "texture": "#0"},
				"down": {"uv": [14, 0, 16, 6], "rotation": 90, "texture": "#0"}
			}
		},
		{
			"from": [6, 7, 0],
			"to": [10, 8, 1],
			"rotation": {"angle": 0, "axis": "y", "origin": [8, 8, 6]},
			"faces": {
				"north": {"uv": [5, 0, 9, 1], "texture": "#0"},
				"east": {"uv": [0, 0, 1, 1], "texture": "#0"},
				"south": {"uv": [0, 0, 4, 1], "texture": "#0"},
				"west": {"uv": [0, 0, 1, 1], "texture": "#0"},
				"up": {"uv": [15, 12, 16, 16], "rotation": 270, "texture": "#0"},
				"down": {"uv": [0, 0, 1, 4], "rotation": 90, "texture": "#0"}
			}
		}
	],
	"display": {
		"thirdperson_righthand": {
			"rotation": [90, 0, 0],
			"translation": [0, 2.25, 0.75],
			"scale": [0.3, 0.3, 0.3]
		},
		"thirdperson_lefthand": {
			"rotation": [90, 0, 0],
			"scale": [0.3, 0.3, 0.3]
		},
		"firstperson_righthand": {
			"rotation": [90, 0, 90],
			"translation": [2.75, 2, 0],
			"scale": [0.6, 0.6, 0.6]
		},
		"firstperson_lefthand": {
			"rotation": [90, 0, 90],
			"translation": [2.75, 2, 0],
			"scale": [0.6, 0.6, 0.6]
		},
		"ground": {
			"rotation": [90, 0, 0],
			"translation": [0, 3.75, 0],
			"scale": [0.6, 0.6, 0.6]
		},
		"gui": {
			"rotation": [90, 0, 0]
		},
		"head": {
			"translation": [0, 7.5, 0]
		},
		"fixed": {
			"rotation": [90, 0, 0]
		}
	}
}