{
	"credit": "Made with Blockbench",
	"textures": {
		"2": "expansion:items/steel_ingot",
		"particle": "expansion:items/steel_ingot"
	},
	"elements": [
		{
			"from": [10, 0, 1],
			"to": [11, 1, 15],
			"rotation": {"angle": 0, "axis": "y", "origin": [13.5, 0.5, 3]},
			"faces": {
				"north": {"uv": [1, 5, 2, 6], "texture": "#2"},
				"east": {"uv": [1, 5, 4, 6], "texture": "#2"},
				"south": {"uv": [2, 5, 3, 6], "texture": "#2"},
				"west": {"uv": [0, 0, 16, 1], "texture": "#2"},
				"up": {"uv": [15, 6, 1, 5], "rotation": 270, "texture": "#2"},
				"down": {"uv": [15, 6, 1, 5], "rotation": 90, "texture": "#2"}
			}
		},
		{
			"from": [5, 0, 0],
			"to": [6, 1, 15],
			"rotation": {"angle": 0, "axis": "y", "origin": [8.5, 0.5, 3]},
			"faces": {
				"north": {"uv": [0, 6, 1, 7], "texture": "#2"},
				"east": {"uv": [0, 0, 16, 1], "texture": "#2"},
				"south": {"uv": [14, 10, 15, 11], "texture": "#2"},
				"west": {"uv": [0, 10, 15, 11], "texture": "#2"},
				"up": {"uv": [15, 11, 0, 10], "rotation": 270, "texture": "#2"},
				"down": {"uv": [15, 11, 0, 10], "rotation": 90, "texture": "#2"}
			}
		},
		{
			"from": [4, 0, 1],
			"to": [5, 1, 13],
			"rotation": {"angle": 0, "axis": "y", "origin": [7.5, 0.5, 3]},
			"faces": {
				"north": {"uv": [13, 4, 14, 5], "texture": "#2"},
				"east": {"uv": [0, 0, 16, 1], "texture": "#2"},
				"south": {"uv": [9, 12, 10, 13], "texture": "#2"},
				"west": {"uv": [1, 11, 13, 12], "texture": "#2"},
				"up": {"uv": [13, 12, 1, 11], "rotation": 270, "texture": "#2"},
				"down": {"uv": [13, 12, 1, 11], "rotation": 90, "texture": "#2"}
			}
		},
		{
			"from": [2, 0, 3],
			"to": [3, 1, 7],
			"rotation": {"angle": 0, "axis": "y", "origin": [5.5, 0.5, 3]},
			"faces": {
				"north": {"uv": [11, 2, 12, 3], "texture": "#2"},
				"east": {"uv": [0, 0, 16, 1], "texture": "#2"},
				"south": {"uv": [6, 13, 7, 14], "texture": "#2"},
				"west": {"uv": [3, 13, 7, 14], "texture": "#2"},
				"up": {"uv": [7, 14, 3, 13], "rotation": 270, "texture": "#2"},
				"down": {"uv": [7, 13, 3, 14], "rotation": 90, "texture": "#2"}
			}
		},
		{
			"from": [3, 0, 2],
			"to": [4, 1, 10],
			"rotation": {"angle": 0, "axis": "y", "origin": [6.5, 0.5, 3]},
			"faces": {
				"north": {"uv": [12, 3, 13, 4], "texture": "#2"},
				"east": {"uv": [0, 0, 16, 1], "texture": "#2"},
				"south": {"uv": [7, 12, 8, 13], "texture": "#2"},
				"west": {"uv": [2, 12, 10, 13], "texture": "#2"},
				"up": {"uv": [10, 13, 2, 12], "rotation": 270, "texture": "#2"},
				"down": {"uv": [10, 12, 2, 13], "rotation": 90, "texture": "#2"}
			}
		},
		{
			"from": [9, 0, 0],
			"to": [10, 1, 16],
			"rotation": {"angle": 0, "axis": "y", "origin": [12.5, 0.5, 0]},
			"faces": {
				"north": {"uv": [0, 7, 1, 11], "texture": "#2"},
				"east": {"uv": [0, 6, 16, 7], "texture": "#2"},
				"south": {"uv": [15, 6, 16, 7], "texture": "#2"},
				"west": {"uv": [0, 9, 16, 10], "texture": "#2"},
				"up": {"uv": [16, 7, 0, 6], "rotation": 270, "texture": "#2"},
				"down": {"uv": [16, 6, 0, 7], "rotation": 90, "texture": "#2"}
			}
		},
		{
			"from": [6, 0, 0],
			"to": [9, 1, 16],
			"rotation": {"angle": 0, "axis": "y", "origin": [9.5, 0.5, 0]},
			"faces": {
				"north": {"uv": [0, 7, 1, 11], "texture": "#2"},
				"east": {"uv": [0, 6, 16, 7], "texture": "#2"},
				"south": {"uv": [15, 7, 16, 10], "texture": "#2"},
				"west": {"uv": [0, 9, 16, 10], "texture": "#2"},
				"up": {"uv": [16, 10, 0, 7], "rotation": 270, "texture": "#2"},
				"down": {"uv": [16, 7, 0, 10], "rotation": 90, "texture": "#2"}
			}
		},
		{
			"from": [11, 0, 4],
			"to": [12, 1, 14],
			"rotation": {"angle": 0, "axis": "y", "origin": [14.5, 0.5, 3]},
			"faces": {
				"north": {"uv": [4, 4, 5, 5], "texture": "#2"},
				"east": {"uv": [4, 4, 7, 5], "texture": "#2"},
				"south": {"uv": [13, 4, 14, 5], "texture": "#2"},
				"west": {"uv": [0, 0, 16, 1], "texture": "#2"},
				"up": {"uv": [14, 5, 4, 4], "rotation": 270, "texture": "#2"},
				"down": {"uv": [14, 5, 4, 4], "rotation": 90, "texture": "#2"}
			}
		},
		{
			"from": [12, 0, 7],
			"to": [13, 1, 13],
			"rotation": {"angle": 0, "axis": "y", "origin": [15.5, 0.5, 3]},
			"faces": {
				"north": {"uv": [7, 3, 8, 4], "texture": "#2"},
				"east": {"uv": [7, 3, 10, 4], "texture": "#2"},
				"south": {"uv": [12, 3, 13, 4], "texture": "#2"},
				"west": {"uv": [0, 0, 16, 1], "texture": "#2"},
				"up": {"uv": [13, 4, 7, 3], "rotation": 270, "texture": "#2"},
				"down": {"uv": [13, 4, 7, 3], "rotation": 90, "texture": "#2"}
			}
		},
		{
			"from": [13, 0, 10],
			"to": [14, 1, 12],
			"rotation": {"angle": 0, "axis": "y", "origin": [16.5, 0.5, 3]},
			"faces": {
				"north": {"uv": [10, 2, 11, 3], "texture": "#2"},
				"east": {"uv": [10, 2, 12, 3], "texture": "#2"},
				"south": {"uv": [10, 2, 11, 3], "texture": "#2"},
				"west": {"uv": [0, 0, 16, 1], "texture": "#2"},
				"up": {"uv": [12, 3, 10, 2], "rotation": 270, "texture": "#2"},
				"down": {"uv": [12, 3, 10, 2], "rotation": 90, "texture": "#2"}
			}
		}
	],
	"display": {
		"thirdperson_righthand": {
			"rotation": [90, 90, 0],
			"translation": [-0.25, 2.75, 4.5],
			"scale": [0.5, 0.5, 0.5]
		},
		"thirdperson_lefthand": {
			"rotation": [90, -90, 0],
			"translation": [-0.25, 2.75, 4.5],
			"scale": [0.5, 0.5, 0.5]
		},
		"firstperson_righthand": {
			"rotation": [-22.5, 0, 90],
			"translation": [0, -0.5, -4.5]
		},
		"firstperson_lefthand": {
			"rotation": [-22.5, -180, -90],
			"translation": [0, -0.5, -4.5]
		},
		"ground": {
			"rotation": [90, 90, 0],
			"translation": [0, 2, 4],
			"scale": [0.5, 0.5, 0.5]
		},
		"gui": {
			"rotation": [90, 90, 0]
		},
		"head": {
			"translation": [0, 14.5, 0]
		},
		"fixed": {
			"rotation": [-90, -90, 0],
			"translation": [0, 0, -9]
		}
	}
}